Date,Div,HomeTeam,AwayTeam,FTHG,FTAG,FTR,HST,AST
2022-07-29,E1,Huddersfield,Burnley,0,1,A,0,7
2022-07-30,E3,AFC Wimbledon,Gillingham,2,0,H,5,1
2022-07-30,E1,Wigan,Preston,0,0,D,5,2
2022-07-30,E1,Middlesbrough,West Brom,1,1,D,2,5
2022-07-30,E3,Bradford,Doncaster,0,0,D,2,1
2022-07-30,E2,Wycombe,Burton,3,0,H,7,1
2022-07-30,E2,Sheffield Weds,Portsmouth,3,3,D,6,5
2022-07-30,E2,Bristol Rvs,Forest Green,1,2,A,3,7
2022-07-30,E2,Port Vale,Fleetwood Town,2,1,H,2,2
2022-07-30,E2,Morecambe,Shrewsbury,0,0,D,2,1
2022-07-30,E2,Lincoln,Exeter,1,1,D,2,2
2022-07-30,E2,Ipswich,Bolton,1,1,D,5,1
2022-07-30,E2,Derby,Oxford,1,0,H,4,2
2022-07-30,E2,Cheltenham,Peterboro,2,3,A,5,6
2022-07-30,E2,Cambridge,Milton Keynes Dons,1,0,H,3,0
2022-07-30,E2,Plymouth,Barnsley,1,0,H,5,1
2022-07-30,E1,Millwall,Stoke,2,0,H,5,2
2022-07-30,E1,Rotherham,Swansea,1,1,D,8,5
2022-07-30,E1,Hull,Bristol City,2,1,H,4,4
2022-07-30,E3,Carlisle,Crawley Town,1,0,H,8,0
2022-07-30,E3,Harrogate,Swindon,3,0,H,5,1
2022-07-30,E3,Leyton Orient,Grimsby,2,0,H,5,6
2022-07-30,E3,Northampton,Colchester,3,2,H,4,4
2022-07-30,E3,Rochdale,Crewe,1,2,A,4,3
2022-07-30,E3,Salford,Mansfield,2,0,H,3,4
2022-07-30,E3,Stockport,Barrow,2,3,A,5,7
2022-07-30,E1,Luton,Birmingham,0,0,D,4,3
2022-07-30,E3,Sutton,Newport County,1,1,D,3,3
2022-07-30,E3,Walsall,Hartlepool,4,0,H,11,2
2022-07-30,E1,Blackburn,QPR,1,0,H,4,0
2022-07-30,E1,Blackpool,Reading,1,0,H,5,3
2022-07-30,E1,Cardiff,Norwich,1,0,H,2,1
2022-07-30,E3,Tranmere,Stevenage,1,2,A,4,10
2022-07-30,E2,Accrington,Charlton,2,2,D,6,3
2022-07-31,E1,Sunderland,Coventry,1,1,D,5,2
2022-08-01,E1,Watford,Sheffield United,1,0,H,4,3
2022-08-05,E1,Birmingham,Huddersfield,2,1,H,6,2
2022-08-05,E0,Crystal Palace,Arsenal,0,2,A,2,2
2022-08-06,E2,Exeter,Port Vale,4,0,H,7,2
2022-08-06,E2,Portsmouth,Lincoln,0,0,D,6,0
2022-08-06,E1,Swansea,Blackburn,0,3,A,5,4
2022-08-06,E1,Stoke,Blackpool,2,0,H,7,0
2022-08-06,E1,Sheffield United,Millwall,2,0,H,6,1
2022-08-06,E1,Reading,Cardiff,2,1,H,2,2
2022-08-06,E1,QPR,Middlesbrough,3,2,H,5,3
2022-08-06,E1,Preston,Hull,0,0,D,6,1
2022-08-06,E1,Burnley,Luton,1,1,D,1,2
2022-08-06,E1,Bristol City,Sunderland,2,3,A,5,6
2022-08-06,E1,Norwich,Wigan,1,1,D,4,3
2022-08-06,E2,Bolton,Wycombe,3,0,H,6,3
2022-08-06,E2,Burton,Bristol Rvs,0,4,A,1,5
2022-08-06,E2,Charlton,Derby,1,0,H,7,2
2022-08-06,E3,Swindon,Salford,0,0,D,2,4
2022-08-06,E2,Fleetwood Town,Plymouth,2,1,H,4,5
2022-08-06,E2,Forest Green,Ipswich,1,2,A,5,10
2022-08-06,E2,Milton Keynes Dons,Sheffield Weds,0,1,A,5,4
2022-08-06,E3,Stevenage,Stockport,2,1,H,3,2
2022-08-06,E2,Oxford,Cambridge,1,0,H,6,0
2022-08-06,E3,Newport County,Walsall,0,1,A,2,0
2022-08-06,E3,Hartlepool,AFC Wimbledon,0,0,D,2,4
2022-08-06,E0,Fulham,Liverpool,2,2,D,3,4
2022-08-06,E0,Bournemouth,Aston Villa,2,0,H,3,2
2022-08-06,E0,Leeds,Wolves,2,1,H,4,6
2022-08-06,E0,Newcastle,Nott'm Forest,2,0,H,10,0
2022-08-06,E0,Tottenham,Southampton,4,1,H,8,2
2022-08-06,E0,Everton,Chelsea,0,1,A,4,6
2022-08-06,E3,Mansfield,Tranmere,1,0,H,9,3
2022-08-06,E3,Barrow,Bradford,3,2,H,4,6
2022-08-06,E2,Shrewsbury,Accrington,0,1,A,4,2
2022-08-06,E3,Crawley Town,Leyton Orient,0,1,A,1,2
2022-08-06,E3,Crewe,Harrogate,3,0,H,5,3
2022-08-06,E3,Doncaster,Sutton,2,1,H,4,4
2022-08-06,E3,Gillingham,Rochdale,1,0,H,5,1
2022-08-06,E3,Grimsby,Northampton,1,1,D,9,4
2022-08-06,E2,Barnsley,Cheltenham,1,0,H,3,2
2022-08-06,E3,Colchester,Carlisle,1,1,D,5,5
2022-08-06,E2,Peterboro,Morecambe,3,0,H,9,2
2022-08-07,E0,West Ham,Man City,0,2,A,1,2
2022-08-07,E0,Man United,Brighton,1,2,A,5,4
2022-08-07,E0,Leicester,Brentford,2,2,D,5,3
2022-08-08,E1,West Brom,Watford,1,1,D,7,3
2022-08-12,E1,Watford,Burnley,1,0,H,1,4
2022-08-13,E2,Cambridge,Exeter,2,1,H,5,2
2022-08-13,E3,AFC Wimbledon,Doncaster,2,2,D,6,4
2022-08-13,E3,Bradford,Newport County,2,0,H,3,2
2022-08-13,E3,Carlisle,Swindon,1,1,D,5,6
2022-08-13,E3,Rochdale,Grimsby,0,1,A,3,5
2022-08-13,E3,Leyton Orient,Mansfield,1,0,H,3,7
2022-08-13,E3,Salford,Crewe,3,0,H,6,0
2022-08-13,E3,Stockport,Colchester,1,0,H,7,0
2022-08-13,E3,Sutton,Barrow,1,0,H,6,3
2022-08-13,E3,Tranmere,Gillingham,3,0,H,4,0
2022-08-13,E3,Walsall,Stevenage,1,1,D,1,4
2022-08-13,E2,Ipswich,Milton Keynes Dons,3,0,H,9,2
2022-08-13,E2,Lincoln,Forest Green,1,1,D,3,4
2022-08-13,E2,Morecambe,Fleetwood Town,1,1,D,7,5
2022-08-13,E2,Plymouth,Peterboro,2,0,H,8,3
2022-08-13,E2,Port Vale,Bolton,0,0,D,4,5
2022-08-13,E2,Sheffield Weds,Charlton,1,0,H,2,3
2022-08-13,E3,Harrogate,Crawley Town,0,0,D,5,4
2022-08-13,E2,Wycombe,Shrewsbury,1,2,A,9,2
2022-08-13,E1,Wigan,Bristol City,1,1,D,3,1
2022-08-13,E1,Sunderland,QPR,2,2,D,8,4
2022-08-13,E1,Rotherham,Reading,4,0,H,4,6
2022-08-13,E1,Millwall,Coventry,3,2,H,6,7
2022-08-13,E1,Hull,Norwich,2,1,H,4,12
2022-08-13,E1,Huddersfield,Stoke,3,1,H,5,5
2022-08-13,E1,Blackpool,Swansea,0,1,A,4,5
2022-08-13,E1,Cardiff,Birmingham,1,0,H,7,0
2022-08-13,E3,Northampton,Hartlepool,2,1,H,10,3
2022-08-13,E2,Bristol Rvs,Oxford,1,0,H,3,2
2022-08-13,E2,Accrington,Burton,4,4,D,8,5
2022-08-13,E2,Cheltenham,Portsmouth,0,2,A,2,5
2022-08-13,E1,Luton,Preston,0,1,A,2,5
2022-08-13,E2,Derby,Barnsley,2,1,H,2,2
2022-08-13,E0,Aston Villa,Everton,2,1,H,4,4
2022-08-13,E0,Arsenal,Leicester,4,2,H,7,2
2022-08-13,E0,Brighton,Newcastle,0,0,D,7,1
2022-08-13,E0,Man City,Bournemouth,4,0,H,7,1
2022-08-13,E0,Southampton,Leeds,2,2,D,4,5
2022-08-13,E0,Wolves,Fulham,0,0,D,1,3
2022-08-13,E0,Brentford,Man United,4,0,H,7,4
2022-08-14,E0,Nott'm Forest,West Ham,1,0,H,6,5
2022-08-14,E0,Chelsea,Tottenham,2,2,D,3,5
2022-08-14,E1,Blackburn,West Brom,2,1,H,2,4
2022-08-14,E1,Middlesbrough,Sheffield United,2,2,D,4,4
2022-08-15,E0,Liverpool,Crystal Palace,1,1,D,4,3
2022-08-16,E3,Doncaster,Stockport,2,1,H,8,1
2022-08-16,E3,Crewe,Sutton,1,0,H,4,6
2022-08-16,E2,Exeter,Wycombe,3,1,H,5,5
2022-08-16,E3,Colchester,Bradford,1,0,H,4,3
2022-08-16,E3,Barrow,Walsall,2,1,H,5,1
2022-08-16,E2,Milton Keynes Dons,Port Vale,2,1,H,5,3
2022-08-16,E3,Gillingham,Harrogate,0,2,A,2,5
2022-08-16,E3,Crawley Town,Northampton,2,3,A,5,7
2022-08-16,E3,Hartlepool,Tranmere,0,0,D,1,5
2022-08-16,E2,Oxford,Lincoln,1,2,A,5,3
2022-08-16,E3,Newport County,Salford,2,3,A,4,6
2022-08-16,E3,Stevenage,Rochdale,1,0,H,6,1
2022-08-16,E3,Swindon,Leyton Orient,1,1,D,3,9
2022-08-16,E2,Fleetwood Town,Cheltenham,0,0,D,5,2
2022-08-16,E2,Peterboro,Sheffield Weds,2,0,H,6,2
2022-08-16,E2,Portsmouth,Cambridge,4,1,H,5,4
2022-08-16,E2,Shrewsbury,Derby,0,0,D,1,4
2022-08-16,E1,Bristol City,Luton,2,0,H,3,2
2022-08-16,E3,Mansfield,AFC Wimbledon,5,2,H,6,2
2022-08-16,E1,Birmingham,Watford,1,1,D,4,2
2022-08-16,E1,Norwich,Huddersfield,2,1,H,9,5
2022-08-16,E2,Burton,Ipswich,0,1,A,4,3
2022-08-16,E2,Bolton,Morecambe,1,0,H,3,1
2022-08-16,E2,Barnsley,Bristol Rvs,3,0,H,5,0
2022-08-16,E1,Burnley,Hull,1,1,D,5,3
2022-08-16,E1,Preston,Rotherham,0,0,D,6,1
2022-08-16,E1,Swansea,Millwall,2,2,D,9,1
2022-08-16,E1,QPR,Blackpool,0,1,A,6,4
2022-08-16,E2,Charlton,Plymouth,5,1,H,9,4
2022-08-17,E1,West Brom,Cardiff,0,0,D,5,0
2022-08-17,E1,Sheffield United,Sunderland,2,1,H,7,2
2022-08-17,E1,Reading,Blackburn,3,0,H,7,1
2022-08-17,E1,Stoke,Middlesbrough,2,2,D,4,4
2022-08-19,E1,Norwich,Millwall,2,0,H,3,2
2022-08-20,E2,Exeter,Cheltenham,0,1,A,6,3
2022-08-20,E2,Fleetwood Town,Derby,0,0,D,2,8
2022-08-20,E2,Forest Green,Plymouth,0,3,A,6,5
2022-08-20,E2,Milton Keynes Dons,Accrington,1,1,D,4,4
2022-08-20,E2,Oxford,Morecambe,1,1,D,10,1
2022-08-20,E2,Peterboro,Lincoln,4,0,H,10,1
2022-08-20,E2,Charlton,Cambridge,1,1,D,5,4
2022-08-20,E2,Portsmouth,Bristol Rvs,3,1,H,7,2
2022-08-20,E2,Bolton,Sheffield Weds,0,2,A,3,3
2022-08-20,E2,Barnsley,Wycombe,0,3,A,5,8
2022-08-20,E2,Shrewsbury,Ipswich,0,3,A,1,6
2022-08-20,E1,West Brom,Hull,5,2,H,7,5
2022-08-20,E1,Swansea,Luton,0,2,A,2,5
2022-08-20,E1,Stoke,Sunderland,0,1,A,3,2
2022-08-20,E1,Sheffield United,Blackburn,3,0,H,11,0
2022-08-20,E1,Reading,Middlesbrough,1,0,H,3,3
2022-08-20,E1,QPR,Rotherham,1,1,D,5,2
2022-08-20,E1,Preston,Watford,0,0,D,4,2
2022-08-20,E2,Burton,Port Vale,0,2,A,3,7
2022-08-20,E1,Burnley,Blackpool,3,3,D,4,8
2022-08-20,E1,Birmingham,Wigan,0,1,A,4,2
2022-08-20,E3,Doncaster,Salford,2,1,H,6,3
2022-08-20,E3,Colchester,Leyton Orient,1,3,A,3,6
2022-08-20,E3,Gillingham,Walsall,0,0,D,2,1
2022-08-20,E3,Crawley Town,AFC Wimbledon,0,2,A,2,4
2022-08-20,E3,Crewe,Northampton,2,2,D,3,4
2022-08-20,E3,Swindon,Rochdale,3,0,H,10,0
2022-08-20,E3,Stevenage,Carlisle,2,1,H,5,6
2022-08-20,E3,Newport County,Tranmere,2,1,H,5,1
2022-08-20,E3,Mansfield,Stockport,2,1,H,6,2
2022-08-20,E3,Grimsby,Sutton,0,0,D,3,4
2022-08-20,E0,Bournemouth,Arsenal,0,3,A,1,6
2022-08-20,E0,Leicester,Southampton,1,2,A,1,3
2022-08-20,E0,Fulham,Brentford,3,2,H,9,5
2022-08-20,E0,Everton,Nott'm Forest,1,1,D,8,5
2022-08-20,E0,Crystal Palace,Aston Villa,3,1,H,9,5
2022-08-20,E0,Tottenham,Wolves,1,0,H,4,3
2022-08-20,E3,Barrow,Harrogate,1,0,H,3,1
2022-08-20,E3,Hartlepool,Bradford,1,3,A,2,6
2022-08-21,E0,West Ham,Brighton,0,2,A,3,2
2022-08-21,E1,Bristol City,Cardiff,2,0,H,3,3
2022-08-21,E0,Leeds,Chelsea,3,0,H,6,3
2022-08-21,E0,Newcastle,Man City,3,3,D,6,10
2022-08-22,E0,Man United,Liverpool,2,1,H,4,5
2022-08-26,E1,Luton,Sheffield United,1,1,D,4,3
2022-08-27,E0,Brentford,Everton,1,1,D,5,7
2022-08-27,E0,Brighton,Leeds,1,0,H,4,2
2022-08-27,E0,Chelsea,Leicester,2,1,H,3,5
2022-08-27,E0,Liverpool,Bournemouth,9,0,H,12,2
2022-08-27,E0,Southampton,Man United,0,1,A,5,6
2022-08-27,E3,Rochdale,Crawley Town,1,1,D,6,1
2022-08-27,E1,Wigan,Burnley,1,5,A,4,6
2022-08-27,E1,Watford,QPR,2,3,A,5,5
2022-08-27,E1,Rotherham,Birmingham,2,0,H,6,3
2022-08-27,E1,Millwall,Reading,0,1,A,1,2
2022-08-27,E1,Middlesbrough,Swansea,2,1,H,3,4
2022-08-27,E1,Hull,Coventry,3,2,H,4,6
2022-08-27,E1,Huddersfield,West Brom,2,2,D,3,6
2022-08-27,E1,Cardiff,Preston,0,0,D,2,0
2022-08-27,E1,Blackpool,Bristol City,3,3,D,4,4
2022-08-27,E1,Blackburn,Stoke,0,1,A,2,3
2022-08-27,E1,Sunderland,Norwich,0,1,A,6,3
2022-08-27,E0,Man City,Crystal Palace,4,2,H,5,2
2022-08-27,E0,Arsenal,Fulham,2,1,H,8,3
2022-08-27,E2,Lincoln,Fleetwood Town,2,2,D,4,9
2022-08-27,E3,Carlisle,Gillingham,1,0,H,2,3
2022-08-27,E3,Sutton,Mansfield,2,1,H,3,3
2022-08-27,E3,Harrogate,Newport County,0,4,A,0,3
2022-08-27,E3,Leyton Orient,Hartlepool,4,2,H,7,2
2022-08-27,E3,Northampton,Doncaster,0,1,A,3,2
2022-08-27,E2,Wycombe,Charlton,1,1,D,4,2
2022-08-27,E2,Accrington,Exeter,0,0,D,2,0
2022-08-27,E3,Bradford,Crewe,0,0,D,2,2
2022-08-27,E2,Bristol Rvs,Shrewsbury,1,1,D,2,5
2022-08-27,E2,Cheltenham,Oxford,1,2,A,4,5
2022-08-27,E2,Derby,Peterboro,2,1,H,5,4
2022-08-27,E2,Ipswich,Barnsley,2,2,D,7,4
2022-08-27,E2,Sheffield Weds,Forest Green,5,0,H,8,0
2022-08-27,E2,Morecambe,Milton Keynes Dons,0,4,A,5,10
2022-08-27,E2,Plymouth,Bolton,2,0,H,4,4
2022-08-27,E2,Cambridge,Burton,4,3,H,9,3
2022-08-27,E3,Walsall,Grimsby,1,2,A,7,3
2022-08-27,E3,Tranmere,Colchester,2,0,H,4,0
2022-08-27,E3,Salford,Stevenage,1,0,H,5,2
2022-08-27,E2,Port Vale,Portsmouth,0,1,A,4,1
2022-08-27,E3,Stockport,Swindon,1,1,D,4,2
2022-08-27,E3,AFC Wimbledon,Barrow,0,1,A,2,3
2022-08-28,E0,Aston Villa,West Ham,0,1,A,3,2
2022-08-28,E0,Wolves,Newcastle,1,1,D,4,6
2022-08-28,E0,Nott'm Forest,Tottenham,0,2,A,1,7
2022-08-30,E1,Birmingham,Norwich,1,2,A,2,5
2022-08-30,E0,Crystal Palace,Brentford,1,1,D,4,3
2022-08-30,E0,Fulham,Brighton,2,1,H,3,4
2022-08-30,E0,Southampton,Chelsea,2,1,H,7,4
2022-08-30,E0,Leeds,Everton,1,1,D,5,2
2022-08-30,E1,Watford,Middlesbrough,2,1,H,4,3
2022-08-30,E1,Wigan,West Brom,1,1,D,3,3
2022-08-30,E1,Sheffield United,Reading,4,0,H,7,0
2022-08-30,E1,QPR,Hull,3,1,H,7,3
2022-08-30,E1,Cardiff,Luton,1,2,A,2,4
2022-08-30,E1,Burnley,Millwall,2,0,H,10,5
2022-08-31,E0,Bournemouth,Wolves,0,0,D,2,4
2022-08-31,E0,Liverpool,Newcastle,2,1,H,6,2
2022-08-31,E0,Arsenal,Aston Villa,2,1,H,9,3
2022-08-31,E0,Man City,Nott'm Forest,6,0,H,9,1
2022-08-31,E0,West Ham,Tottenham,1,1,D,4,4
2022-08-31,E1,Sunderland,Rotherham,3,0,H,3,3
2022-08-31,E1,Coventry,Preston,0,1,A,4,4
2022-08-31,E1,Blackpool,Blackburn,0,1,A,1,5
2022-08-31,E1,Bristol City,Huddersfield,2,0,H,7,4
2022-08-31,E1,Stoke,Swansea,1,1,D,4,5
2022-09-01,E0,Leicester,Man United,0,1,A,2,2
2022-09-02,E1,West Brom,Burnley,1,1,D,8,4
2022-09-03,E0,Tottenham,Fulham,2,1,H,10,3
2022-09-03,E0,Wolves,Southampton,1,0,H,2,1
2022-09-03,E0,Aston Villa,Man City,1,1,D,1,4
2022-09-03,E3,Northampton,Barrow,3,1,H,5,5
2022-09-03,E2,Sheffield Weds,Barnsley,0,2,A,3,5
2022-09-03,E2,Portsmouth,Peterboro,2,1,H,2,3
2022-09-03,E3,Sutton,Harrogate,2,1,H,7,1
2022-09-03,E3,Stockport,AFC Wimbledon,1,0,H,9,1
2022-09-03,E2,Port Vale,Cheltenham,2,2,D,3,2
2022-09-03,E3,Salford,Crawley Town,2,2,D,6,3
2022-09-03,E0,Nott'm Forest,Bournemouth,2,3,A,3,3
2022-09-03,E3,Newport County,Grimsby,0,2,A,5,6
2022-09-03,E3,Doncaster,Mansfield,1,3,A,5,5
2022-09-03,E3,Gillingham,Swindon,0,0,D,2,4
2022-09-03,E0,Newcastle,Crystal Palace,0,0,D,6,9
2022-09-03,E3,Crewe,Stevenage,1,2,A,4,5
2022-09-03,E3,Colchester,Hartlepool,1,1,D,5,1
2022-09-03,E3,Carlisle,Rochdale,3,3,D,4,4
2022-09-03,E3,Bradford,Walsall,2,1,H,3,6
2022-09-03,E2,Accrington,Ipswich,0,2,A,3,7
2022-09-03,E2,Bolton,Charlton,3,1,H,5,5
2022-09-03,E2,Bristol Rvs,Morecambe,2,2,D,7,4
2022-09-03,E2,Cambridge,Lincoln,2,0,H,2,4
2022-09-03,E2,Derby,Plymouth,2,3,A,3,6
2022-09-03,E2,Exeter,Milton Keynes Dons,1,0,H,4,3
2022-09-03,E2,Fleetwood Town,Wycombe,1,1,D,5,5
2022-09-03,E3,Leyton Orient,Tranmere,2,0,H,2,3
2022-09-03,E0,Chelsea,West Ham,2,1,H,3,3
2022-09-03,E2,Oxford,Burton,2,1,H,4,1
2022-09-03,E0,Everton,Liverpool,0,0,D,3,8
2022-09-03,E2,Forest Green,Shrewsbury,0,2,A,6,4
2022-09-03,E1,Blackburn,Bristol City,2,3,A,6,5
2022-09-03,E1,Luton,Wigan,1,2,A,4,1
2022-09-03,E1,Millwall,Cardiff,2,0,H,7,2
2022-09-03,E1,Norwich,Coventry,3,0,H,7,1
2022-09-03,E1,Preston,Birmingham,0,1,A,3,3
2022-09-03,E1,Rotherham,Watford,1,1,D,3,2
2022-09-03,E1,Swansea,QPR,1,0,H,4,3
2022-09-03,E0,Brentford,Leeds,5,2,H,8,6
2022-09-04,E1,Hull,Sheffield United,0,2,A,3,5
2022-09-04,E0,Man United,Arsenal,3,1,H,6,3
2022-09-04,E1,Reading,Stoke,2,1,H,3,3
2022-09-04,E0,Brighton,Leicester,5,2,H,11,4
2022-09-04,E1,Huddersfield,Blackpool,0,1,A,6,2
2022-09-05,E1,Middlesbrough,Sunderland,1,0,H,5,2
2022-09-06,E2,Forest Green,Accrington,2,1,H,5,4
2022-09-13,E1,Blackburn,Watford,2,0,H,6,2
2022-09-13,E1,Huddersfield,Wigan,1,2,A,6,5
2022-09-13,E1,Hull,Stoke,0,3,A,4,7
2022-09-13,E1,Middlesbrough,Cardiff,2,3,A,2,4
2022-09-13,E1,Swansea,Sheffield United,0,1,A,2,3
2022-09-13,E1,Preston,Burnley,1,1,D,3,4
2022-09-13,E3,AFC Wimbledon,Northampton,0,2,A,3,5
2022-09-13,E3,Harrogate,Salford,0,1,A,2,6
2022-09-13,E3,Grimsby,Gillingham,1,1,D,6,3
2022-09-13,E2,Shrewsbury,Exeter,3,2,H,7,5
2022-09-13,E3,Hartlepool,Crewe,1,1,D,5,3
2022-09-13,E3,Mansfield,Carlisle,0,0,D,3,3
2022-09-13,E3,Rochdale,Leyton Orient,0,1,A,2,4
2022-09-13,E3,Stevenage,Newport County,1,0,H,2,1
2022-09-13,E3,Swindon,Sutton,3,2,H,9,8
2022-09-13,E3,Tranmere,Bradford,1,2,A,2,8
2022-09-13,E3,Walsall,Colchester,1,1,D,3,1
2022-09-13,E2,Wycombe,Accrington,1,0,H,7,4
2022-09-13,E3,Crawley Town,Stockport,3,2,H,4,7
2022-09-13,E2,Plymouth,Oxford,1,0,H,5,1
2022-09-13,E3,Barrow,Doncaster,2,0,H,8,1
2022-09-13,E2,Morecambe,Sheffield Weds,0,3,A,1,11
2022-09-13,E2,Milton Keynes Dons,Bolton,0,2,A,0,4
2022-09-13,E2,Lincoln,Derby,2,0,H,4,5
2022-09-13,E2,Ipswich,Bristol Rvs,2,0,H,7,3
2022-09-13,E2,Cheltenham,Cambridge,2,1,H,5,2
2022-09-13,E2,Charlton,Forest Green,1,1,D,6,2
2022-09-13,E2,Burton,Portsmouth,0,2,A,1,2
2022-09-13,E2,Barnsley,Port Vale,1,1,D,5,4
2022-09-13,E2,Peterboro,Fleetwood Town,0,1,A,5,3
2022-09-14,E1,Rotherham,Blackpool,3,0,H,4,1
2022-09-14,E1,Reading,Sunderland,0,3,A,2,6
2022-09-14,E1,West Brom,Birmingham,2,3,A,5,3
2022-09-14,E1,Luton,Coventry,2,2,D,4,4
2022-09-14,E1,Norwich,Bristol City,3,2,H,6,4
2022-09-14,E1,Millwall,QPR,0,2,A,3,4
2022-09-16,E0,Nott'm Forest,Fulham,2,3,A,3,7
2022-09-16,E0,Aston Villa,Southampton,1,0,H,3,1
2022-09-17,E0,Tottenham,Leicester,6,2,H,11,7
2022-09-17,E1,QPR,Stoke,0,0,D,5,1
2022-09-17,E1,Preston,Sheffield United,0,2,A,3,6
2022-09-17,E1,Norwich,West Brom,1,1,D,3,2
2022-09-17,E1,Millwall,Blackpool,2,1,H,6,2
2022-09-17,E1,Luton,Blackburn,2,0,H,4,1
2022-09-17,E0,Newcastle,Bournemouth,1,1,D,7,3
2022-09-17,E0,Wolves,Man City,0,3,A,1,7
2022-09-17,E1,Huddersfield,Cardiff,1,0,H,4,2
2022-09-17,E1,Burnley,Bristol City,2,1,H,6,5
2022-09-17,E1,Birmingham,Coventry,0,0,D,4,3
2022-09-17,E1,Swansea,Hull,3,0,H,5,1
2022-09-17,E3,Bradford,Stevenage,3,0,H,6,3
2022-09-17,E3,Carlisle,AFC Wimbledon,2,1,H,7,2
2022-09-17,E3,Colchester,Grimsby,0,1,A,1,4
2022-09-17,E3,Crewe,Crawley Town,1,0,H,6,2
2022-09-17,E3,Doncaster,Swindon,0,1,A,3,4
2022-09-17,E3,Gillingham,Mansfield,0,2,A,2,3
2022-09-17,E3,Leyton Orient,Walsall,1,0,H,4,3
2022-09-17,E3,Newport County,Barrow,0,2,A,1,2
2022-09-17,E3,Northampton,Rochdale,3,0,H,5,2
2022-09-17,E3,Salford,Tranmere,0,1,A,0,4
2022-09-17,E3,Stockport,Harrogate,0,0,D,2,4
2022-09-17,E3,Sutton,Hartlepool,2,0,H,6,1
2022-09-17,E1,Wigan,Reading,0,1,A,0,2
2022-09-17,E1,Middlesbrough,Rotherham,0,0,D,3,0
2022-09-17,E1,Watford,Sunderland,2,2,D,4,5
2022-09-17,E2,Derby,Wycombe,2,1,H,12,5
2022-09-17,E2,Bristol Rvs,Lincoln,3,6,A,7,8
2022-09-17,E2,Cambridge,Barnsley,0,3,A,4,5
2022-09-17,E2,Exeter,Burton,0,2,A,2,5
2022-09-17,E2,Port Vale,Shrewsbury,2,1,H,3,1
2022-09-17,E2,Fleetwood Town,Charlton,1,1,D,2,3
2022-09-17,E2,Forest Green,Morecambe,1,2,A,4,8
2022-09-17,E2,Bolton,Peterboro,1,0,H,3,0
2022-09-17,E2,Portsmouth,Plymouth,2,2,D,6,4
2022-09-17,E2,Oxford,Milton Keynes Dons,1,2,A,5,4
2022-09-17,E2,Sheffield Weds,Ipswich,2,2,D,2,4
2022-09-17,E2,Accrington,Cheltenham,1,0,H,3,1
2022-09-18,E0,Everton,West Ham,1,0,H,2,4
2022-09-18,E0,Brentford,Arsenal,0,3,A,2,7
2022-09-24,E2,Forest Green,Exeter,0,4,A,3,6
2022-09-24,E2,Barnsley,Charlton,3,1,H,3,1
2022-09-24,E2,Bristol Rvs,Accrington,0,1,A,3,4
2022-09-24,E2,Morecambe,Cambridge,1,2,A,4,6
2022-09-24,E2,Peterboro,Port Vale,3,0,H,6,1
2022-09-24,E3,Barrow,Leyton Orient,0,2,A,4,3
2022-09-24,E2,Sheffield Weds,Wycombe,3,1,H,7,4
2022-09-24,E2,Shrewsbury,Burton,2,1,H,2,7
2022-09-24,E3,Newport County,Carlisle,1,1,D,3,2
2022-09-24,E3,Stevenage,Harrogate,1,0,H,8,1
2022-09-24,E3,Bradford,AFC Wimbledon,2,2,D,4,4
2022-09-24,E3,Colchester,Rochdale,0,1,A,1,6
2022-09-24,E3,Hartlepool,Gillingham,0,0,D,3,0
2022-09-24,E3,Crewe,Mansfield,1,2,A,2,6
2022-09-24,E3,Doncaster,Crawley Town,4,1,H,6,3
2022-09-24,E3,Grimsby,Swindon,1,2,A,8,4
2022-09-24,E3,Sutton,Salford,1,2,A,2,4
2022-09-24,E3,Walsall,Tranmere,0,1,A,3,6
2022-09-24,E3,Northampton,Stockport,2,1,H,3,2
2022-09-25,E2,Plymouth,Ipswich,2,1,H,5,7
2022-09-27,E3,Grimsby,Carlisle,1,2,A,4,3
2022-09-30,E3,Mansfield,Hartlepool,2,2,D,6,2
2022-09-30,E1,Hull,Luton,0,2,A,0,5
2022-10-01,E3,Rochdale,Doncaster,1,2,A,1,2
2022-10-01,E3,Harrogate,Bradford,1,2,A,6,3
2022-10-01,E3,Gillingham,Sutton,1,0,H,6,2
2022-10-01,E2,Burton,Forest Green,3,2,H,6,3
2022-10-01,E3,Carlisle,Crewe,0,0,D,3,2
2022-10-01,E3,AFC Wimbledon,Colchester,2,1,H,4,3
2022-10-01,E3,Salford,Grimsby,1,1,D,5,6
2022-10-01,E3,Leyton Orient,Newport County,1,2,A,5,2
2022-10-01,E2,Charlton,Oxford,1,1,D,4,3
2022-10-01,E1,Blackburn,Millwall,2,1,H,4,2
2022-10-01,E1,Blackpool,Norwich,0,1,A,6,8
2022-10-01,E1,Bristol City,QPR,1,2,A,2,6
2022-10-01,E1,Cardiff,Burnley,1,1,D,4,2
2022-10-01,E1,Coventry,Middlesbrough,1,0,H,4,3
2022-10-01,E1,Reading,Huddersfield,3,1,H,3,3
2022-10-01,E1,Rotherham,Wigan,0,2,A,3,5
2022-10-01,E1,Sheffield United,Birmingham,1,1,D,3,2
2022-10-01,E1,Sunderland,Preston,0,0,D,2,5
2022-10-01,E1,West Brom,Swansea,2,3,A,5,4
2022-10-01,E2,Accrington,Morecambe,3,1,H,5,2
2022-10-01,E2,Bolton,Lincoln,2,0,H,5,2
2022-10-01,E3,Stockport,Walsall,1,1,D,4,3
2022-10-01,E3,Swindon,Northampton,1,2,A,1,3
2022-10-01,E3,Crawley Town,Stevenage,1,2,A,4,5
2022-10-01,E2,Cambridge,Derby,0,2,A,1,3
2022-10-01,E0,Crystal Palace,Chelsea,1,2,A,3,3
2022-10-01,E0,Fulham,Newcastle,1,4,A,1,10
2022-10-01,E0,Liverpool,Brighton,3,3,D,7,6
2022-10-01,E0,Southampton,Everton,1,2,A,6,5
2022-10-01,E0,West Ham,Wolves,2,0,H,5,4
2022-10-01,E3,Tranmere,Barrow,1,0,H,6,1
2022-10-01,E0,Bournemouth,Brentford,0,0,D,1,4
2022-10-01,E0,Arsenal,Tottenham,3,1,H,9,3
2022-10-01,E2,Port Vale,Sheffield Weds,0,1,A,3,3
2022-10-01,E2,Milton Keynes Dons,Peterboro,2,3,A,4,9
2022-10-01,E2,Ipswich,Portsmouth,3,2,H,6,3
2022-10-01,E2,Fleetwood Town,Barnsley,0,1,A,1,4
2022-10-01,E2,Exeter,Bristol Rvs,2,2,D,4,4
2022-10-01,E2,Cheltenham,Shrewsbury,2,0,H,3,0
2022-10-01,E2,Wycombe,Plymouth,0,1,A,6,3
2022-10-02,E0,Man City,Man United,6,3,H,10,8
2022-10-02,E1,Stoke,Watford,0,4,A,2,9
2022-10-02,E0,Leeds,Aston Villa,0,0,D,1,7
2022-10-03,E0,Leicester,Nott'm Forest,4,0,H,7,3
2022-10-04,E3,Hartlepool,Doncaster,2,1,H,6,4
2022-10-04,E1,Bristol City,Coventry,0,0,D,3,3
2022-10-04,E1,Reading,Norwich,1,1,D,3,1
2022-10-04,E1,Cardiff,Blackburn,1,0,H,5,2
2022-10-04,E2,Ipswich,Cambridge,3,0,H,5,0
2022-10-04,E2,Cheltenham,Bolton,1,0,H,5,0
2022-10-04,E2,Burton,Fleetwood Town,0,1,A,3,4
2022-10-04,E2,Plymouth,Sheffield Weds,2,1,H,8,6
2022-10-04,E1,Sheffield United,QPR,0,1,A,5,3
2022-10-04,E1,Luton,Huddersfield,3,3,D,10,3
2022-10-04,E3,Walsall,Northampton,1,0,H,5,0
2022-10-04,E3,Swindon,Newport County,1,0,H,8,4
2022-10-04,E3,Stevenage,Sutton,3,0,H,7,0
2022-10-04,E1,Sunderland,Blackpool,0,0,D,4,4
2022-10-05,E1,Burnley,Stoke,1,1,D,6,4
2022-10-05,E1,Hull,Wigan,2,1,H,5,4
2022-10-05,E1,Middlesbrough,Birmingham,1,0,H,3,4
2022-10-05,E1,Rotherham,Millwall,1,1,D,1,4
2022-10-05,E1,Watford,Swansea,1,2,A,4,4
2022-10-05,E1,Preston,West Brom,1,0,H,4,5
2022-10-07,E1,QPR,Reading,2,1,H,5,2
2022-10-08,E1,Birmingham,Bristol City,3,0,H,5,1
2022-10-08,E1,Millwall,Middlesbrough,2,0,H,7,1
2022-10-08,E1,Blackpool,Watford,3,1,H,9,5
2022-10-08,E1,Coventry,Burnley,0,1,A,0,4
2022-10-08,E1,Norwich,Preston,2,3,A,8,5
2022-10-08,E1,Stoke,Sheffield United,3,1,H,5,3
2022-10-08,E1,Swansea,Sunderland,2,1,H,6,3
2022-10-08,E1,West Brom,Luton,0,0,D,3,3
2022-10-08,E1,Wigan,Cardiff,1,3,A,1,6
2022-10-08,E2,Bristol Rvs,Cambridge,2,1,H,6,5
2022-10-08,E2,Barnsley,Exeter,0,2,A,4,3
2022-10-08,E3,Crewe,Gillingham,1,1,D,4,2
2022-10-08,E3,Colchester,Harrogate,2,1,H,6,3
2022-10-08,E3,Bradford,Stockport,0,1,A,1,5
2022-10-08,E3,Barrow,Mansfield,0,1,A,3,2
2022-10-08,E1,Blackburn,Rotherham,3,0,H,6,2
2022-10-08,E3,Doncaster,Leyton Orient,1,1,D,4,6
2022-10-08,E2,Derby,Port Vale,1,2,A,3,3
2022-10-08,E3,Stevenage,Swindon,2,0,H,5,0
2022-10-08,E2,Portsmouth,Fleetwood Town,1,1,D,2,2
2022-10-08,E2,Oxford,Wycombe,0,1,A,5,2
2022-10-08,E2,Morecambe,Ipswich,1,2,A,2,6
2022-10-08,E2,Lincoln,Charlton,0,0,D,1,1
2022-10-08,E2,Forest Green,Bolton,1,0,H,4,2
2022-10-08,E2,Sheffield Weds,Cheltenham,3,0,H,9,3
2022-10-08,E3,Walsall,AFC Wimbledon,3,1,H,3,3
2022-10-08,E3,Sutton,Tranmere,0,2,A,0,3
2022-10-08,E2,Peterboro,Burton,1,1,D,3,4
2022-10-08,E3,Northampton,Salford,0,1,A,4,2
2022-10-08,E2,Plymouth,Accrington,3,0,H,5,3
2022-10-08,E3,Hartlepool,Carlisle,1,3,A,2,5
2022-10-08,E3,Grimsby,Crawley Town,3,0,H,6,2
2022-10-08,E0,Bournemouth,Leicester,2,1,H,4,5
2022-10-08,E0,Chelsea,Wolves,3,0,H,7,2
2022-10-08,E0,Man City,Southampton,4,0,H,8,0
2022-10-08,E0,Newcastle,Brentford,5,1,H,6,3
2022-10-08,E0,Brighton,Tottenham,0,1,A,4,3
2022-10-08,E2,Shrewsbury,Milton Keynes Dons,2,1,H,5,2
2022-10-08,E3,Newport County,Rochdale,0,1,A,3,3
2022-10-09,E1,Huddersfield,Hull,2,0,H,5,2
2022-10-09,E0,Arsenal,Liverpool,3,2,H,7,3
2022-10-09,E0,Crystal Palace,Leeds,2,1,H,5,4
2022-10-09,E0,Everton,Man United,1,2,A,2,4
2022-10-09,E0,West Ham,Fulham,3,1,H,8,2
2022-10-10,E0,Nott'm Forest,Aston Villa,1,1,D,3,2
2022-10-11,E1,Wigan,Blackburn,1,0,H,6,0
2022-10-11,E2,Charlton,Exeter,4,2,H,6,4
2022-10-11,E2,Milton Keynes Dons,Bristol Rvs,0,1,A,1,3
2022-10-11,E2,Peterboro,Forest Green,4,1,H,7,2
2022-10-12,E1,Bristol City,Preston,2,1,H,4,2
2022-10-14,E3,Tranmere,Crewe,3,0,H,7,0
2022-10-14,E0,Brentford,Brighton,2,0,H,3,7
2022-10-15,E3,Harrogate,Hartlepool,2,1,H,6,5
2022-10-15,E3,Carlisle,Doncaster,3,0,H,8,1
2022-10-15,E3,Crawley Town,Newport County,2,1,H,4,6
2022-10-15,E3,Gillingham,Stevenage,1,1,D,2,1
2022-10-15,E3,Leyton Orient,Northampton,0,0,D,3,2
2022-10-15,E3,Swindon,Colchester,1,0,H,3,1
2022-10-15,E3,Salford,Bradford,0,1,A,1,4
2022-10-15,E3,Stockport,Grimsby,1,3,A,5,5
2022-10-15,E3,Mansfield,Walsall,2,1,H,4,2
2022-10-15,E3,Rochdale,Barrow,2,1,H,6,2
2022-10-15,E3,AFC Wimbledon,Sutton,0,1,A,1,7
2022-10-15,E1,Bristol City,Millwall,1,2,A,1,7
2022-10-15,E2,Cheltenham,Bristol Rvs,1,4,A,4,4
2022-10-15,E0,Wolves,Nott'm Forest,1,0,H,2,2
2022-10-15,E0,Tottenham,Everton,2,0,H,7,0
2022-10-15,E2,Wycombe,Peterboro,3,1,H,4,7
2022-10-15,E2,Port Vale,Forest Green,2,2,D,7,3
2022-10-15,E2,Milton Keynes Dons,Plymouth,1,4,A,3,7
2022-10-15,E2,Ipswich,Lincoln,0,1,A,5,2
2022-10-15,E2,Fleetwood Town,Shrewsbury,0,1,A,7,2
2022-10-15,E2,Exeter,Oxford,2,4,A,3,9
2022-10-15,E2,Cambridge,Sheffield Weds,0,2,A,1,8
2022-10-15,E2,Burton,Morecambe,1,1,D,3,4
2022-10-15,E2,Bolton,Barnsley,0,0,D,1,2
2022-10-15,E0,Fulham,Bournemouth,2,2,D,4,6
2022-10-15,E2,Accrington,Derby,0,3,A,1,7
2022-10-15,E1,Rotherham,Huddersfield,2,1,H,4,4
2022-10-15,E1,Burnley,Swansea,4,0,H,5,2
2022-10-15,E1,Cardiff,Coventry,0,1,A,1,4
2022-10-15,E1,Middlesbrough,Blackburn,1,2,A,8,5
2022-10-15,E1,Preston,Stoke,0,2,A,0,6
2022-10-15,E1,Reading,West Brom,0,2,A,6,3
2022-10-15,E1,Sheffield United,Blackpool,3,3,D,9,3
2022-10-15,E1,Sunderland,Wigan,2,1,H,3,1
2022-10-15,E1,Watford,Norwich,2,1,H,9,2
2022-10-15,E1,Luton,QPR,3,1,H,4,4
2022-10-15,E0,Leicester,Crystal Palace,0,0,D,5,1
2022-10-16,E0,Aston Villa,Chelsea,0,2,A,7,4
2022-10-16,E0,Leeds,Arsenal,0,1,A,4,4
2022-10-16,E0,Man United,Newcastle,0,0,D,2,2
2022-10-16,E0,Liverpool,Man City,1,0,H,2,6
2022-10-16,E0,Southampton,West Ham,1,1,D,8,4
2022-10-16,E1,Hull,Birmingham,0,2,A,2,3
2022-10-17,E2,Charlton,Portsmouth,3,0,H,6,3
2022-10-18,E1,Blackburn,Sunderland,2,0,H,3,4
2022-10-18,E1,Huddersfield,Preston,0,1,A,0,3
2022-10-18,E1,Norwich,Luton,0,1,A,1,2
2022-10-18,E1,Stoke,Rotherham,0,1,A,12,1
2022-10-18,E1,Swansea,Reading,3,2,H,5,4
2022-10-18,E0,Crystal Palace,Wolves,2,1,H,4,4
2022-10-18,E1,West Brom,Bristol City,0,2,A,0,2
2022-10-18,E0,Brighton,Nott'm Forest,0,0,D,7,0
2022-10-19,E0,Liverpool,West Ham,1,0,H,7,3
2022-10-19,E0,Brentford,Chelsea,0,0,D,5,5
2022-10-19,E1,Wigan,Middlesbrough,1,4,A,5,7
2022-10-19,E1,QPR,Cardiff,3,0,H,10,0
2022-10-19,E1,Coventry,Sheffield United,1,0,H,2,3
2022-10-19,E1,Blackpool,Hull,1,3,A,1,3
2022-10-19,E1,Millwall,Watford,3,0,H,4,2
2022-10-19,E0,Bournemouth,Southampton,0,1,A,3,3
2022-10-19,E0,Man United,Tottenham,2,0,H,10,2
2022-10-19,E0,Newcastle,Everton,1,0,H,4,0
2022-10-19,E1,Birmingham,Burnley,1,1,D,2,1
2022-10-20,E0,Leicester,Leeds,2,0,H,1,2
2022-10-20,E0,Fulham,Aston Villa,3,0,H,8,6
2022-10-21,E2,Ipswich,Derby,1,0,H,3,0
2022-10-22,E2,Lincoln,Sheffield Weds,1,1,D,3,3
2022-10-22,E0,Chelsea,Man United,1,1,D,2,6
2022-10-22,E1,Sunderland,Burnley,2,4,A,5,4
2022-10-22,E1,Stoke,Coventry,0,2,A,2,3
2022-10-22,E1,Sheffield United,Norwich,2,2,D,8,6
2022-10-22,E1,QPR,Wigan,2,1,H,4,2
2022-10-22,E1,Reading,Bristol City,2,0,H,4,0
2022-10-22,E1,Millwall,West Brom,2,1,H,3,2
2022-10-22,E1,Middlesbrough,Huddersfield,0,0,D,2,4
2022-10-22,E1,Blackpool,Preston,4,2,H,5,6
2022-10-22,E2,Accrington,Bolton,2,3,A,5,7
2022-10-22,E1,Rotherham,Hull,2,4,A,3,13
2022-10-22,E1,Blackburn,Birmingham,2,1,H,3,6
2022-10-22,E2,Bristol Rvs,Plymouth,2,2,D,6,3
2022-10-22,E2,Cambridge,Port Vale,0,1,A,0,4
2022-10-22,E0,Nott'm Forest,Liverpool,1,0,H,7,7
2022-10-22,E2,Shrewsbury,Charlton,0,1,A,2,4
2022-10-22,E3,Carlisle,Leyton Orient,2,3,A,2,4
2022-10-22,E0,Everton,Crystal Palace,3,0,H,6,2
2022-10-22,E3,Crewe,Doncaster,1,1,D,6,4
2022-10-22,E3,Gillingham,Barrow,1,1,D,3,6
2022-10-22,E3,Grimsby,Bradford,0,0,D,4,2
2022-10-22,E3,Harrogate,Tranmere,1,1,D,1,5
2022-10-22,E3,Newport County,Colchester,1,0,H,4,1
2022-10-22,E3,Rochdale,AFC Wimbledon,1,2,A,3,5
2022-10-22,E3,Salford,Stockport,0,2,A,3,5
2022-10-22,E3,Stevenage,Northampton,2,3,A,3,4
2022-10-22,E2,Burton,Cheltenham,1,0,H,5,1
2022-10-22,E3,Sutton,Walsall,1,1,D,5,2
2022-10-22,E0,Man City,Brighton,3,1,H,4,2
2022-10-22,E2,Oxford,Peterboro,1,2,A,2,4
2022-10-22,E2,Morecambe,Barnsley,1,0,H,1,3
2022-10-22,E2,Milton Keynes Dons,Wycombe,0,1,A,7,4
2022-10-22,E2,Forest Green,Portsmouth,0,1,A,1,5
2022-10-22,E2,Exeter,Fleetwood Town,2,1,H,5,3
2022-10-22,E3,Swindon,Hartlepool,2,1,H,6,3
2022-10-22,E3,Crawley Town,Mansfield,3,2,H,6,3
2022-10-23,E0,Tottenham,Newcastle,1,2,A,5,5
2022-10-23,E1,Swansea,Cardiff,2,0,H,6,1
2022-10-23,E1,Watford,Luton,4,0,H,8,3
2022-10-23,E0,Wolves,Leicester,0,4,A,5,4
2022-10-23,E0,Southampton,Arsenal,1,1,D,3,3
2022-10-23,E0,Leeds,Fulham,2,3,A,5,5
2022-10-23,E0,Aston Villa,Brentford,4,0,H,11,3
2022-10-24,E0,West Ham,Bournemouth,2,0,H,4,3
2022-10-25,E2,Cheltenham,Morecambe,1,0,H,5,1
2022-10-25,E3,Tranmere,Rochdale,1,1,D,6,3
2022-10-25,E3,Walsall,Harrogate,3,1,H,6,1
2022-10-25,E2,Wycombe,Cambridge,2,3,A,6,5
2022-10-25,E2,Portsmouth,Oxford,1,1,D,4,2
2022-10-25,E2,Port Vale,Ipswich,2,3,A,3,7
2022-10-25,E2,Plymouth,Shrewsbury,2,1,H,5,3
2022-10-25,E3,Northampton,Sutton,2,2,D,5,2
2022-10-25,E2,Peterboro,Accrington,3,1,H,6,5
2022-10-25,E1,Coventry,Rotherham,2,2,D,7,4
2022-10-25,E1,Burnley,Norwich,1,0,H,2,2
2022-10-25,E2,Derby,Exeter,0,0,D,3,1
2022-10-25,E2,Charlton,Milton Keynes Dons,0,2,A,1,6
2022-10-25,E2,Bolton,Burton,2,1,H,6,4
2022-10-25,E2,Barnsley,Lincoln,0,1,A,2,1
2022-10-25,E2,Fleetwood Town,Forest Green,1,1,D,4,4
2022-10-25,E3,Mansfield,Newport County,0,0,D,2,3
2022-10-25,E3,Stockport,Carlisle,2,0,H,5,1
2022-10-25,E3,Hartlepool,Salford,0,2,A,1,6
2022-10-25,E3,Doncaster,Stevenage,0,1,A,2,3
2022-10-25,E3,Colchester,Crawley Town,2,2,D,4,2
2022-10-25,E3,Bradford,Swindon,1,1,D,5,8
2022-10-25,E3,Barrow,Grimsby,1,0,H,3,2
2022-10-25,E3,AFC Wimbledon,Crewe,1,1,D,6,1
2022-10-25,E3,Leyton Orient,Gillingham,2,0,H,2,1
2022-10-26,E2,Sheffield Weds,Bristol Rvs,1,1,D,6,5
2022-10-28,E1,Birmingham,QPR,2,0,H,3,4
2022-10-29,E3,Mansfield,Swindon,2,5,A,8,11
2022-10-29,E3,Stockport,Sutton,3,0,H,6,1
2022-10-29,E3,Tranmere,Carlisle,0,2,A,3,3
2022-10-29,E3,Walsall,Rochdale,1,0,H,3,2
2022-10-29,E2,Portsmouth,Shrewsbury,1,1,D,3,1
2022-10-29,E2,Port Vale,Lincoln,1,0,H,5,1
2022-10-29,E2,Cheltenham,Milton Keynes Dons,0,0,D,3,8
2022-10-29,E2,Fleetwood Town,Accrington,3,0,H,4,2
2022-10-29,E2,Derby,Bristol Rvs,4,2,H,5,6
2022-10-29,E2,Charlton,Ipswich,4,4,D,7,5
2022-10-29,E2,Bolton,Oxford,1,3,A,3,5
2022-10-29,E2,Barnsley,Forest Green,2,0,H,6,0
2022-10-29,E3,Leyton Orient,Salford,1,0,H,4,0
2022-10-29,E2,Peterboro,Cambridge,1,0,H,3,4
2022-10-29,E3,Hartlepool,Grimsby,2,1,H,3,4
2022-10-29,E1,Cardiff,Rotherham,1,0,H,5,0
2022-10-29,E1,Preston,Middlesbrough,2,1,H,4,1
2022-10-29,E0,Leicester,Man City,0,1,A,5,5
2022-10-29,E0,Bournemouth,Tottenham,2,3,A,4,7
2022-10-29,E0,Brentford,Wolves,1,1,D,3,4
2022-10-29,E0,Brighton,Chelsea,4,1,H,9,7
2022-10-29,E0,Crystal Palace,Southampton,1,0,H,3,4
2022-10-29,E0,Newcastle,Aston Villa,4,0,H,7,0
2022-10-29,E0,Fulham,Everton,0,0,D,6,4
2022-10-29,E0,Liverpool,Leeds,1,2,A,10,6
2022-10-29,E3,Northampton,Newport County,1,1,D,3,7
2022-10-29,E3,AFC Wimbledon,Harrogate,3,2,H,4,7
2022-10-29,E1,Wigan,Watford,0,1,A,1,2
2022-10-29,E3,Barrow,Crewe,3,0,H,8,2
2022-10-29,E3,Colchester,Stevenage,1,1,D,1,4
2022-10-29,E3,Doncaster,Gillingham,1,0,H,5,3
2022-10-29,E1,Bristol City,Swansea,1,1,D,4,3
2022-10-29,E1,West Brom,Sheffield United,0,2,A,4,2
2022-10-29,E1,Burnley,Reading,2,1,H,3,4
2022-10-29,E2,Sheffield Weds,Burton,4,2,H,7,4
2022-10-29,E1,Coventry,Blackpool,1,2,A,5,4
2022-10-29,E1,Huddersfield,Millwall,1,0,H,5,1
2022-10-29,E1,Hull,Blackburn,0,1,A,0,6
2022-10-29,E1,Luton,Sunderland,1,1,D,3,4
2022-10-29,E1,Norwich,Stoke,3,1,H,9,4
2022-10-29,E3,Bradford,Crawley Town,1,1,D,7,5
2022-10-29,E2,Wycombe,Morecambe,1,1,D,4,5
2022-10-30,E0,Man United,West Ham,1,0,H,3,5
2022-10-30,E0,Arsenal,Nott'm Forest,5,0,H,10,2
2022-10-31,E2,Plymouth,Exeter,4,2,H,5,5
2022-11-01,E1,Luton,Reading,0,0,D,2,3
2022-11-01,E2,Morecambe,Derby,1,1,D,5,11
2022-11-01,E2,Oxford,Fleetwood Town,1,1,D,6,6
2022-11-01,E2,Wycombe,Port Vale,2,2,D,5,4
2022-11-01,E2,Lincoln,Accrington,1,1,D,7,3
2022-11-01,E3,Tranmere,Stockport,0,0,D,1,2
2022-11-01,E3,Barrow,Colchester,3,1,H,4,2
2022-11-01,E1,West Brom,Blackpool,1,0,H,5,0
2022-11-01,E1,Bristol City,Sheffield United,0,1,A,3,3
2022-11-01,E1,Preston,Swansea,1,0,H,4,4
2022-11-01,E1,Hull,Middlesbrough,1,3,A,2,3
2022-11-01,E1,Coventry,Blackburn,1,0,H,7,2
2022-11-02,E1,Huddersfield,Sunderland,0,2,A,3,3
2022-11-02,E1,Norwich,QPR,0,0,D,3,4
2022-11-02,E1,Burnley,Rotherham,3,2,H,11,5
2022-11-02,E1,Birmingham,Millwall,0,0,D,0,3
2022-11-02,E1,Wigan,Stoke,0,1,A,1,5
2022-11-02,E1,Cardiff,Watford,1,2,A,3,5
2022-11-04,E1,Reading,Preston,1,2,A,2,4
2022-11-05,E1,Rotherham,Norwich,1,2,A,4,4
2022-11-05,E0,Everton,Leicester,0,2,A,2,8
2022-11-05,E0,Wolves,Brighton,2,3,A,5,8
2022-11-05,E0,Nott'm Forest,Brentford,2,2,D,7,2
2022-11-05,E0,Man City,Fulham,2,1,H,5,2
2022-11-05,E0,Leeds,Bournemouth,4,3,H,4,6
2022-11-05,E1,Watford,Coventry,0,1,A,2,4
2022-11-05,E1,Swansea,Wigan,2,2,D,3,4
2022-11-05,E1,Sunderland,Cardiff,0,1,A,2,4
2022-11-05,E1,Stoke,Birmingham,1,2,A,7,3
2022-11-05,E1,Middlesbrough,Bristol City,1,1,D,9,2
2022-11-05,E1,Blackpool,Luton,0,1,A,8,3
2022-11-05,E1,Millwall,Hull,0,0,D,6,2
2022-11-05,E1,QPR,West Brom,0,1,A,2,2
2022-11-05,E1,Sheffield United,Burnley,5,2,H,12,4
2022-11-05,E1,Blackburn,Huddersfield,1,0,H,4,3
2022-11-06,E0,Chelsea,Arsenal,0,1,A,1,2
2022-11-06,E0,Aston Villa,Man United,3,1,H,4,3
2022-11-06,E0,Southampton,Newcastle,1,4,A,5,4
2022-11-06,E0,West Ham,Crystal Palace,1,2,A,2,6
2022-11-06,E0,Tottenham,Liverpool,1,2,A,5,6
2022-11-08,E1,Birmingham,Swansea,2,2,D,2,3
2022-11-08,E1,Coventry,Wigan,2,0,H,2,0
2022-11-08,E1,Cardiff,Hull,2,3,A,2,4
2022-11-08,E1,Watford,Reading,2,0,H,5,1
2022-11-08,E1,Blackpool,Middlesbrough,0,3,A,1,5
2022-11-08,E1,QPR,Huddersfield,1,2,A,6,5
2022-11-08,E1,Sheffield United,Rotherham,0,1,A,5,2
2022-11-08,E1,Stoke,Luton,2,0,H,2,3
2022-11-08,E3,Mansfield,Bradford,1,2,A,3,5
2022-11-08,E3,Harrogate,Carlisle,3,3,D,8,4
2022-11-08,E3,Rochdale,Salford,1,0,H,2,1
2022-11-08,E3,AFC Wimbledon,Leyton Orient,2,0,H,3,3
2022-11-09,E2,Shrewsbury,Oxford,1,1,D,5,5
2022-11-11,E1,Birmingham,Sunderland,1,2,A,6,4
2022-11-12,E0,West Ham,Leicester,0,2,A,6,6
2022-11-12,E2,Accrington,Sheffield Weds,0,1,A,4,5
2022-11-12,E2,Bristol Rvs,Fleetwood Town,2,2,D,3,5
2022-11-12,E2,Burton,Charlton,3,3,D,10,4
2022-11-12,E2,Cambridge,Bolton,0,0,D,5,1
2022-11-12,E2,Exeter,Peterboro,3,2,H,4,7
2022-11-12,E2,Forest Green,Wycombe,0,2,A,1,4
2022-11-12,E2,Ipswich,Cheltenham,1,1,D,4,1
2022-11-12,E2,Lincoln,Plymouth,1,1,D,8,7
2022-11-12,E2,Shrewsbury,Barnsley,0,1,A,1,2
2022-11-12,E2,Oxford,Port Vale,4,0,H,8,2
2022-11-12,E2,Morecambe,Portsmouth,1,1,D,4,5
2022-11-12,E2,Milton Keynes Dons,Derby,1,3,A,4,3
2022-11-12,E0,Man City,Brentford,1,2,A,6,8
2022-11-12,E0,Bournemouth,Everton,3,0,H,9,3
2022-11-12,E0,Liverpool,Southampton,3,1,H,7,5
2022-11-12,E0,Nott'm Forest,Crystal Palace,1,0,H,2,0
2022-11-12,E0,Wolves,Arsenal,0,2,A,2,4
2022-11-12,E0,Newcastle,Chelsea,1,0,H,3,2
2022-11-12,E0,Tottenham,Leeds,4,3,H,8,5
2022-11-12,E3,Gillingham,Northampton,0,2,A,3,4
2022-11-12,E3,Crawley Town,Barrow,1,0,H,2,4
2022-11-12,E3,Stevenage,Hartlepool,1,0,H,6,2
2022-11-12,E3,Salford,AFC Wimbledon,0,0,D,3,4
2022-11-12,E3,Rochdale,Mansfield,0,1,A,1,3
2022-11-12,E3,Newport County,Stockport,1,2,A,6,3
2022-11-12,E3,Harrogate,Leyton Orient,0,2,A,6,6
2022-11-12,E3,Grimsby,Doncaster,1,3,A,4,4
2022-11-12,E3,Carlisle,Walsall,0,0,D,1,1
2022-11-12,E1,Wigan,Blackpool,2,1,H,3,1
2022-11-12,E3,Sutton,Bradford,0,2,A,1,4
2022-11-12,E1,West Brom,Stoke,2,0,H,4,3
2022-11-12,E1,Norwich,Middlesbrough,1,2,A,6,3
2022-11-12,E1,Luton,Rotherham,1,1,D,7,2
2022-11-12,E1,Hull,Reading,1,2,A,4,4
2022-11-12,E1,Huddersfield,Swansea,0,0,D,4,6
2022-11-12,E1,Coventry,QPR,2,0,H,5,1
2022-11-12,E1,Cardiff,Sheffield United,0,1,A,2,5
2022-11-12,E1,Bristol City,Watford,0,0,D,2,0
2022-11-12,E3,Crewe,Colchester,1,0,H,3,6
2022-11-12,E1,Preston,Millwall,2,4,A,4,4
2022-11-12,E3,Swindon,Tranmere,1,1,D,3,3
2022-11-13,E0,Brighton,Aston Villa,1,2,A,2,2
2022-11-13,E1,Burnley,Blackburn,3,0,H,8,1
2022-11-13,E0,Fulham,Man United,1,2,A,7,9
2022-11-18,E2,Portsmouth,Derby,0,0,D,1,3
2022-11-19,E3,Bradford,Northampton,1,3,A,6,6
2022-11-19,E2,Barnsley,Milton Keynes Dons,3,1,H,6,2
2022-11-19,E2,Bristol Rvs,Peterboro,1,0,H,5,1
2022-11-19,E2,Burton,Plymouth,2,2,D,6,4
2022-11-19,E2,Cambridge,Accrington,0,1,A,1,2
2022-11-19,E2,Cheltenham,Wycombe,1,0,H,4,5
2022-11-19,E2,Fleetwood Town,Bolton,1,2,A,2,6
2022-11-19,E3,Swindon,Crewe,0,1,A,7,2
2022-11-19,E2,Oxford,Forest Green,1,1,D,9,5
2022-11-19,E2,Exeter,Ipswich,0,2,A,1,6
2022-11-19,E2,Port Vale,Charlton,1,0,H,1,1
2022-11-19,E3,Tranmere,AFC Wimbledon,0,2,A,3,5
2022-11-19,E3,Walsall,Crawley Town,2,1,H,9,2
2022-11-19,E3,Stockport,Leyton Orient,1,2,A,5,4
2022-11-19,E3,Salford,Carlisle,1,4,A,5,7
2022-11-19,E3,Newport County,Gillingham,2,0,H,3,2
2022-11-19,E3,Harrogate,Mansfield,3,0,H,6,4
2022-11-19,E3,Grimsby,Stevenage,1,1,D,3,4
2022-11-19,E3,Colchester,Doncaster,3,0,H,6,0
2022-11-19,E2,Sheffield Weds,Shrewsbury,1,0,H,4,1
2022-11-19,E3,Barrow,Hartlepool,3,1,H,5,5
2022-11-19,E2,Lincoln,Morecambe,2,1,H,5,2
2022-11-19,E3,Sutton,Rochdale,1,0,H,4,3
2022-11-22,E3,Crawley Town,Gillingham,0,0,D,1,1
2022-12-02,E2,Peterboro,Barnsley,1,2,A,1,3
2022-12-02,E3,Crewe,Newport County,1,2,A,2,4
2022-12-02,E3,Doncaster,Walsall,0,2,A,1,3
2022-12-02,E3,Stevenage,Barrow,5,0,H,4,0
2022-12-02,E2,Morecambe,Exeter,1,1,D,1,7
2022-12-02,E2,Ipswich,Fleetwood Town,1,1,D,6,3
2022-12-02,E2,Plymouth,Port Vale,0,2,A,6,7
2022-12-02,E2,Charlton,Cheltenham,0,1,A,4,5
2022-12-02,E2,Bolton,Bristol Rvs,1,1,D,5,1
2022-12-03,E3,Leyton Orient,Bradford,3,0,H,7,2
2022-12-03,E2,Accrington,Oxford,1,1,D,4,1
2022-12-03,E3,Gillingham,Salford,0,3,A,3,5
2022-12-03,E3,AFC Wimbledon,Grimsby,1,0,H,2,1
2022-12-03,E1,Sunderland,Millwall,3,0,H,5,5
2022-12-03,E2,Forest Green,Cambridge,2,1,H,4,3
2022-12-03,E2,Shrewsbury,Lincoln,2,0,H,4,3
2022-12-03,E3,Carlisle,Sutton,1,1,D,1,5
2022-12-03,E2,Derby,Sheffield Weds,0,0,D,3,2
2022-12-03,E3,Crawley Town,Swindon,2,0,H,5,0
2022-12-03,E3,Hartlepool,Stockport,0,5,A,1,8
2022-12-03,E3,Mansfield,Colchester,2,1,H,6,2
2022-12-03,E3,Northampton,Tranmere,0,0,D,3,5
2022-12-03,E3,Rochdale,Harrogate,1,4,A,2,4
2022-12-03,E2,Milton Keynes Dons,Burton,1,1,D,3,3
2022-12-04,E2,Wycombe,Portsmouth,2,0,H,5,3
2022-12-09,E3,Crawley Town,Hartlepool,0,2,A,1,2
2022-12-10,E3,Grimsby,Tranmere,2,1,H,5,2
2022-12-10,E1,Blackburn,Preston,1,4,A,2,6
2022-12-10,E1,Rotherham,Bristol City,1,3,A,5,4
2022-12-10,E1,Reading,Coventry,1,0,H,3,4
2022-12-10,E1,Blackpool,Birmingham,0,0,D,0,1
2022-12-10,E1,Swansea,Norwich,0,1,A,7,2
2022-12-10,E1,Stoke,Cardiff,2,2,D,3,5
2022-12-10,E2,Lincoln,Wycombe,0,0,D,1,1
2022-12-10,E1,Millwall,Wigan,1,1,D,6,3
2022-12-10,E3,Sutton,Colchester,1,0,H,7,0
2022-12-10,E3,Stevenage,Mansfield,0,0,D,1,2
2022-12-10,E2,Ipswich,Peterboro,2,1,H,4,3
2022-12-10,E2,Shrewsbury,Bolton,3,2,H,6,3
2022-12-10,E2,Burton,Derby,1,1,D,4,4
2022-12-10,E2,Forest Green,Cheltenham,1,0,H,5,1
2022-12-10,E2,Bristol Rvs,Port Vale,1,0,H,4,2
2022-12-10,E2,Cambridge,Plymouth,0,0,D,4,1
2022-12-10,E2,Exeter,Sheffield Weds,1,1,D,5,4
2022-12-10,E3,Newport County,Doncaster,0,1,A,1,4
2022-12-10,E1,Sheffield United,Huddersfield,1,0,H,4,1
2022-12-10,E2,Milton Keynes Dons,Fleetwood Town,1,2,A,6,2
2022-12-10,E1,Middlesbrough,Luton,2,1,H,3,1
2022-12-10,E3,Swindon,AFC Wimbledon,0,0,D,1,6
2022-12-11,E1,Watford,Hull,0,0,D,3,3
2022-12-11,E1,QPR,Burnley,0,3,A,2,7
2022-12-12,E1,Sunderland,West Brom,1,2,A,3,4
2022-12-16,E1,Birmingham,Reading,3,2,H,6,7
2022-12-17,E1,Huddersfield,Watford,0,2,A,2,6
2022-12-17,E1,Coventry,Swansea,3,3,D,9,7
2022-12-17,E1,Cardiff,Blackpool,1,1,D,8,2
2022-12-17,E1,Burnley,Middlesbrough,3,1,H,4,4
2022-12-17,E1,Bristol City,Stoke,1,2,A,5,3
2022-12-17,E1,Norwich,Blackburn,0,2,A,4,3
2022-12-17,E1,Hull,Sunderland,1,1,D,2,1
2022-12-17,E2,Charlton,Bristol Rvs,1,2,A,5,5
2022-12-17,E3,Leyton Orient,Sutton,2,0,H,1,1
2022-12-17,E1,Preston,QPR,0,1,A,2,6
2022-12-17,E3,Barrow,Swindon,0,1,A,0,8
2022-12-17,E2,Barnsley,Burton,2,0,H,4,3
2022-12-17,E2,Bolton,Exeter,2,0,H,3,2
2022-12-17,E2,Derby,Forest Green,4,0,H,8,1
2022-12-17,E2,Plymouth,Morecambe,2,1,H,13,5
2022-12-17,E2,Portsmouth,Milton Keynes Dons,0,2,A,8,4
2022-12-17,E2,Sheffield Weds,Oxford,0,0,D,2,5
2022-12-17,E2,Wycombe,Ipswich,1,0,H,3,6
2022-12-17,E1,West Brom,Rotherham,3,0,H,9,1
2022-12-19,E1,Wigan,Sheffield United,1,2,A,3,6
2022-12-20,E3,Northampton,Carlisle,2,1,H,4,2
2022-12-21,E1,Coventry,West Brom,1,0,H,8,3
2022-12-26,E2,Burton,Lincoln,3,0,H,5,2
2022-12-26,E3,Salford,Barrow,1,1,D,2,4
2022-12-26,E3,Stockport,Crewe,2,0,H,9,0
2022-12-26,E3,Swindon,Walsall,1,2,A,3,2
2022-12-26,E3,Tranmere,Doncaster,3,0,H,5,2
2022-12-26,E1,Luton,Norwich,2,1,H,3,5
2022-12-26,E1,Cardiff,QPR,0,0,D,0,1
2022-12-26,E1,Sheffield United,Coventry,3,1,H,3,4
2022-12-26,E1,Rotherham,Stoke,2,2,D,1,5
2022-12-26,E1,Preston,Huddersfield,1,2,A,2,3
2022-12-26,E1,Middlesbrough,Wigan,4,1,H,7,5
2022-12-26,E1,Hull,Blackpool,1,1,D,1,5
2022-12-26,E1,Bristol City,West Brom,0,2,A,3,4
2022-12-26,E1,Sunderland,Blackburn,2,1,H,5,2
2022-12-26,E1,Watford,Millwall,0,2,A,2,8
2022-12-26,E2,Port Vale,Morecambe,1,0,H,3,1
2022-12-26,E3,Rochdale,Hartlepool,1,2,A,2,7
2022-12-26,E3,Mansfield,Northampton,1,1,D,3,4
2022-12-26,E3,Harrogate,Grimsby,3,2,H,3,8
2022-12-26,E3,Gillingham,Colchester,0,1,A,2,2
2022-12-26,E2,Cambridge,Shrewsbury,2,1,H,2,5
2022-12-26,E2,Charlton,Peterboro,1,1,D,3,6
2022-12-26,E2,Cheltenham,Plymouth,0,1,A,6,3
2022-12-26,E0,Arsenal,West Ham,3,1,H,5,4
2022-12-26,E0,Aston Villa,Liverpool,1,3,A,6,9
2022-12-26,E0,Southampton,Brighton,1,3,A,4,4
2022-12-26,E0,Leicester,Newcastle,0,3,A,2,5
2022-12-26,E0,Everton,Wolves,1,2,A,6,4
2022-12-26,E2,Accrington,Barnsley,1,1,D,2,5
2022-12-26,E0,Crystal Palace,Fulham,0,3,A,0,11
2022-12-26,E2,Exeter,Portsmouth,0,0,D,3,5
2022-12-26,E2,Fleetwood Town,Sheffield Weds,1,2,A,4,4
2022-12-26,E2,Ipswich,Oxford,3,0,H,9,2
2022-12-26,E2,Milton Keynes Dons,Forest Green,1,0,H,5,5
2022-12-26,E3,AFC Wimbledon,Newport County,1,1,D,2,4
2022-12-26,E3,Carlisle,Bradford,1,0,H,5,0
2022-12-26,E3,Crawley Town,Sutton,1,2,A,2,5
2022-12-26,E0,Brentford,Tottenham,2,2,D,5,8
2022-12-26,E2,Wycombe,Bristol Rvs,2,1,H,5,5
2022-12-27,E2,Bolton,Derby,0,0,D,2,2
2022-12-27,E1,Reading,Swansea,2,1,H,4,7
2022-12-27,E0,Chelsea,Bournemouth,2,0,H,5,4
2022-12-27,E0,Man United,Nott'm Forest,3,0,H,8,3
2022-12-27,E3,Leyton Orient,Stevenage,0,0,D,4,3
2022-12-27,E1,Burnley,Birmingham,3,0,H,4,0
2022-12-28,E0,Leeds,Man City,1,3,A,1,9
2022-12-29,E3,Doncaster,Rochdale,4,3,H,4,3
2022-12-29,E3,Hartlepool,Mansfield,1,2,A,1,6
2022-12-29,E3,Grimsby,Salford,1,4,A,4,5
2022-12-29,E3,Colchester,AFC Wimbledon,1,2,A,4,8
2022-12-29,E3,Bradford,Harrogate,1,0,H,5,1
2022-12-29,E3,Barrow,Tranmere,1,2,A,4,7
2022-12-29,E3,Crewe,Carlisle,0,3,A,1,6
2022-12-29,E1,Blackburn,Middlesbrough,1,2,A,5,4
2022-12-29,E3,Northampton,Swindon,1,2,A,8,4
2022-12-29,E1,Coventry,Cardiff,0,0,D,4,2
2022-12-29,E1,Huddersfield,Rotherham,2,0,H,3,2
2022-12-29,E1,Millwall,Bristol City,0,0,D,0,2
2022-12-29,E1,Wigan,Sunderland,1,4,A,2,7
2022-12-29,E1,West Brom,Preston,2,0,H,8,2
2022-12-29,E1,Blackpool,Sheffield United,1,2,A,4,6
2022-12-29,E1,QPR,Luton,0,3,A,2,5
2022-12-29,E3,Sutton,Gillingham,2,1,H,3,2
2022-12-29,E3,Walsall,Stockport,0,2,A,4,7
2022-12-29,E2,Morecambe,Accrington,2,0,H,4,8
2022-12-29,E2,Shrewsbury,Cheltenham,0,1,A,1,1
2022-12-29,E2,Sheffield Weds,Port Vale,2,0,H,2,1
2022-12-29,E2,Portsmouth,Ipswich,2,2,D,2,5
2022-12-29,E2,Plymouth,Wycombe,1,0,H,3,1
2022-12-29,E2,Peterboro,Milton Keynes Dons,2,0,H,6,2
2022-12-29,E2,Oxford,Charlton,3,1,H,5,3
2022-12-29,E2,Barnsley,Fleetwood Town,2,1,H,5,1
2022-12-29,E2,Bristol Rvs,Exeter,3,4,A,6,8
2022-12-29,E2,Forest Green,Burton,1,2,A,2,3
2022-12-30,E1,Norwich,Reading,1,1,D,5,4
2022-12-30,E1,Birmingham,Hull,0,1,A,3,2
2022-12-30,E0,West Ham,Brentford,0,2,A,5,6
2022-12-30,E0,Liverpool,Leicester,2,1,H,5,2
2022-12-30,E1,Stoke,Burnley,0,1,A,3,2
2022-12-30,E2,Derby,Cambridge,1,0,H,6,2
2022-12-30,E2,Lincoln,Bolton,1,1,D,3,1
2022-12-30,E3,Stevenage,Crawley Town,3,1,H,7,2
2022-12-30,E3,Newport County,Leyton Orient,0,0,D,2,2
2022-12-30,E1,Swansea,Watford,4,0,H,7,3
2022-12-31,E0,Wolves,Man United,0,1,A,3,6
2022-12-31,E0,Bournemouth,Crystal Palace,0,2,A,2,6
2022-12-31,E0,Brighton,Arsenal,2,4,A,5,7
2022-12-31,E0,Newcastle,Leeds,0,0,D,5,1
2022-12-31,E0,Fulham,Southampton,2,1,H,2,3
2022-12-31,E0,Man City,Everton,1,1,D,3,1
2023-01-01,E2,Peterboro,Wycombe,0,3,A,7,7
2023-01-01,E1,Coventry,Bristol City,1,1,D,6,2
2023-01-01,E1,Blackpool,Sunderland,1,1,D,2,5
2023-01-01,E1,Blackburn,Cardiff,1,0,H,4,3
2023-01-01,E2,Oxford,Exeter,0,1,A,5,4
2023-01-01,E3,Colchester,Swindon,1,0,H,5,4
2023-01-01,E2,Plymouth,Milton Keynes Dons,3,1,H,6,4
2023-01-01,E1,Huddersfield,Luton,1,2,A,3,5
2023-01-01,E2,Portsmouth,Charlton,1,3,A,4,4
2023-01-01,E3,Walsall,Mansfield,2,1,H,3,2
2023-01-01,E3,Sutton,AFC Wimbledon,2,1,H,10,4
2023-01-01,E3,Hartlepool,Harrogate,3,3,D,6,5
2023-01-01,E3,Grimsby,Stockport,1,0,H,3,2
2023-01-01,E3,Doncaster,Carlisle,2,1,H,4,2
2023-01-01,E3,Bradford,Salford,3,2,H,6,3
2023-01-01,E2,Shrewsbury,Fleetwood Town,0,3,A,0,4
2023-01-01,E1,Millwall,Rotherham,3,0,H,12,1
2023-01-01,E3,Crewe,Tranmere,1,0,H,3,3
2023-01-01,E0,Tottenham,Aston Villa,0,2,A,2,4
2023-01-01,E2,Morecambe,Burton,5,0,H,11,0
2023-01-01,E2,Forest Green,Port Vale,1,3,A,1,4
2023-01-01,E2,Bristol Rvs,Cheltenham,2,1,H,3,4
2023-01-01,E0,Nott'm Forest,Chelsea,1,1,D,5,2
2023-01-02,E3,Newport County,Crawley Town,2,2,D,7,6
2023-01-02,E1,West Brom,Reading,1,0,H,4,2
2023-01-02,E3,Barrow,Rochdale,0,0,D,2,0
2023-01-02,E2,Sheffield Weds,Cambridge,5,0,H,8,2
2023-01-02,E2,Lincoln,Ipswich,1,1,D,1,8
2023-01-02,E2,Derby,Accrington,4,0,H,6,3
2023-01-02,E2,Barnsley,Bolton,0,3,A,3,3
2023-01-02,E0,Brentford,Liverpool,3,1,H,7,6
2023-01-02,E1,Swansea,Burnley,1,2,A,3,3
2023-01-02,E1,QPR,Sheffield United,1,1,D,2,6
2023-01-02,E1,Wigan,Hull,1,4,A,1,4
2023-01-02,E1,Birmingham,Middlesbrough,1,3,A,1,8
2023-01-02,E1,Norwich,Watford,0,1,A,1,3
2023-01-02,E1,Stoke,Preston,0,1,A,3,2
2023-01-02,E3,Northampton,Leyton Orient,1,0,H,4,1
2023-01-02,E3,Stevenage,Gillingham,1,0,H,3,2
2023-01-03,E0,Man United,Bournemouth,3,0,H,6,4
2023-01-03,E0,Leicester,Fulham,0,1,A,6,2
2023-01-03,E0,Arsenal,Newcastle,0,0,D,4,1
2023-01-03,E0,Everton,Brighton,1,4,A,4,8
2023-01-04,E0,Southampton,Nott'm Forest,0,1,A,0,1
2023-01-04,E0,Leeds,West Ham,2,2,D,6,2
2023-01-04,E0,Aston Villa,Wolves,1,1,D,4,3
2023-01-04,E0,Crystal Palace,Tottenham,0,4,A,4,6
2023-01-05,E0,Chelsea,Man City,0,1,A,2,3
2023-01-07,E3,Harrogate,Colchester,1,3,A,9,4
2023-01-07,E3,Crewe,AFC Wimbledon,0,0,D,2,1
2023-01-07,E3,Salford,Northampton,2,1,H,6,4
2023-01-07,E3,Mansfield,Barrow,2,3,A,6,3
2023-01-07,E3,Tranmere,Sutton,2,2,D,3,3
2023-01-07,E2,Charlton,Lincoln,2,1,H,7,2
2023-01-07,E2,Bolton,Plymouth,0,0,D,2,2
2023-01-07,E3,Leyton Orient,Doncaster,1,0,H,4,0
2023-01-07,E2,Cambridge,Bristol Rvs,1,2,A,2,4
2023-01-07,E3,Rochdale,Newport County,1,1,D,5,5
2023-01-07,E2,Morecambe,Cheltenham,2,1,H,5,1
2023-01-10,E3,Bradford,Rochdale,1,2,A,3,6
2023-01-12,E0,Fulham,Chelsea,2,1,H,3,10
2023-01-13,E0,Aston Villa,Leeds,2,1,H,5,4
2023-01-14,E1,Rotherham,Blackburn,4,0,H,4,3
2023-01-14,E3,Tranmere,Walsall,1,1,D,4,1
2023-01-14,E1,Luton,West Brom,2,3,A,4,7
2023-01-14,E1,Preston,Norwich,0,4,A,2,8
2023-01-14,E2,Charlton,Barnsley,2,0,H,4,2
2023-01-14,E2,Burton,Shrewsbury,0,4,A,1,7
2023-01-14,E2,Bolton,Portsmouth,3,0,H,8,3
2023-01-14,E2,Accrington,Bristol Rvs,2,0,H,2,4
2023-01-14,E1,Burnley,Coventry,1,0,H,5,0
2023-01-14,E3,Swindon,Grimsby,5,0,H,11,3
2023-01-14,E0,Brentford,Bournemouth,2,0,H,4,2
2023-01-14,E0,Wolves,West Ham,1,0,H,4,4
2023-01-14,E0,Nott'm Forest,Leicester,2,0,H,5,1
2023-01-14,E0,Everton,Southampton,1,2,A,4,5
2023-01-14,E0,Brighton,Liverpool,3,0,H,9,2
2023-01-14,E0,Man United,Man City,2,1,H,4,1
2023-01-14,E1,Cardiff,Wigan,1,1,D,2,4
2023-01-14,E1,Hull,Huddersfield,1,1,D,5,6
2023-01-14,E1,Bristol City,Birmingham,4,2,H,5,4
2023-01-14,E3,Stockport,Northampton,2,0,H,3,3
2023-01-14,E1,Middlesbrough,Millwall,1,0,H,3,2
2023-01-14,E3,Rochdale,Colchester,1,2,A,5,4
2023-01-14,E3,Salford,Sutton,2,0,H,5,4
2023-01-14,E2,Ipswich,Plymouth,1,1,D,5,5
2023-01-14,E2,Milton Keynes Dons,Lincoln,0,0,D,1,2
2023-01-14,E2,Wycombe,Sheffield Weds,0,1,A,2,4
2023-01-14,E1,Reading,QPR,2,2,D,3,4
2023-01-14,E1,Sheffield United,Stoke,3,1,H,3,5
2023-01-14,E1,Sunderland,Swansea,1,3,A,3,6
2023-01-14,E2,Cheltenham,Derby,2,3,A,5,5
2023-01-14,E3,AFC Wimbledon,Bradford,0,0,D,3,5
2023-01-14,E3,Carlisle,Newport County,2,0,H,4,3
2023-01-14,E3,Gillingham,Hartlepool,2,0,H,3,2
2023-01-14,E3,Harrogate,Stevenage,1,1,D,4,4
2023-01-14,E3,Leyton Orient,Barrow,0,0,D,4,2
2023-01-14,E1,Watford,Blackpool,2,0,H,5,2
2023-01-14,E3,Mansfield,Crewe,1,1,D,5,3
2023-01-14,E2,Fleetwood Town,Oxford,1,2,A,7,2
2023-01-14,E2,Exeter,Forest Green,1,1,D,2,1
2023-01-15,E0,Tottenham,Arsenal,0,2,A,7,5
2023-01-15,E0,Newcastle,Fulham,1,0,H,5,0
2023-01-15,E0,Chelsea,Crystal Palace,1,0,H,5,5
2023-01-16,E2,Port Vale,Peterboro,0,2,A,4,3
2023-01-18,E0,Crystal Palace,Man United,1,1,D,5,4
2023-01-19,E0,Man City,Tottenham,4,2,H,6,3
2023-01-20,E1,Sheffield United,Hull,1,0,H,5,2
2023-01-20,E1,Burnley,West Brom,2,1,H,2,2
2023-01-21,E0,Liverpool,Chelsea,0,0,D,3,2
2023-01-21,E0,Bournemouth,Nott'm Forest,1,1,D,4,5
2023-01-21,E0,Leicester,Brighton,2,2,D,2,4
2023-01-21,E0,Crystal Palace,Newcastle,0,0,D,1,7
2023-01-21,E0,West Ham,Everton,2,0,H,4,2
2023-01-21,E0,Southampton,Aston Villa,0,1,A,5,5
2023-01-21,E2,Sheffield Weds,Fleetwood Town,1,0,H,4,2
2023-01-21,E1,Coventry,Norwich,2,4,A,4,7
2023-01-21,E2,Forest Green,Milton Keynes Dons,1,2,A,2,2
2023-01-21,E2,Oxford,Ipswich,2,1,H,5,6
2023-01-21,E2,Plymouth,Cheltenham,4,2,H,6,4
2023-01-21,E1,Birmingham,Preston,1,2,A,4,4
2023-01-21,E3,Colchester,Gillingham,0,2,A,6,3
2023-01-21,E3,Hartlepool,Rochdale,2,0,H,7,3
2023-01-21,E3,Stevenage,Leyton Orient,3,0,H,8,0
2023-01-21,E2,Portsmouth,Exeter,2,0,H,4,3
2023-01-21,E1,Wigan,Luton,0,2,A,1,2
2023-01-21,E1,Watford,Rotherham,1,1,D,5,5
2023-01-21,E1,Stoke,Reading,4,0,H,7,3
2023-01-21,E1,QPR,Swansea,1,1,D,4,2
2023-01-21,E1,Cardiff,Millwall,0,1,A,4,6
2023-01-21,E1,Bristol City,Blackburn,1,1,D,3,2
2023-01-21,E2,Shrewsbury,Cambridge,5,1,H,8,2
2023-01-21,E2,Derby,Bolton,2,1,H,5,3
2023-01-21,E2,Barnsley,Accrington,3,1,H,5,2
2023-01-22,E0,Leeds,Brentford,0,0,D,5,0
2023-01-22,E0,Arsenal,Man United,3,2,H,5,4
2023-01-22,E0,Man City,Wolves,3,0,H,7,1
2023-01-22,E1,Sunderland,Middlesbrough,2,0,H,6,6
2023-01-23,E0,Fulham,Tottenham,0,1,A,5,3
2023-01-24,E2,Wycombe,Oxford,2,0,H,5,2
2023-01-24,E2,Fleetwood Town,Portsmouth,0,2,A,3,7
2023-01-24,E2,Port Vale,Derby,1,2,A,7,8
2023-01-24,E2,Bolton,Forest Green,1,0,H,2,4
2023-01-24,E2,Milton Keynes Dons,Shrewsbury,0,1,A,1,2
2023-01-24,E2,Ipswich,Morecambe,4,0,H,9,0
2023-01-24,E3,Stockport,Bradford,0,0,D,1,1
2023-01-24,E3,Colchester,Salford,1,1,D,6,2
2023-01-24,E3,Carlisle,Hartlepool,3,1,H,11,3
2023-01-28,E3,Crawley Town,Salford,3,2,H,7,8
2023-01-28,E3,Tranmere,Leyton Orient,1,0,H,1,0
2023-01-28,E3,Swindon,Gillingham,3,3,D,8,4
2023-01-28,E3,Rochdale,Carlisle,0,1,A,2,3
2023-01-28,E3,Mansfield,Doncaster,4,1,H,4,3
2023-01-28,E3,Hartlepool,Colchester,1,2,A,5,8
2023-01-28,E3,Harrogate,Sutton,0,1,A,3,3
2023-01-28,E3,Barrow,Northampton,0,2,A,2,4
2023-01-28,E3,AFC Wimbledon,Stockport,1,0,H,3,2
2023-01-28,E1,Hull,QPR,3,0,H,3,2
2023-01-28,E1,Middlesbrough,Watford,2,0,H,6,4
2023-01-28,E1,Coventry,Huddersfield,2,0,H,5,4
2023-01-28,E2,Morecambe,Bristol Rvs,5,1,H,5,7
2023-01-28,E2,Shrewsbury,Forest Green,2,1,H,5,2
2023-01-28,E2,Peterboro,Portsmouth,2,1,H,5,1
2023-01-28,E2,Milton Keynes Dons,Exeter,0,2,A,2,2
2023-01-28,E2,Lincoln,Cambridge,0,0,D,2,3
2023-01-28,E2,Cheltenham,Port Vale,0,0,D,3,4
2023-01-28,E2,Charlton,Bolton,1,2,A,5,8
2023-01-28,E2,Burton,Oxford,2,0,H,5,3
2023-01-31,E3,Salford,Walsall,1,0,H,2,6
2023-01-31,E3,Crewe,Stockport,1,1,D,4,3
2023-01-31,E3,Carlisle,Barrow,5,1,H,9,1
2023-01-31,E1,Luton,Cardiff,1,0,H,4,4
2023-02-01,E2,Oxford,Barnsley,1,2,A,2,5
2023-02-03,E0,Chelsea,Fulham,0,0,D,3,4
2023-02-03,E1,West Brom,Coventry,1,0,H,3,1
2023-02-04,E1,Hull,Cardiff,1,0,H,4,3
2023-02-04,E1,Middlesbrough,Blackpool,3,0,H,6,1
2023-02-04,E1,Luton,Stoke,1,0,H,4,1
2023-02-04,E1,Preston,Bristol City,1,2,A,6,3
2023-02-04,E1,Reading,Watford,2,2,D,6,4
2023-02-04,E1,Swansea,Birmingham,3,4,A,6,6
2023-02-04,E1,Millwall,Sunderland,1,1,D,2,1
2023-02-04,E1,Norwich,Burnley,0,3,A,1,6
2023-02-04,E1,Rotherham,Sheffield United,0,0,D,3,2
2023-02-04,E3,Newport County,Swindon,2,1,H,7,2
2023-02-04,E3,Bradford,Mansfield,1,1,D,7,6
2023-02-04,E3,Carlisle,Harrogate,0,1,A,8,0
2023-02-04,E3,Colchester,Barrow,1,1,D,3,3
2023-02-04,E3,Crewe,Grimsby,0,3,A,0,5
2023-02-04,E3,Doncaster,Hartlepool,0,1,A,5,1
2023-02-04,E1,Huddersfield,QPR,1,1,D,4,2
2023-02-04,E2,Accrington,Lincoln,0,3,A,2,11
2023-02-04,E3,Northampton,Walsall,0,0,D,2,1
2023-02-04,E2,Forest Green,Peterboro,0,2,A,2,4
2023-02-04,E2,Fleetwood Town,Burton,2,3,A,3,6
2023-02-04,E0,Everton,Arsenal,1,0,H,4,3
2023-02-04,E3,Gillingham,Crawley Town,1,0,H,8,2
2023-02-04,E0,Brentford,Southampton,3,0,H,4,6
2023-02-04,E0,Brighton,Bournemouth,1,0,H,6,2
2023-02-04,E2,Oxford,Shrewsbury,0,1,A,6,4
2023-02-04,E0,Man United,Crystal Palace,2,1,H,5,3
2023-02-04,E0,Newcastle,West Ham,1,1,D,2,1
2023-02-04,E2,Exeter,Charlton,1,2,A,5,4
2023-02-04,E2,Derby,Morecambe,5,0,H,12,0
2023-02-04,E2,Cambridge,Ipswich,1,1,D,2,4
2023-02-04,E2,Bristol Rvs,Milton Keynes Dons,0,2,A,1,4
2023-02-04,E2,Bolton,Cheltenham,1,0,H,2,3
2023-02-04,E0,Wolves,Liverpool,3,0,H,6,4
2023-02-04,E2,Port Vale,Wycombe,0,3,A,0,4
2023-02-04,E0,Aston Villa,Leicester,2,4,A,4,5
2023-02-04,E2,Sheffield Weds,Plymouth,1,0,H,4,1
2023-02-04,E3,Salford,Rochdale,2,1,H,3,5
2023-02-04,E3,Stockport,Tranmere,3,2,H,5,5
2023-02-04,E3,Sutton,Stevenage,0,0,D,2,3
2023-02-04,E2,Portsmouth,Barnsley,1,1,D,3,2
2023-02-04,E3,Leyton Orient,AFC Wimbledon,1,0,H,5,2
2023-02-05,E0,Nott'm Forest,Leeds,1,0,H,2,4
2023-02-05,E0,Tottenham,Man City,1,0,H,3,5
2023-02-06,E1,Blackburn,Wigan,0,0,D,3,1
2023-02-07,E3,Doncaster,Tranmere,2,0,H,2,6
2023-02-07,E3,Crewe,Leyton Orient,0,2,A,1,3
2023-02-07,E1,Blackpool,Huddersfield,2,2,D,3,6
2023-02-07,E2,Port Vale,Accrington,1,1,D,6,2
2023-02-08,E0,Man United,Leeds,2,2,D,7,2
2023-02-10,E1,Birmingham,West Brom,2,0,H,4,1
2023-02-11,E2,Wycombe,Derby,3,2,H,7,6
2023-02-11,E2,Shrewsbury,Port Vale,3,2,H,6,6
2023-02-11,E2,Plymouth,Portsmouth,3,1,H,9,4
2023-02-11,E2,Peterboro,Bolton,0,5,A,6,7
2023-02-11,E2,Ipswich,Sheffield Weds,2,2,D,6,3
2023-02-11,E2,Burton,Exeter,1,0,H,2,3
2023-02-11,E2,Charlton,Fleetwood Town,1,2,A,3,6
2023-02-11,E2,Morecambe,Forest Green,1,1,D,4,4
2023-02-11,E2,Milton Keynes Dons,Oxford,1,1,D,3,5
2023-02-11,E2,Lincoln,Bristol Rvs,1,0,H,9,4
2023-02-11,E2,Cheltenham,Accrington,0,0,D,5,2
2023-02-11,E2,Barnsley,Cambridge,2,0,H,4,3
2023-02-11,E3,Stevenage,Bradford,2,3,A,5,3
2023-02-11,E0,Arsenal,Brentford,1,1,D,7,2
2023-02-11,E3,Mansfield,Gillingham,2,0,H,6,3
2023-02-11,E3,Hartlepool,Sutton,2,2,D,6,7
2023-02-11,E3,Harrogate,Stockport,1,3,A,0,9
2023-02-11,E3,Grimsby,Colchester,0,1,A,1,2
2023-02-11,E3,Crawley Town,Crewe,2,2,D,2,4
2023-02-11,E3,Barrow,Newport County,0,1,A,3,6
2023-02-11,E0,West Ham,Chelsea,1,1,D,2,4
2023-02-11,E1,Blackpool,Rotherham,0,0,D,3,2
2023-02-11,E3,Rochdale,Northampton,1,1,D,4,5
2023-02-11,E1,Bristol City,Norwich,1,0,H,2,1
2023-02-11,E1,Cardiff,Middlesbrough,1,3,A,4,3
2023-02-11,E1,Coventry,Luton,1,1,D,3,6
2023-02-11,E1,QPR,Millwall,1,2,A,2,5
2023-02-11,E1,Sheffield United,Swansea,3,0,H,9,3
2023-02-11,E1,Stoke,Hull,0,0,D,2,3
2023-02-11,E1,Sunderland,Reading,1,0,H,5,1
2023-02-11,E1,Watford,Blackburn,1,1,D,6,4
2023-02-11,E1,Wigan,Huddersfield,1,0,H,1,2
2023-02-11,E1,Burnley,Preston,3,0,H,6,2
2023-02-11,E3,Swindon,Doncaster,0,2,A,1,5
2023-02-11,E3,AFC Wimbledon,Carlisle,0,0,D,3,4
2023-02-11,E3,Walsall,Leyton Orient,1,1,D,2,5
2023-02-11,E0,Bournemouth,Newcastle,1,1,D,5,7
2023-02-11,E0,Southampton,Wolves,1,2,A,2,2
2023-02-11,E0,Fulham,Nott'm Forest,2,0,H,3,1
2023-02-11,E0,Crystal Palace,Brighton,1,1,D,1,7
2023-02-11,E0,Leicester,Tottenham,4,1,H,7,4
2023-02-11,E3,Tranmere,Salford,1,0,H,6,2
2023-02-12,E0,Leeds,Man United,0,2,A,6,5
2023-02-12,E0,Man City,Aston Villa,3,1,H,9,2
2023-02-13,E0,Liverpool,Everton,2,0,H,6,1
2023-02-14,E1,Birmingham,Cardiff,0,2,A,1,4
2023-02-14,E1,Norwich,Hull,3,1,H,6,1
2023-02-14,E1,QPR,Sunderland,0,3,A,2,8
2023-02-14,E2,Oxford,Plymouth,1,3,A,4,6
2023-02-14,E1,Burnley,Watford,1,1,D,5,1
2023-02-14,E1,Reading,Rotherham,2,1,H,3,1
2023-02-14,E2,Sheffield Weds,Morecambe,3,0,H,5,2
2023-02-14,E2,Portsmouth,Burton,1,0,H,7,2
2023-02-14,E2,Port Vale,Barnsley,1,3,A,2,4
2023-02-14,E1,Coventry,Millwall,1,0,H,5,2
2023-02-14,E2,Fleetwood Town,Peterboro,1,0,H,1,3
2023-02-14,E2,Exeter,Shrewsbury,0,0,D,3,1
2023-02-14,E3,Bradford,Tranmere,2,0,H,4,0
2023-02-14,E3,Carlisle,Mansfield,0,4,A,3,6
2023-02-14,E3,Colchester,Walsall,0,0,D,2,1
2023-02-14,E3,Crewe,Hartlepool,2,0,H,2,2
2023-02-14,E3,Doncaster,Barrow,1,0,H,4,2
2023-02-14,E3,Leyton Orient,Rochdale,2,1,H,8,4
2023-02-14,E3,Newport County,Stevenage,2,2,D,4,5
2023-02-14,E2,Forest Green,Charlton,0,1,A,1,3
2023-02-14,E3,Northampton,AFC Wimbledon,0,0,D,5,2
2023-02-14,E3,Stockport,Crawley Town,2,1,H,3,2
2023-02-14,E3,Sutton,Swindon,2,1,H,3,5
2023-02-14,E2,Accrington,Wycombe,0,2,A,5,5
2023-02-14,E2,Bolton,Milton Keynes Dons,5,0,H,11,2
2023-02-14,E2,Bristol Rvs,Ipswich,0,0,D,4,7
2023-02-14,E2,Cambridge,Cheltenham,1,2,A,4,3
2023-02-14,E2,Derby,Lincoln,1,1,D,7,5
2023-02-14,E3,Salford,Harrogate,1,1,D,6,3
2023-02-14,E3,Gillingham,Grimsby,2,1,H,4,3
2023-02-15,E1,West Brom,Blackburn,1,1,D,4,4
2023-02-15,E1,Bristol City,Wigan,1,1,D,1,2
2023-02-15,E1,Sheffield United,Middlesbrough,1,3,A,10,5
2023-02-15,E1,Swansea,Blackpool,2,1,H,6,3
2023-02-15,E1,Stoke,Huddersfield,3,0,H,6,1
2023-02-15,E1,Preston,Luton,1,1,D,2,3
2023-02-15,E0,Arsenal,Man City,1,3,A,1,6
2023-02-17,E1,Cardiff,Reading,1,0,H,5,0
2023-02-18,E3,Sutton,Doncaster,2,0,H,6,2
2023-02-18,E3,Stockport,Stevenage,2,0,H,3,4
2023-02-18,E3,Leyton Orient,Crawley Town,1,0,H,1,0
2023-02-18,E3,Northampton,Grimsby,1,2,A,6,4
2023-02-18,E3,AFC Wimbledon,Hartlepool,2,2,D,6,4
2023-02-18,E3,Bradford,Barrow,0,1,A,0,2
2023-02-18,E3,Carlisle,Colchester,1,0,H,3,0
2023-02-18,E3,Harrogate,Crewe,2,2,D,6,3
2023-02-18,E3,Tranmere,Mansfield,0,2,A,0,7
2023-02-18,E3,Walsall,Newport County,1,1,D,5,2
2023-02-18,E3,Salford,Swindon,1,2,A,3,1
2023-02-18,E1,Rotherham,Coventry,0,2,A,1,6
2023-02-18,E1,Wigan,Norwich,0,0,D,6,1
2023-02-18,E1,Sunderland,Bristol City,1,1,D,3,2
2023-02-18,E1,Middlesbrough,QPR,3,1,H,9,2
2023-02-18,E1,Luton,Burnley,0,1,A,2,2
2023-02-18,E1,Hull,Preston,0,0,D,4,0
2023-02-18,E1,Blackpool,Stoke,1,0,H,1,6
2023-02-18,E1,Blackburn,Swansea,1,0,H,3,2
2023-02-18,E1,Millwall,Sheffield United,3,2,H,5,6
2023-02-18,E0,Newcastle,Liverpool,0,2,A,4,7
2023-02-18,E0,Wolves,Bournemouth,0,1,A,4,1
2023-02-18,E0,Nott'm Forest,Man City,1,1,D,1,6
2023-02-18,E0,Everton,Leeds,1,0,H,6,0
2023-02-18,E0,Chelsea,Southampton,0,1,A,5,5
2023-02-18,E0,Brighton,Fulham,0,1,A,7,2
2023-02-18,E0,Brentford,Crystal Palace,1,1,D,5,4
2023-02-18,E1,Huddersfield,Birmingham,2,1,H,7,5
2023-02-18,E2,Lincoln,Portsmouth,0,0,D,2,5
2023-02-18,E3,Rochdale,Gillingham,0,2,A,6,5
2023-02-18,E2,Accrington,Shrewsbury,1,0,H,1,2
2023-02-18,E2,Ipswich,Forest Green,4,0,H,12,0
2023-02-18,E2,Bristol Rvs,Burton,1,2,A,2,10
2023-02-18,E2,Cambridge,Oxford,1,0,H,3,3
2023-02-18,E2,Cheltenham,Barnsley,0,4,A,1,5
2023-02-18,E2,Derby,Charlton,2,0,H,8,2
2023-02-18,E2,Morecambe,Peterboro,0,3,A,1,6
2023-02-18,E2,Plymouth,Fleetwood Town,0,0,D,2,0
2023-02-18,E2,Port Vale,Exeter,1,0,H,5,0
2023-02-18,E2,Sheffield Weds,Milton Keynes Dons,5,2,H,8,2
2023-02-18,E2,Wycombe,Bolton,1,0,H,6,3
2023-02-18,E0,Aston Villa,Arsenal,2,4,A,5,5
2023-02-19,E0,Man United,Leicester,3,0,H,8,3
2023-02-19,E0,Tottenham,West Ham,2,0,H,6,1
2023-02-20,E1,Watford,West Brom,3,2,H,7,4
2023-02-21,E2,Fleetwood Town,Cambridge,1,0,H,1,3
2023-02-21,E1,Norwich,Birmingham,3,1,H,7,2
2023-02-21,E1,Rotherham,Sunderland,2,1,H,3,5
2023-02-21,E3,Grimsby,Harrogate,0,0,D,8,1
2023-02-21,E3,Hartlepool,Newport County,0,1,A,0,5
2023-02-21,E3,Rochdale,Stockport,1,2,A,2,4
2023-02-21,E3,Walsall,Crewe,0,0,D,7,2
2023-02-21,E1,Millwall,Burnley,1,1,D,3,3
2023-02-21,E1,Swansea,Stoke,1,3,A,6,8
2023-02-21,E1,Blackburn,Blackpool,1,0,H,3,0
2023-02-21,E2,Morecambe,Port Vale,1,0,H,2,3
2023-02-24,E0,Fulham,Wolves,1,1,D,5,2
2023-02-25,E2,Milton Keynes Dons,Ipswich,0,1,A,3,8
2023-02-25,E1,Preston,Wigan,2,1,H,3,4
2023-02-25,E1,QPR,Blackburn,1,3,A,2,5
2023-02-25,E1,Reading,Blackpool,3,1,H,5,4
2023-02-25,E1,Sheffield United,Watford,1,0,H,4,2
2023-02-25,E2,Forest Green,Lincoln,1,1,D,5,3
2023-02-25,E1,West Brom,Middlesbrough,2,0,H,4,3
2023-02-25,E0,Leicester,Arsenal,0,1,A,0,2
2023-02-25,E0,Leeds,Southampton,1,0,H,4,2
2023-02-25,E0,Everton,Aston Villa,0,2,A,5,5
2023-02-25,E3,Barrow,Stockport,1,0,H,2,1
2023-02-25,E3,Colchester,Northampton,0,1,A,4,5
2023-02-25,E3,Crawley Town,Carlisle,2,5,A,4,9
2023-02-25,E3,Crewe,Rochdale,1,1,D,5,5
2023-02-25,E3,Doncaster,Bradford,0,1,A,2,6
2023-02-25,E3,Gillingham,AFC Wimbledon,2,1,H,5,3
2023-02-25,E3,Grimsby,Leyton Orient,2,2,D,6,3
2023-02-25,E3,Hartlepool,Walsall,3,3,D,4,6
2023-02-25,E3,Mansfield,Salford,2,5,A,5,8
2023-02-25,E3,Newport County,Sutton,0,2,A,5,4
2023-02-25,E3,Stevenage,Tranmere,0,1,A,5,4
2023-02-25,E3,Swindon,Harrogate,3,0,H,7,3
2023-02-25,E1,Norwich,Cardiff,2,0,H,4,2
2023-02-25,E1,Burnley,Huddersfield,4,0,H,12,1
2023-02-25,E1,Stoke,Millwall,0,1,A,3,1
2023-02-25,E1,Birmingham,Luton,0,1,A,0,5
2023-02-25,E2,Peterboro,Plymouth,5,2,H,12,7
2023-02-25,E2,Portsmouth,Cheltenham,4,0,H,6,1
2023-02-25,E2,Shrewsbury,Wycombe,2,0,H,2,4
2023-02-25,E2,Fleetwood Town,Morecambe,1,0,H,3,1
2023-02-25,E2,Exeter,Cambridge,2,0,H,6,1
2023-02-25,E2,Charlton,Sheffield Weds,0,1,A,3,4
2023-02-25,E2,Burton,Accrington,0,0,D,2,1
2023-02-25,E2,Bolton,Port Vale,2,1,H,2,5
2023-02-25,E1,Bristol City,Hull,1,0,H,3,1
2023-02-25,E2,Oxford,Bristol Rvs,0,3,A,2,4
2023-02-25,E2,Barnsley,Derby,4,1,H,5,5
2023-02-25,E0,Crystal Palace,Liverpool,0,0,D,0,4
2023-02-25,E0,West Ham,Nott'm Forest,4,0,H,5,3
2023-02-25,E0,Bournemouth,Man City,1,4,A,2,5
2023-02-25,E1,Coventry,Sunderland,2,1,H,3,5
2023-02-26,E0,Tottenham,Chelsea,2,0,H,3,2
2023-02-27,E1,Swansea,Rotherham,1,1,D,4,5
2023-02-28,E2,Derby,Cheltenham,2,0,H,3,0
2023-02-28,E2,Lincoln,Milton Keynes Dons,1,1,D,2,4
2023-02-28,E2,Peterboro,Charlton,0,0,D,2,2
2023-02-28,E2,Portsmouth,Bolton,3,1,H,5,2
2023-02-28,E3,Barrow,Salford,1,1,D,5,5
2023-02-28,E1,Preston,Coventry,0,0,D,2,4
2023-02-28,E1,Luton,Millwall,2,2,D,4,3
2023-02-28,E3,Gillingham,Bradford,0,2,A,2,7
2023-02-28,E3,Harrogate,Northampton,1,1,D,2,1
2023-02-28,E3,Tranmere,Crawley Town,1,0,H,4,4
2023-02-28,E3,AFC Wimbledon,Stevenage,2,3,A,7,5
2023-03-01,E0,Liverpool,Wolves,2,0,H,6,1
2023-03-01,E0,Arsenal,Everton,4,0,H,5,5
2023-03-03,E1,Hull,West Brom,2,0,H,2,6
2023-03-04,E3,Salford,Newport County,3,1,H,7,3
2023-03-04,E3,Stockport,Doncaster,0,0,D,5,2
2023-03-04,E3,Northampton,Crawley Town,1,0,H,6,1
2023-03-04,E3,Rochdale,Stevenage,2,0,H,2,4
2023-03-04,E3,Leyton Orient,Swindon,1,1,D,4,4
2023-03-04,E3,Harrogate,Gillingham,0,0,D,8,2
2023-03-04,E2,Cheltenham,Fleetwood Town,1,0,H,4,0
2023-03-04,E3,Bradford,Colchester,2,0,H,3,4
2023-03-04,E3,AFC Wimbledon,Mansfield,1,3,A,2,4
2023-03-04,E2,Bristol Rvs,Barnsley,0,0,D,2,3
2023-03-04,E2,Accrington,Forest Green,2,1,H,4,3
2023-03-04,E2,Morecambe,Bolton,0,0,D,2,4
2023-03-04,E3,Sutton,Crewe,1,1,D,5,4
2023-03-04,E3,Carlisle,Grimsby,2,0,H,5,1
2023-03-04,E3,Tranmere,Hartlepool,1,1,D,5,5
2023-03-04,E1,Wigan,Birmingham,1,1,D,3,2
2023-03-04,E1,Cardiff,Bristol City,2,0,H,4,4
2023-03-04,E3,Walsall,Barrow,0,1,A,4,5
2023-03-04,E1,Blackpool,Burnley,0,0,D,0,5
2023-03-04,E1,Huddersfield,Coventry,0,4,A,3,6
2023-03-04,E1,Luton,Swansea,1,0,H,4,3
2023-03-04,E1,Middlesbrough,Reading,5,0,H,6,0
2023-03-04,E1,Millwall,Norwich,2,3,A,8,5
2023-03-04,E1,Rotherham,QPR,3,1,H,9,3
2023-03-04,E1,Sunderland,Stoke,1,5,A,4,8
2023-03-04,E1,Watford,Preston,0,0,D,4,2
2023-03-04,E0,Southampton,Leicester,1,0,H,5,0
2023-03-04,E0,Wolves,Tottenham,1,0,H,5,6
2023-03-04,E0,Chelsea,Leeds,1,0,H,3,2
2023-03-04,E0,Brighton,West Ham,4,0,H,9,2
2023-03-04,E0,Aston Villa,Crystal Palace,1,0,H,1,0
2023-03-04,E1,Blackburn,Sheffield United,1,0,H,2,4
2023-03-04,E0,Arsenal,Bournemouth,3,2,H,9,4
2023-03-04,E2,Derby,Shrewsbury,2,2,D,4,5
2023-03-04,E2,Ipswich,Burton,4,0,H,7,2
2023-03-04,E2,Lincoln,Oxford,1,0,H,4,5
2023-03-04,E2,Plymouth,Charlton,2,0,H,6,0
2023-03-04,E2,Port Vale,Milton Keynes Dons,1,0,H,2,1
2023-03-04,E2,Cambridge,Portsmouth,0,1,A,4,3
2023-03-04,E0,Man City,Newcastle,2,0,H,3,2
2023-03-04,E2,Wycombe,Exeter,1,1,D,1,4
2023-03-04,E2,Sheffield Weds,Peterboro,1,0,H,3,0
2023-03-05,E0,Nott'm Forest,Everton,2,2,D,4,3
2023-03-05,E0,Liverpool,Man United,7,0,H,8,4
2023-03-06,E0,Brentford,Fulham,3,2,H,6,5
2023-03-07,E2,Plymouth,Derby,2,1,H,5,4
2023-03-07,E2,Cheltenham,Lincoln,0,0,D,1,0
2023-03-07,E2,Ipswich,Accrington,3,0,H,8,3
2023-03-07,E2,Peterboro,Shrewsbury,2,1,H,4,2
2023-03-07,E2,Wycombe,Fleetwood Town,2,0,H,5,4
2023-03-07,E2,Cambridge,Morecambe,1,1,D,8,4
2023-03-07,E2,Barnsley,Portsmouth,3,1,H,7,3
2023-03-07,E3,Doncaster,Harrogate,0,2,A,1,8
2023-03-07,E3,Grimsby,Newport County,1,1,D,2,5
2023-03-07,E3,Stockport,Gillingham,0,0,D,3,0
2023-03-07,E3,Sutton,Crawley Town,3,0,H,5,3
2023-03-07,E3,Walsall,Bradford,0,0,D,5,0
2023-03-07,E1,Huddersfield,Bristol City,0,0,D,3,5
2023-03-07,E1,Reading,Sheffield United,0,1,A,3,4
2023-03-07,E1,West Brom,Wigan,1,0,H,4,3
2023-03-10,E3,Crewe,Salford,4,3,H,7,6
2023-03-10,E1,Stoke,Blackburn,3,2,H,5,2
2023-03-11,E0,Leicester,Chelsea,1,3,A,7,6
2023-03-11,E3,Newport County,Bradford,1,1,D,2,3
2023-03-11,E3,Stevenage,Walsall,3,1,H,7,3
2023-03-11,E3,Swindon,Carlisle,1,2,A,2,3
2023-03-11,E1,West Brom,Huddersfield,1,0,H,4,1
2023-03-11,E1,Swansea,Middlesbrough,1,3,A,5,7
2023-03-11,E1,Sheffield United,Luton,0,1,A,5,1
2023-03-11,E1,Preston,Cardiff,2,0,H,5,4
2023-03-11,E1,QPR,Watford,1,0,H,4,2
2023-03-11,E0,Tottenham,Nott'm Forest,3,1,H,7,5
2023-03-11,E1,Coventry,Hull,1,1,D,6,3
2023-03-11,E1,Burnley,Wigan,3,0,H,7,2
2023-03-11,E1,Birmingham,Rotherham,2,0,H,5,1
2023-03-11,E1,Bristol City,Blackpool,2,0,H,3,2
2023-03-11,E3,Grimsby,Rochdale,1,0,H,3,1
2023-03-11,E0,Crystal Palace,Man City,0,1,A,0,4
2023-03-11,E0,Bournemouth,Liverpool,1,0,H,2,6
2023-03-11,E0,Everton,Brentford,1,0,H,6,4
2023-03-11,E0,Leeds,Brighton,2,2,D,4,2
2023-03-11,E1,Reading,Millwall,0,1,A,0,1
2023-03-11,E3,Gillingham,Tranmere,2,0,H,6,2
2023-03-11,E3,Hartlepool,Northampton,1,1,D,4,6
2023-03-11,E3,Crawley Town,Harrogate,3,1,H,6,3
2023-03-11,E2,Fleetwood Town,Port Vale,1,1,D,5,3
2023-03-11,E2,Forest Green,Bristol Rvs,1,3,A,2,6
2023-03-11,E2,Milton Keynes Dons,Cambridge,1,0,H,2,3
2023-03-11,E2,Oxford,Derby,2,3,A,8,4
2023-03-11,E2,Peterboro,Cheltenham,0,3,A,1,6
2023-03-11,E2,Portsmouth,Sheffield Weds,0,1,A,2,2
2023-03-11,E2,Shrewsbury,Morecambe,3,1,H,8,2
2023-03-11,E2,Exeter,Lincoln,2,1,H,2,3
2023-03-11,E2,Charlton,Accrington,1,1,D,3,8
2023-03-11,E3,Doncaster,AFC Wimbledon,2,1,H,3,6
2023-03-11,E2,Burton,Wycombe,2,1,H,4,4
2023-03-11,E2,Bolton,Ipswich,0,2,A,3,6
2023-03-11,E2,Barnsley,Plymouth,3,0,H,5,3
2023-03-11,E3,Barrow,Sutton,0,0,D,1,0
2023-03-11,E3,Colchester,Stockport,0,1,A,0,5
2023-03-12,E0,Fulham,Arsenal,0,3,A,2,7
2023-03-12,E1,Norwich,Sunderland,0,1,A,5,5
2023-03-12,E0,Newcastle,Wolves,2,1,H,8,4
2023-03-12,E0,West Ham,Aston Villa,1,1,D,6,4
2023-03-12,E0,Man United,Southampton,0,0,D,4,4
2023-03-14,E3,Walsall,Swindon,0,0,D,2,3
2023-03-14,E3,Newport County,AFC Wimbledon,1,1,D,4,1
2023-03-14,E3,Northampton,Mansfield,1,0,H,4,2
2023-03-14,E1,Blackpool,QPR,6,1,H,8,2
2023-03-14,E1,Millwall,Swansea,2,1,H,3,11
2023-03-14,E1,Rotherham,Preston,1,2,A,1,3
2023-03-14,E1,Watford,Birmingham,3,0,H,5,6
2023-03-14,E1,Wigan,Coventry,1,1,D,5,7
2023-03-14,E1,Middlesbrough,Stoke,1,1,D,3,5
2023-03-14,E2,Morecambe,Charlton,1,4,A,2,10
2023-03-14,E2,Burton,Peterboro,2,5,A,11,8
2023-03-14,E2,Bristol Rvs,Wycombe,0,2,A,6,8
2023-03-14,E2,Accrington,Portsmouth,1,3,A,4,7
2023-03-14,E3,Sutton,Grimsby,0,1,A,3,1
2023-03-14,E3,Stevenage,Crewe,1,0,H,6,0
2023-03-15,E0,Southampton,Brentford,0,2,A,1,5
2023-03-15,E1,Sunderland,Sheffield United,1,2,A,3,4
2023-03-15,E1,Luton,Bristol City,1,0,H,6,3
2023-03-15,E1,Hull,Burnley,1,3,A,6,3
2023-03-15,E1,Huddersfield,Norwich,1,1,D,0,3
2023-03-15,E1,Cardiff,West Brom,1,1,D,2,3
2023-03-15,E1,Blackburn,Reading,2,1,H,6,4
2023-03-15,E0,Brighton,Crystal Palace,1,0,H,5,3
2023-03-17,E2,Sheffield Weds,Bolton,1,1,D,7,1
2023-03-17,E0,Nott'm Forest,Newcastle,1,2,A,3,4
2023-03-18,E0,Aston Villa,Bournemouth,3,0,H,9,3
2023-03-18,E0,Brentford,Leicester,1,1,D,2,1
2023-03-18,E0,Southampton,Tottenham,3,3,D,7,3
2023-03-18,E0,Wolves,Leeds,2,4,A,8,4
2023-03-18,E3,Walsall,Gillingham,2,0,H,6,0
2023-03-18,E1,Watford,Wigan,1,1,D,3,2
2023-03-18,E1,Sunderland,Luton,1,1,D,4,3
2023-03-18,E1,Stoke,Norwich,0,0,D,8,1
2023-03-18,E1,QPR,Birmingham,0,1,A,2,6
2023-03-18,E1,Millwall,Huddersfield,0,1,A,4,2
2023-03-18,E1,Middlesbrough,Preston,4,0,H,5,3
2023-03-18,E1,Blackpool,Coventry,1,4,A,1,7
2023-03-18,E3,Tranmere,Newport County,1,3,A,5,4
2023-03-18,E1,Reading,Hull,1,1,D,5,4
2023-03-18,E0,Chelsea,Everton,2,2,D,7,3
2023-03-18,E3,Harrogate,Barrow,1,0,H,5,3
2023-03-18,E3,AFC Wimbledon,Crawley Town,0,1,A,0,1
2023-03-18,E3,Carlisle,Stevenage,0,0,D,1,0
2023-03-18,E3,Leyton Orient,Colchester,2,2,D,4,6
2023-03-18,E2,Lincoln,Peterboro,0,3,A,1,4
2023-03-18,E2,Accrington,Milton Keynes Dons,0,1,A,2,4
2023-03-18,E2,Bristol Rvs,Portsmouth,0,2,A,7,3
2023-03-18,E2,Cambridge,Charlton,1,2,A,4,4
2023-03-18,E2,Cheltenham,Exeter,3,1,H,6,5
2023-03-18,E2,Derby,Fleetwood Town,0,2,A,2,3
2023-03-18,E3,Bradford,Hartlepool,2,2,D,7,4
2023-03-18,E2,Ipswich,Shrewsbury,2,0,H,4,3
2023-03-18,E2,Plymouth,Forest Green,2,0,H,2,1
2023-03-18,E2,Port Vale,Burton,2,3,A,5,4
2023-03-18,E3,Northampton,Crewe,1,0,H,8,1
2023-03-18,E2,Wycombe,Barnsley,0,1,A,1,2
2023-03-18,E3,Rochdale,Swindon,4,4,D,8,7
2023-03-18,E3,Salford,Doncaster,3,1,H,7,1
2023-03-18,E3,Stockport,Mansfield,1,1,D,7,1
2023-03-18,E2,Morecambe,Oxford,1,1,D,2,4
2023-03-19,E0,Arsenal,Crystal Palace,4,1,H,5,4
2023-03-19,E1,Swansea,Bristol City,2,0,H,5,3
2023-03-21,E3,Gillingham,Crewe,2,1,H,4,3
2023-03-21,E2,Accrington,Plymouth,0,2,A,3,6
2023-03-21,E3,Crawley Town,Doncaster,1,1,D,6,1
2023-03-21,E3,Bradford,Carlisle,0,0,D,1,1
2023-03-21,E2,Barnsley,Sheffield Weds,4,2,H,6,6
2023-03-22,E3,Mansfield,Grimsby,0,0,D,1,3
2023-03-25,E3,Barrow,AFC Wimbledon,2,1,H,4,4
2023-03-25,E2,Exeter,Accrington,5,0,H,11,0
2023-03-25,E2,Fleetwood Town,Lincoln,2,1,H,7,6
2023-03-25,E3,Colchester,Tranmere,1,1,D,5,5
2023-03-25,E3,Crawley Town,Rochdale,2,0,H,6,1
2023-03-25,E3,Doncaster,Northampton,0,2,A,2,5
2023-03-25,E3,Gillingham,Carlisle,1,0,H,3,1
2023-03-25,E3,Grimsby,Walsall,1,1,D,4,1
2023-03-25,E3,Hartlepool,Leyton Orient,1,1,D,4,2
2023-03-25,E3,Mansfield,Sutton,0,0,D,1,2
2023-03-25,E3,Stevenage,Salford,1,3,A,7,4
2023-03-25,E2,Milton Keynes Dons,Morecambe,1,0,H,6,1
2023-03-25,E2,Portsmouth,Port Vale,2,2,D,4,3
2023-03-25,E2,Peterboro,Derby,2,0,H,6,5
2023-03-25,E2,Charlton,Wycombe,1,1,D,5,4
2023-03-25,E3,Swindon,Stockport,0,1,A,0,5
2023-03-26,E2,Forest Green,Sheffield Weds,1,0,H,2,3
2023-03-28,E2,Exeter,Barnsley,3,1,H,6,4
2023-03-28,E3,Crawley Town,Grimsby,1,1,D,3,3
2023-03-28,E3,AFC Wimbledon,Walsall,2,0,H,4,3
2023-03-29,E2,Cheltenham,Sheffield Weds,2,2,D,8,5
2023-03-31,E3,Stockport,Salford,1,1,D,2,3
2023-03-31,E1,Burnley,Sunderland,0,0,D,3,3
2023-03-31,E3,Tranmere,Harrogate,1,1,D,1,9
2023-04-01,E2,Cheltenham,Burton,0,0,D,4,3
2023-04-01,E2,Fleetwood Town,Exeter,2,2,D,3,4
2023-04-01,E2,Charlton,Shrewsbury,6,0,H,11,1
2023-04-01,E2,Peterboro,Oxford,0,0,D,3,1
2023-04-01,E2,Port Vale,Cambridge,0,2,A,4,6
2023-04-01,E2,Portsmouth,Forest Green,1,0,H,3,2
2023-04-01,E2,Barnsley,Morecambe,5,0,H,10,2
2023-04-01,E3,Walsall,Sutton,1,1,D,6,3
2023-04-01,E3,AFC Wimbledon,Rochdale,0,1,A,3,1
2023-04-01,E3,Northampton,Stevenage,1,1,D,3,5
2023-04-01,E3,Mansfield,Crawley Town,4,1,H,11,5
2023-04-01,E3,Leyton Orient,Carlisle,1,0,H,3,2
2023-04-01,E3,Hartlepool,Swindon,2,1,H,4,5
2023-04-01,E3,Doncaster,Crewe,0,2,A,3,5
2023-04-01,E0,Nott'm Forest,Wolves,1,1,D,7,1
2023-04-01,E0,Crystal Palace,Leicester,2,1,H,9,2
2023-04-01,E0,Brighton,Brentford,3,3,D,15,5
2023-04-01,E0,Bournemouth,Fulham,2,1,H,7,2
2023-04-01,E0,Arsenal,Leeds,4,1,H,6,5
2023-04-01,E0,Man City,Liverpool,4,1,H,8,1
2023-04-01,E2,Sheffield Weds,Lincoln,1,1,D,5,3
2023-04-01,E0,Chelsea,Aston Villa,0,2,A,8,2
2023-04-01,E3,Colchester,Newport County,0,0,D,2,2
2023-04-01,E3,Barrow,Gillingham,2,1,H,7,1
2023-04-01,E3,Bradford,Grimsby,3,2,H,10,4
2023-04-01,E2,Wycombe,Milton Keynes Dons,2,2,D,2,4
2023-04-01,E2,Derby,Ipswich,0,2,A,2,6
2023-04-01,E1,Hull,Rotherham,0,0,D,1,0
2023-04-01,E1,Bristol City,Reading,1,1,D,8,2
2023-04-01,E1,Birmingham,Blackburn,1,0,H,3,8
2023-04-01,E1,Preston,Blackpool,3,1,H,7,5
2023-04-01,E1,Luton,Watford,2,0,H,6,1
2023-04-01,E1,Huddersfield,Middlesbrough,4,2,H,5,6
2023-04-01,E1,Norwich,Sheffield United,0,1,A,1,1
2023-04-01,E1,West Brom,Millwall,0,0,D,1,4
2023-04-01,E1,Cardiff,Swansea,2,3,A,3,4
2023-04-01,E1,Wigan,QPR,1,0,H,4,3
2023-04-01,E1,Coventry,Stoke,0,4,A,6,11
2023-04-02,E0,West Ham,Southampton,1,0,H,2,3
2023-04-02,E0,Newcastle,Man United,2,0,H,6,1
2023-04-03,E0,Everton,Tottenham,1,1,D,6,2
2023-04-04,E0,Bournemouth,Brighton,0,2,A,3,6
2023-04-04,E0,Leeds,Nott'm Forest,2,1,H,6,1
2023-04-04,E0,Leicester,Aston Villa,1,2,A,4,5
2023-04-04,E0,Chelsea,Liverpool,0,0,D,3,4
2023-04-05,E0,Man United,Brentford,1,0,H,3,1
2023-04-05,E0,West Ham,Newcastle,1,5,A,2,8
2023-04-07,E3,Grimsby,Hartlepool,1,4,A,4,4
2023-04-07,E3,Crawley Town,Bradford,0,0,D,1,3
2023-04-07,E3,Crewe,Barrow,3,0,H,6,0
2023-04-07,E3,Gillingham,Doncaster,1,0,H,4,3
2023-04-07,E1,Millwall,Luton,0,0,D,4,2
2023-04-07,E3,Harrogate,AFC Wimbledon,2,2,D,5,4
2023-04-07,E3,Newport County,Northampton,3,0,H,6,2
2023-04-07,E3,Rochdale,Walsall,4,2,H,5,4
2023-04-07,E3,Salford,Leyton Orient,0,2,A,5,5
2023-04-07,E3,Stevenage,Colchester,1,1,D,6,4
2023-04-07,E3,Sutton,Stockport,0,1,A,7,5
2023-04-07,E3,Swindon,Mansfield,2,4,A,3,6
2023-04-07,E3,Carlisle,Tranmere,2,0,H,8,1
2023-04-07,E1,Rotherham,West Brom,3,1,H,10,5
2023-04-07,E1,Watford,Huddersfield,2,3,A,5,4
2023-04-07,E1,Blackpool,Cardiff,1,3,A,4,5
2023-04-07,E2,Shrewsbury,Peterboro,0,3,A,3,7
2023-04-07,E2,Oxford,Sheffield Weds,1,1,D,7,8
2023-04-07,E2,Morecambe,Plymouth,1,3,A,3,6
2023-04-07,E2,Milton Keynes Dons,Portsmouth,1,1,D,3,2
2023-04-07,E1,Blackburn,Norwich,0,2,A,4,5
2023-04-07,E2,Ipswich,Wycombe,4,0,H,6,0
2023-04-07,E2,Forest Green,Derby,0,2,A,1,7
2023-04-07,E2,Exeter,Bolton,0,1,A,3,2
2023-04-07,E2,Cambridge,Fleetwood Town,2,1,H,7,7
2023-04-07,E2,Burton,Barnsley,2,1,H,2,9
2023-04-07,E2,Bristol Rvs,Charlton,1,0,H,3,1
2023-04-07,E2,Accrington,Port Vale,3,0,H,3,2
2023-04-07,E2,Lincoln,Cheltenham,2,0,H,7,3
2023-04-07,E1,Middlesbrough,Burnley,1,2,A,3,4
2023-04-07,E1,Sunderland,Hull,4,4,D,7,7
2023-04-07,E1,Swansea,Coventry,0,0,D,6,4
2023-04-07,E1,Stoke,Bristol City,1,2,A,5,3
2023-04-07,E1,Sheffield United,Wigan,1,0,H,4,1
2023-04-07,E1,Reading,Birmingham,1,1,D,3,4
2023-04-07,E1,QPR,Preston,0,2,A,1,6
2023-04-08,E0,Man United,Everton,2,0,H,11,1
2023-04-08,E0,Brentford,Newcastle,1,2,A,6,4
2023-04-08,E0,Southampton,Man City,1,4,A,1,8
2023-04-08,E0,Wolves,Chelsea,1,0,H,4,1
2023-04-08,E0,Aston Villa,Nott'm Forest,2,0,H,3,2
2023-04-08,E0,Tottenham,Brighton,2,1,H,3,4
2023-04-08,E0,Leicester,Bournemouth,0,1,A,4,7
2023-04-08,E0,Fulham,West Ham,0,1,A,3,5
2023-04-09,E0,Liverpool,Arsenal,2,2,D,6,5
2023-04-09,E0,Leeds,Crystal Palace,1,5,A,7,8
2023-04-10,E1,Coventry,Watford,2,2,D,6,4
2023-04-10,E1,Preston,Reading,2,1,H,7,3
2023-04-10,E1,Bristol City,Middlesbrough,2,2,D,7,4
2023-04-10,E1,Wigan,Swansea,0,2,A,4,3
2023-04-10,E1,West Brom,QPR,2,2,D,6,2
2023-04-10,E1,Hull,Millwall,1,0,H,2,6
2023-04-10,E1,Norwich,Rotherham,0,0,D,4,2
2023-04-10,E1,Luton,Blackpool,3,1,H,4,5
2023-04-10,E1,Huddersfield,Blackburn,2,2,D,2,11
2023-04-10,E1,Birmingham,Stoke,0,0,D,2,1
2023-04-10,E1,Cardiff,Sunderland,0,1,A,4,4
2023-04-10,E1,Burnley,Sheffield United,2,0,H,6,1
2023-04-10,E2,Port Vale,Oxford,0,0,D,5,4
2023-04-10,E2,Plymouth,Lincoln,0,2,A,2,5
2023-04-10,E2,Sheffield Weds,Accrington,3,0,H,6,2
2023-04-10,E2,Fleetwood Town,Bristol Rvs,1,2,A,1,6
2023-04-10,E3,AFC Wimbledon,Salford,2,3,A,5,4
2023-04-10,E3,Barrow,Crawley Town,4,0,H,7,0
2023-04-10,E3,Bradford,Sutton,3,1,H,7,1
2023-04-10,E3,Colchester,Crewe,4,0,H,9,1
2023-04-10,E2,Peterboro,Exeter,3,1,H,3,1
2023-04-10,E2,Derby,Milton Keynes Dons,1,1,D,7,2
2023-04-10,E3,Doncaster,Grimsby,1,2,A,2,7
2023-04-10,E3,Leyton Orient,Harrogate,2,2,D,7,3
2023-04-10,E3,Mansfield,Rochdale,1,1,D,7,1
2023-04-10,E3,Northampton,Gillingham,2,1,H,3,2
2023-04-10,E3,Stockport,Newport County,4,0,H,7,3
2023-04-10,E3,Tranmere,Swindon,1,0,H,2,2
2023-04-10,E3,Walsall,Carlisle,0,0,D,2,3
2023-04-10,E3,Hartlepool,Stevenage,1,1,D,2,4
2023-04-10,E2,Cheltenham,Ipswich,1,1,D,3,9
2023-04-10,E2,Wycombe,Forest Green,2,0,H,2,2
2023-04-10,E2,Bolton,Cambridge,1,1,D,3,2
2023-04-10,E2,Barnsley,Shrewsbury,2,1,H,7,4
2023-04-10,E2,Portsmouth,Morecambe,0,0,D,5,3
2023-04-10,E2,Charlton,Burton,3,2,H,7,4
2023-04-14,E1,Middlesbrough,Norwich,5,1,H,6,3
2023-04-15,E3,Crawley Town,Tranmere,2,1,H,6,5
2023-04-15,E3,Carlisle,Northampton,0,0,D,7,3
2023-04-15,E2,Exeter,Plymouth,0,1,A,2,2
2023-04-15,E2,Cambridge,Peterboro,2,0,H,4,2
2023-04-15,E2,Accrington,Fleetwood Town,2,5,A,3,6
2023-04-15,E2,Bristol Rvs,Derby,1,1,D,2,5
2023-04-15,E2,Forest Green,Barnsley,1,5,A,2,8
2023-04-15,E2,Ipswich,Charlton,6,0,H,7,2
2023-04-15,E2,Lincoln,Port Vale,3,2,H,4,4
2023-04-15,E2,Milton Keynes Dons,Cheltenham,2,2,D,5,5
2023-04-15,E2,Morecambe,Wycombe,1,0,H,2,4
2023-04-15,E2,Oxford,Bolton,0,1,A,7,2
2023-04-15,E2,Shrewsbury,Portsmouth,1,1,D,4,2
2023-04-15,E3,Crewe,Walsall,2,0,H,4,0
2023-04-15,E2,Burton,Sheffield Weds,3,2,H,3,3
2023-04-15,E3,Rochdale,Bradford,0,3,A,1,5
2023-04-15,E3,Salford,Colchester,0,1,A,3,2
2023-04-15,E3,Harrogate,Doncaster,2,2,D,7,3
2023-04-15,E3,Stevenage,AFC Wimbledon,2,1,H,2,2
2023-04-15,E3,Sutton,Leyton Orient,0,2,A,0,5
2023-04-15,E3,Swindon,Barrow,0,0,D,1,4
2023-04-15,E1,Blackburn,Hull,0,0,D,2,3
2023-04-15,E1,Watford,Bristol City,2,0,H,4,6
2023-04-15,E1,Swansea,Huddersfield,1,0,H,5,1
2023-04-15,E3,Newport County,Hartlepool,2,0,H,7,2
2023-04-15,E3,Gillingham,Stockport,1,1,D,4,4
2023-04-15,E1,Stoke,West Brom,1,2,A,3,6
2023-04-15,E1,Rotherham,Luton,0,2,A,0,5
2023-04-15,E1,Reading,Burnley,0,0,D,0,1
2023-04-15,E1,QPR,Coventry,0,3,A,2,5
2023-04-15,E1,Sunderland,Birmingham,2,1,H,4,5
2023-04-15,E1,Blackpool,Wigan,1,0,H,2,2
2023-04-15,E0,Aston Villa,Newcastle,3,0,H,6,2
2023-04-15,E0,Chelsea,Brighton,1,2,A,2,10
2023-04-15,E0,Everton,Fulham,1,3,A,7,7
2023-04-15,E1,Millwall,Preston,2,0,H,2,3
2023-04-15,E0,Southampton,Crystal Palace,0,2,A,4,2
2023-04-15,E0,Tottenham,Bournemouth,2,3,A,8,6
2023-04-15,E3,Grimsby,Mansfield,1,1,D,5,3
2023-04-15,E0,Man City,Leicester,3,1,H,4,4
2023-04-15,E1,Sheffield United,Cardiff,4,1,H,7,6
2023-04-15,E0,Wolves,Brentford,2,0,H,9,3
2023-04-16,E0,West Ham,Arsenal,2,2,D,3,5
2023-04-16,E0,Nott'm Forest,Man United,0,2,A,0,8
2023-04-17,E0,Leeds,Liverpool,1,6,A,3,7
2023-04-18,E1,Blackpool,West Brom,0,2,A,3,3
2023-04-18,E1,Rotherham,Burnley,2,2,D,5,8
2023-04-18,E1,Stoke,Wigan,0,1,A,3,2
2023-04-18,E1,Sunderland,Huddersfield,1,1,D,3,3
2023-04-18,E1,Millwall,Birmingham,0,1,A,7,4
2023-04-18,E2,Milton Keynes Dons,Charlton,0,1,A,2,3
2023-04-18,E2,Oxford,Portsmouth,1,1,D,4,4
2023-04-18,E2,Shrewsbury,Plymouth,1,2,A,3,5
2023-04-18,E1,Sheffield United,Bristol City,1,0,H,3,1
2023-04-18,E2,Forest Green,Fleetwood Town,0,0,D,1,4
2023-04-18,E2,Accrington,Peterboro,1,2,A,7,6
2023-04-18,E3,Carlisle,Stockport,2,2,D,6,3
2023-04-18,E3,Crawley Town,Colchester,0,0,D,1,5
2023-04-18,E3,Gillingham,Leyton Orient,2,0,H,3,1
2023-04-18,E3,Grimsby,Barrow,1,0,H,2,3
2023-04-18,E3,Harrogate,Walsall,3,0,H,4,2
2023-04-18,E3,Newport County,Mansfield,1,2,A,4,4
2023-04-18,E3,Rochdale,Tranmere,2,2,D,4,5
2023-04-18,E3,Salford,Hartlepool,2,0,H,6,5
2023-04-18,E3,Stevenage,Doncaster,1,0,H,3,1
2023-04-18,E3,Sutton,Northampton,1,2,A,2,4
2023-04-18,E2,Lincoln,Barnsley,0,0,D,1,1
2023-04-18,E3,Swindon,Bradford,1,0,H,3,3
2023-04-18,E2,Exeter,Derby,1,2,A,4,5
2023-04-18,E2,Bristol Rvs,Sheffield Weds,1,2,A,4,3
2023-04-18,E2,Burton,Bolton,1,1,D,8,7
2023-04-18,E2,Cambridge,Wycombe,1,2,A,8,7
2023-04-18,E2,Ipswich,Port Vale,2,1,H,2,2
2023-04-19,E1,Reading,Luton,1,1,D,2,6
2023-04-19,E1,Middlesbrough,Hull,3,1,H,7,3
2023-04-19,E1,Watford,Cardiff,1,3,A,3,5
2023-04-19,E1,Swansea,Preston,4,2,H,7,2
2023-04-19,E1,QPR,Norwich,1,1,D,2,6
2023-04-19,E1,Blackburn,Coventry,1,1,D,2,3
2023-04-21,E0,Arsenal,Southampton,3,3,D,6,6
2023-04-22,E3,Hartlepool,Crawley Town,0,2,A,5,3
2023-04-22,E3,Walsall,Salford,2,3,A,3,5
2023-04-22,E3,Tranmere,Grimsby,2,0,H,5,5
2023-04-22,E3,Stockport,Rochdale,1,0,H,1,0
2023-04-22,E3,Northampton,Harrogate,3,1,H,4,3
2023-04-22,E3,Mansfield,Stevenage,1,0,H,1,3
2023-04-22,E3,Barrow,Carlisle,0,1,A,5,2
2023-04-22,E3,Colchester,Sutton,4,1,H,7,3
2023-04-22,E3,Doncaster,Newport County,1,3,A,2,3
2023-04-22,E3,Leyton Orient,Crewe,2,0,H,7,2
2023-04-22,E3,Bradford,Gillingham,2,2,D,4,6
2023-04-22,E3,AFC Wimbledon,Swindon,1,5,A,5,8
2023-04-22,E1,Cardiff,Stoke,1,1,D,4,1
2023-04-22,E2,Sheffield Weds,Exeter,2,1,H,4,3
2023-04-22,E2,Wycombe,Lincoln,0,2,A,6,4
2023-04-22,E2,Plymouth,Cambridge,3,1,H,4,4
2023-04-22,E2,Peterboro,Ipswich,0,3,A,4,7
2023-04-22,E2,Fleetwood Town,Milton Keynes Dons,1,0,H,5,3
2023-04-22,E2,Derby,Burton,1,0,H,10,2
2023-04-22,E2,Cheltenham,Forest Green,3,1,H,7,3
2023-04-22,E2,Charlton,Morecambe,2,3,A,6,4
2023-04-22,E1,Preston,Blackburn,1,1,D,4,3
2023-04-22,E1,Wigan,Millwall,2,1,H,2,3
2023-04-22,E1,Norwich,Swansea,0,3,A,2,6
2023-04-22,E1,Hull,Watford,1,0,H,1,2
2023-04-22,E1,Coventry,Reading,2,1,H,5,3
2023-04-22,E2,Portsmouth,Accrington,1,0,H,2,6
2023-04-22,E2,Port Vale,Bristol Rvs,2,0,H,5,0
2023-04-22,E1,Bristol City,Rotherham,2,1,H,5,3
2023-04-22,E1,Birmingham,Blackpool,0,1,A,7,4
2023-04-22,E2,Bolton,Shrewsbury,1,0,H,6,0
2023-04-22,E2,Barnsley,Oxford,2,0,H,6,3
2023-04-22,E1,Burnley,QPR,1,2,A,6,5
2023-04-22,E0,Liverpool,Nott'm Forest,3,2,H,6,5
2023-04-22,E0,Leicester,Wolves,2,1,H,8,3
2023-04-22,E0,Fulham,Leeds,2,1,H,5,2
2023-04-22,E0,Brentford,Aston Villa,1,1,D,5,2
2023-04-22,E0,Crystal Palace,Everton,0,0,D,2,5
2023-04-23,E0,Bournemouth,West Ham,0,4,A,5,10
2023-04-23,E0,Newcastle,Tottenham,6,1,H,8,3
2023-04-23,E1,West Brom,Sunderland,1,2,A,4,6
2023-04-24,E1,Luton,Middlesbrough,2,1,H,3,1
2023-04-25,E3,Swindon,Stevenage,0,1,A,3,1
2023-04-25,E3,Newport County,Harrogate,2,3,A,4,4
2023-04-25,E3,Grimsby,Crewe,2,0,H,7,5
2023-04-25,E3,Mansfield,Leyton Orient,1,2,A,4,2
2023-04-25,E2,Barnsley,Ipswich,0,3,A,3,5
2023-04-25,E2,Bolton,Accrington,0,1,A,6,2
2023-04-25,E2,Lincoln,Burton,0,1,A,1,3
2023-04-25,E2,Oxford,Cheltenham,4,0,H,7,4
2023-04-25,E2,Plymouth,Bristol Rvs,2,0,H,7,1
2023-04-25,E1,Blackburn,Burnley,0,1,A,5,1
2023-04-25,E0,Wolves,Crystal Palace,2,0,H,3,4
2023-04-25,E0,Aston Villa,Fulham,1,0,H,3,0
2023-04-25,E0,Leeds,Leicester,1,1,D,3,3
2023-04-26,E0,Man City,Arsenal,4,1,H,9,2
2023-04-26,E0,West Ham,Liverpool,1,2,A,2,4
2023-04-26,E0,Chelsea,Brentford,0,2,A,4,1
2023-04-26,E0,Nott'm Forest,Brighton,3,1,H,5,7
2023-04-26,E1,Sheffield United,West Brom,2,0,H,4,4
2023-04-27,E1,Rotherham,Cardiff,1,2,A,3,6
2023-04-27,E0,Everton,Newcastle,1,4,A,5,8
2023-04-27,E0,Southampton,Bournemouth,0,1,A,2,2
2023-04-27,E0,Tottenham,Man United,2,2,D,7,8
2023-04-28,E1,Blackpool,Millwall,2,3,A,3,3
2023-04-29,E1,Bristol City,Burnley,1,2,A,1,7
2023-04-29,E1,Coventry,Birmingham,2,0,H,3,1
2023-04-29,E1,Hull,Swansea,1,1,D,1,2
2023-04-29,E1,Reading,Wigan,1,1,D,5,3
2023-04-29,E1,Sheffield United,Preston,4,1,H,10,4
2023-04-29,E1,Stoke,QPR,0,1,A,2,4
2023-04-29,E3,Gillingham,Newport County,1,2,A,4,3
2023-04-29,E1,West Brom,Norwich,2,1,H,5,2
2023-04-29,E3,Stevenage,Grimsby,2,0,H,7,1
2023-04-29,E3,Rochdale,Sutton,4,1,H,6,1
2023-04-29,E3,Northampton,Bradford,1,2,A,6,3
2023-04-29,E3,Mansfield,Harrogate,1,2,A,5,2
2023-04-29,E3,Leyton Orient,Stockport,0,3,A,1,4
2023-04-29,E3,Hartlepool,Barrow,3,1,H,5,2
2023-04-29,E3,Doncaster,Colchester,1,0,H,1,6
2023-04-29,E3,Crewe,Swindon,2,1,H,8,6
2023-04-29,E2,Wycombe,Cheltenham,0,3,A,2,7
2023-04-29,E2,Shrewsbury,Sheffield Weds,0,3,A,3,6
2023-04-29,E2,Plymouth,Burton,1,0,H,4,1
2023-04-29,E1,Sunderland,Watford,2,2,D,7,3
2023-04-29,E2,Morecambe,Lincoln,3,2,H,5,5
2023-04-29,E2,Milton Keynes Dons,Barnsley,4,4,D,8,9
2023-04-29,E2,Peterboro,Bristol Rvs,0,0,D,5,2
2023-04-29,E2,Forest Green,Oxford,0,3,A,1,6
2023-04-29,E0,Brighton,Wolves,6,0,H,8,2
2023-04-29,E0,Crystal Palace,West Ham,4,3,H,6,4
2023-04-29,E2,Ipswich,Exeter,6,0,H,6,1
2023-04-29,E3,Carlisle,Salford,2,3,A,2,4
2023-04-29,E3,Crawley Town,Walsall,0,0,D,5,4
2023-04-29,E3,AFC Wimbledon,Tranmere,1,1,D,2,3
2023-04-29,E2,Accrington,Cambridge,1,2,A,6,6
2023-04-29,E2,Bolton,Fleetwood Town,2,0,H,3,5
2023-04-29,E2,Charlton,Port Vale,3,2,H,4,4
2023-04-29,E2,Derby,Portsmouth,1,1,D,5,6
2023-04-29,E0,Brentford,Nott'm Forest,2,1,H,8,3
2023-04-30,E0,Man United,Aston Villa,1,0,H,6,1
2023-04-30,E0,Fulham,Man City,1,2,A,1,9
2023-04-30,E0,Bournemouth,Leeds,4,1,H,7,6
2023-04-30,E1,Cardiff,Huddersfield,1,2,A,2,4
2023-04-30,E0,Liverpool,Tottenham,4,3,H,4,7
2023-04-30,E0,Newcastle,Southampton,3,1,H,5,3
2023-05-01,E0,Leicester,Everton,2,2,D,6,8
2023-05-01,E1,Rotherham,Middlesbrough,1,0,H,1,1
2023-05-01,E1,Blackburn,Luton,1,1,D,3,4
2023-05-02,E2,Shrewsbury,Bristol Rvs,2,1,H,2,4
2023-05-02,E0,Arsenal,Chelsea,3,1,H,10,4
2023-05-03,E0,Liverpool,Fulham,1,0,H,3,3
2023-05-03,E0,Man City,West Ham,3,0,H,7,2
2023-05-03,E2,Burton,Cambridge,1,0,H,2,1
2023-05-03,E3,Crewe,Bradford,3,2,H,5,8
2023-05-04,E1,Huddersfield,Sheffield United,1,0,H,2,2
2023-05-04,E0,Brighton,Man United,1,0,H,6,5
2023-05-06,E0,Bournemouth,Chelsea,1,3,A,4,5
2023-05-06,E0,Man City,Leeds,2,1,H,6,2
2023-05-06,E0,Tottenham,Crystal Palace,1,0,H,3,2
2023-05-06,E0,Wolves,Aston Villa,1,0,H,2,3
2023-05-06,E0,Liverpool,Brentford,1,0,H,5,1
2023-05-07,E2,Sheffield Weds,Derby,1,0,H,4,6
2023-05-07,E0,Newcastle,Arsenal,0,2,A,5,6
2023-05-07,E0,West Ham,Man United,1,0,H,4,4
2023-05-07,E2,Portsmouth,Wycombe,2,2,D,9,5
2023-05-07,E2,Bristol Rvs,Bolton,2,3,A,6,5
2023-05-07,E2,Barnsley,Peterboro,0,2,A,2,5
2023-05-07,E2,Burton,Milton Keynes Dons,0,0,D,2,6
2023-05-07,E2,Cambridge,Forest Green,2,0,H,3,0
2023-05-07,E2,Cheltenham,Charlton,2,2,D,7,6
2023-05-07,E2,Exeter,Morecambe,3,2,H,3,6
2023-05-07,E2,Lincoln,Shrewsbury,1,0,H,4,3
2023-05-07,E2,Oxford,Accrington,1,2,A,6,4
2023-05-07,E2,Fleetwood Town,Ipswich,2,2,D,4,2
2023-05-07,E2,Port Vale,Plymouth,1,3,A,2,4
2023-05-08,E1,Huddersfield,Reading,2,0,H,7,0
2023-05-08,E1,Luton,Hull,0,0,D,2,1
2023-05-08,E1,Middlesbrough,Coventry,1,1,D,3,2
2023-05-08,E1,Millwall,Blackburn,3,4,A,4,9
2023-05-08,E1,Norwich,Blackpool,0,1,A,5,6
2023-05-08,E1,Preston,Sunderland,0,3,A,2,7
2023-05-08,E1,QPR,Bristol City,0,2,A,0,2
2023-05-08,E1,Swansea,West Brom,3,2,H,4,4
2023-05-08,E1,Watford,Stoke,2,0,H,6,7
2023-05-08,E1,Wigan,Rotherham,0,0,D,6,2
2023-05-08,E3,Newport County,Crewe,2,2,D,7,6
2023-05-08,E3,Harrogate,Rochdale,1,1,D,5,1
2023-05-08,E3,Tranmere,Northampton,0,1,A,0,1
2023-05-08,E3,Swindon,Crawley Town,2,1,H,8,4
2023-05-08,E3,Sutton,Carlisle,1,1,D,2,2
2023-05-08,E1,Burnley,Cardiff,3,0,H,7,4
2023-05-08,E3,Stockport,Hartlepool,1,1,D,10,3
2023-05-08,E3,Salford,Gillingham,0,1,A,6,2
2023-05-08,E3,Barrow,Stevenage,0,1,A,4,2
2023-05-08,E3,Bradford,Leyton Orient,1,1,D,4,5
2023-05-08,E3,Colchester,Mansfield,0,2,A,4,5
2023-05-08,E3,Grimsby,AFC Wimbledon,1,0,H,2,2
2023-05-08,E3,Walsall,Doncaster,2,1,H,6,4
2023-05-08,E1,Birmingham,Sheffield United,1,2,A,3,3
2023-05-08,E0,Nott'm Forest,Southampton,4,3,H,4,5
2023-05-08,E0,Brighton,Everton,1,5,A,5,5
2023-05-08,E0,Fulham,Leicester,5,3,H,7,9
2023-05-13,E0,Chelsea,Nott'm Forest,2,2,D,6,2
2023-05-13,E0,Leeds,Newcastle,2,2,D,4,5
2023-05-13,E0,Aston Villa,Tottenham,2,1,H,4,2
2023-05-13,E0,Crystal Palace,Bournemouth,2,0,H,5,0
2023-05-13,E0,Man United,Wolves,2,0,H,9,0
2023-05-13,E0,Southampton,Fulham,0,2,A,1,4
2023-05-14,E0,Arsenal,Brighton,0,3,A,2,6
2023-05-14,E0,Brentford,West Ham,2,0,H,10,4
2023-05-14,E0,Everton,Man City,0,3,A,3,4
2023-05-15,E0,Leicester,Liverpool,0,3,A,4,5
2023-05-18,E0,Newcastle,Brighton,4,1,H,9,2
2023-05-20,E0,Nott'm Forest,Arsenal,1,0,H,2,3
2023-05-20,E0,Wolves,Everton,1,1,D,5,4
2023-05-20,E0,Liverpool,Aston Villa,1,1,D,5,3
2023-05-20,E0,Fulham,Crystal Palace,2,2,D,4,5
2023-05-20,E0,Bournemouth,Man United,0,1,A,4,5
2023-05-20,E0,Tottenham,Brentford,1,3,A,8,4
2023-05-21,E0,Man City,Chelsea,1,0,H,2,6
2023-05-21,E0,Brighton,Southampton,3,1,H,8,1
2023-05-21,E0,West Ham,Leeds,3,1,H,9,3
2023-05-22,E0,Newcastle,Leicester,0,0,D,4,1
2023-05-24,E0,Brighton,Man City,1,1,D,7,4
2023-05-25,E0,Man United,Chelsea,4,1,H,9,5
2023-05-28,E0,Man United,Fulham,2,1,H,8,3
2023-05-28,E0,Southampton,Liverpool,4,4,D,10,8
2023-05-28,E0,Arsenal,Wolves,5,0,H,8,0
2023-05-28,E0,Aston Villa,Brighton,2,1,H,5,4
2023-05-28,E0,Brentford,Man City,1,0,H,4,3
2023-05-28,E0,Chelsea,Newcastle,1,1,D,5,4
2023-05-28,E0,Leeds,Tottenham,1,4,A,2,7
2023-05-28,E0,Crystal Palace,Nott'm Forest,1,1,D,4,4
2023-05-28,E0,Everton,Bournemouth,1,0,H,6,2
2023-05-28,E0,Leicester,West Ham,2,1,H,4,3
2023-08-04,E1,Sheffield Weds,Southampton,1,2,A,1,7
2023-08-05,E2,Bolton,Lincoln,3,0,H,4,0
2023-08-05,E3,Tranmere,Barrow,1,2,A,3,3
2023-08-05,E3,Wrexham,Milton Keynes Dons,3,5,A,5,6
2023-08-05,E2,Wycombe,Exeter,0,3,A,1,7
2023-08-05,E2,Shrewsbury,Cheltenham,1,0,H,3,4
2023-08-05,E2,Derby,Wigan,1,2,A,5,3
2023-08-05,E2,Northampton,Stevenage,0,1,A,0,5
2023-08-05,E3,Sutton,Notts County,5,1,H,6,3
2023-08-05,E2,Charlton,Leyton Orient,1,0,H,5,3
2023-08-05,E2,Carlisle,Fleetwood Town,1,1,D,6,5
2023-08-05,E2,Cambridge,Oxford,2,0,H,6,3
2023-08-05,E2,Reading,Peterboro,0,1,A,4,6
2023-08-05,E3,Stockport,Gillingham,0,1,A,3,3
2023-08-05,E3,Doncaster,Harrogate,0,1,A,3,6
2023-08-05,E3,Grimsby,AFC Wimbledon,0,0,D,5,4
2023-08-05,E3,Forest Green,Salford,0,2,A,4,3
2023-08-05,E1,Swansea,Birmingham,1,1,D,6,5
2023-08-05,E3,Crewe,Mansfield,2,2,D,3,9
2023-08-05,E3,Crawley Town,Bradford,1,0,H,3,7
2023-08-05,E3,Accrington,Newport County,3,0,H,8,2
2023-08-05,E1,Blackburn,West Brom,2,1,H,3,4
2023-08-05,E1,Bristol City,Preston,1,1,D,2,3
2023-08-05,E1,Middlesbrough,Millwall,0,1,A,2,2
2023-08-05,E1,Norwich,Hull,2,1,H,5,3
2023-08-05,E1,Plymouth,Huddersfield,3,1,H,7,3
2023-08-05,E1,Stoke,Rotherham,4,1,H,6,3
2023-08-05,E1,Watford,QPR,4,0,H,12,1
2023-08-05,E3,Morecambe,Walsall,2,1,H,5,1
2023-08-05,E2,Blackpool,Burton,2,0,H,4,3
2023-08-05,E2,Portsmouth,Bristol Rvs,1,1,D,5,6
2023-08-05,E2,Barnsley,Port Vale,7,0,H,8,4
2023-08-06,E1,Leicester,Coventry,2,1,H,7,6
2023-08-06,E1,Leeds,Cardiff,2,2,D,6,2
2023-08-06,E1,Sunderland,Ipswich,1,2,A,4,5
2023-08-11,E0,Burnley,Man City,0,3,A,1,8
2023-08-12,E0,Sheffield United,Crystal Palace,0,1,A,1,8
2023-08-12,E0,Newcastle,Aston Villa,5,1,H,13,6
2023-08-12,E3,AFC Wimbledon,Wrexham,1,1,D,3,6
2023-08-12,E3,Barrow,Sutton,2,1,H,7,3
2023-08-12,E3,Bradford,Colchester,2,1,H,7,2
2023-08-12,E3,Gillingham,Accrington,1,0,H,4,1
2023-08-12,E3,Harrogate,Forest Green,0,1,A,3,2
2023-08-12,E3,Mansfield,Morecambe,3,0,H,6,0
2023-08-12,E3,Milton Keynes Dons,Tranmere,1,0,H,2,3
2023-08-12,E3,Newport County,Doncaster,4,0,H,6,2
2023-08-12,E3,Notts County,Grimsby,3,2,H,8,3
2023-08-12,E0,Everton,Fulham,0,1,A,9,2
2023-08-12,E0,Brighton,Luton,4,1,H,12,3
2023-08-12,E3,Walsall,Stockport,2,1,H,2,3
2023-08-12,E0,Arsenal,Nott'm Forest,2,1,H,7,2
2023-08-12,E3,Salford,Crawley Town,1,1,D,3,2
2023-08-12,E1,Huddersfield,Leicester,0,1,A,3,6
2023-08-12,E1,Coventry,Middlesbrough,3,0,H,5,2
2023-08-12,E1,Birmingham,Leeds,1,0,H,2,1
2023-08-12,E1,West Brom,Swansea,3,2,H,3,4
2023-08-12,E1,Watford,Plymouth,0,0,D,3,5
2023-08-12,E1,Southampton,Norwich,4,4,D,11,6
2023-08-12,E1,Rotherham,Blackburn,2,2,D,3,6
2023-08-12,E1,Preston,Sunderland,2,1,H,2,4
2023-08-12,E1,Millwall,Bristol City,0,1,A,2,1
2023-08-12,E1,Ipswich,Stoke,2,0,H,10,2
2023-08-12,E1,Hull,Sheffield Weds,4,2,H,7,2
2023-08-12,E0,Bournemouth,West Ham,1,1,D,5,3
2023-08-12,E3,Swindon,Crewe,2,2,D,6,5
2023-08-12,E1,Cardiff,QPR,1,2,A,4,3
2023-08-12,E2,Peterboro,Charlton,1,0,H,3,2
2023-08-12,E2,Stevenage,Shrewsbury,2,0,H,6,1
2023-08-12,E2,Wigan,Northampton,2,1,H,5,3
2023-08-12,E2,Port Vale,Reading,1,0,H,3,1
2023-08-12,E2,Oxford,Carlisle,1,0,H,3,0
2023-08-12,E2,Lincoln,Wycombe,3,0,H,8,4
2023-08-12,E2,Bristol Rvs,Barnsley,1,1,D,4,3
2023-08-12,E2,Fleetwood Town,Cambridge,0,2,A,2,7
2023-08-12,E2,Exeter,Blackpool,0,0,D,1,3
2023-08-12,E2,Cheltenham,Bolton,0,3,A,2,7
2023-08-12,E2,Burton,Derby,0,3,A,2,5
2023-08-12,E2,Leyton Orient,Portsmouth,0,4,A,3,4
2023-08-13,E0,Chelsea,Liverpool,1,1,D,4,1
2023-08-13,E0,Brentford,Tottenham,2,2,D,6,6
2023-08-14,E0,Man United,Wolves,1,0,H,3,6
2023-08-15,E2,Northampton,Lincoln,2,2,D,9,3
2023-08-15,E2,Derby,Oxford,1,2,A,4,4
2023-08-15,E2,Charlton,Bristol Rvs,1,2,A,5,7
2023-08-15,E2,Barnsley,Peterboro,1,3,A,7,9
2023-08-15,E2,Cambridge,Stevenage,1,2,A,3,6
2023-08-15,E2,Bolton,Fleetwood Town,3,1,H,5,7
2023-08-15,E2,Blackpool,Port Vale,0,0,D,4,1
2023-08-15,E2,Shrewsbury,Burton,2,1,H,3,4
2023-08-15,E2,Carlisle,Wigan,1,1,D,2,4
2023-08-15,E2,Wycombe,Leyton Orient,3,2,H,6,6
2023-08-15,E3,Colchester,AFC Wimbledon,0,2,A,4,7
2023-08-15,E2,Reading,Cheltenham,1,0,H,4,3
2023-08-15,E3,Wrexham,Walsall,4,2,H,11,5
2023-08-15,E3,Accrington,Barrow,1,1,D,2,1
2023-08-15,E3,Crawley Town,Milton Keynes Dons,2,1,H,5,2
2023-08-15,E3,Crewe,Newport County,4,2,H,6,7
2023-08-15,E3,Doncaster,Mansfield,2,2,D,5,8
2023-08-15,E3,Forest Green,Swindon,1,2,A,5,8
2023-08-15,E3,Grimsby,Salford,2,0,H,2,1
2023-08-15,E3,Morecambe,Notts County,0,0,D,1,1
2023-08-15,E3,Stockport,Bradford,1,1,D,5,6
2023-08-15,E3,Sutton,Gillingham,0,1,A,2,1
2023-08-15,E3,Tranmere,Harrogate,3,0,H,5,2
2023-08-15,E2,Portsmouth,Exeter,1,0,H,7,5
2023-08-18,E1,Leeds,West Brom,1,1,D,4,2
2023-08-18,E0,Nott'm Forest,Sheffield United,2,1,H,4,3
2023-08-19,E2,Barnsley,Oxford,1,3,A,6,8
2023-08-19,E1,Sheffield Weds,Preston,0,1,A,3,2
2023-08-19,E3,Colchester,Milton Keynes Dons,2,3,A,4,6
2023-08-19,E3,Crawley Town,Gillingham,0,1,A,7,2
2023-08-19,E3,Crewe,Walsall,2,2,D,3,7
2023-08-19,E3,Doncaster,Notts County,1,3,A,6,5
2023-08-19,E3,Forest Green,Newport County,0,3,A,1,7
2023-08-19,E3,Grimsby,Mansfield,1,1,D,3,4
2023-08-19,E1,Stoke,Watford,1,0,H,2,3
2023-08-19,E3,Morecambe,Bradford,3,0,H,3,5
2023-08-19,E1,Plymouth,Southampton,1,2,A,2,9
2023-08-19,E1,Blackburn,Hull,1,2,A,3,5
2023-08-19,E1,Bristol City,Birmingham,0,2,A,0,6
2023-08-19,E1,Leicester,Cardiff,2,1,H,6,4
2023-08-19,E1,Middlesbrough,Huddersfield,1,1,D,7,2
2023-08-19,E1,QPR,Ipswich,0,1,A,4,3
2023-08-19,E3,Stockport,Barrow,1,0,H,5,3
2023-08-19,E1,Sunderland,Rotherham,2,1,H,4,1
2023-08-19,E0,Liverpool,Bournemouth,3,1,H,10,5
2023-08-19,E3,Sutton,AFC Wimbledon,0,3,A,4,5
2023-08-19,E2,Blackpool,Leyton Orient,0,0,D,5,2
2023-08-19,E2,Cambridge,Bristol Rvs,2,0,H,4,5
2023-08-19,E2,Carlisle,Exeter,0,2,A,6,3
2023-08-19,E2,Charlton,Port Vale,2,3,A,7,5
2023-08-19,E2,Derby,Fleetwood Town,1,0,H,3,2
2023-08-19,E2,Northampton,Peterboro,1,0,H,2,1
2023-08-19,E2,Portsmouth,Cheltenham,0,0,D,5,1
2023-08-19,E2,Reading,Stevenage,2,0,H,7,4
2023-08-19,E2,Shrewsbury,Lincoln,0,1,A,2,3
2023-08-19,E2,Wycombe,Burton,0,0,D,8,3
2023-08-19,E3,Tranmere,Salford,3,4,A,6,6
2023-08-19,E3,Wrexham,Swindon,5,5,D,12,6
2023-08-19,E0,Man City,Newcastle,1,0,H,4,1
2023-08-19,E0,Tottenham,Man United,2,0,H,6,6
2023-08-19,E0,Wolves,Brighton,1,4,A,5,8
2023-08-19,E2,Bolton,Wigan,0,4,A,4,5
2023-08-19,E0,Fulham,Brentford,0,3,A,2,8
2023-08-19,E1,Swansea,Coventry,1,1,D,3,2
2023-08-19,E3,Accrington,Harrogate,2,1,H,7,2
2023-08-20,E0,West Ham,Chelsea,3,1,H,6,4
2023-08-20,E0,Aston Villa,Everton,4,0,H,7,2
2023-08-20,E1,Norwich,Millwall,3,1,H,5,2
2023-08-21,E0,Crystal Palace,Arsenal,0,1,A,2,3
2023-08-25,E1,Hull,Bristol City,1,1,D,9,5
2023-08-25,E0,Chelsea,Luton,3,0,H,8,1
2023-08-26,E0,Man United,Nott'm Forest,3,2,H,9,4
2023-08-26,E0,Brighton,West Ham,1,3,A,10,3
2023-08-26,E2,Bristol Rvs,Wycombe,1,2,A,1,5
2023-08-26,E2,Burton,Bolton,1,1,D,3,6
2023-08-26,E2,Exeter,Reading,2,1,H,4,3
2023-08-26,E2,Fleetwood Town,Shrewsbury,0,1,A,1,2
2023-08-26,E2,Leyton Orient,Cambridge,2,0,H,3,3
2023-08-26,E2,Lincoln,Blackpool,3,0,H,5,3
2023-08-26,E2,Oxford,Charlton,2,1,H,5,3
2023-08-26,E2,Peterboro,Derby,2,4,A,6,5
2023-08-26,E2,Port Vale,Carlisle,1,0,H,5,2
2023-08-26,E2,Cheltenham,Northampton,0,1,A,2,2
2023-08-26,E0,Everton,Wolves,0,1,A,7,2
2023-08-26,E0,Arsenal,Fulham,2,2,D,11,3
2023-08-26,E0,Bournemouth,Tottenham,0,2,A,3,6
2023-08-26,E3,Notts County,Tranmere,2,1,H,6,4
2023-08-26,E3,AFC Wimbledon,Forest Green,1,1,D,6,3
2023-08-26,E3,Barrow,Wrexham,1,1,D,2,4
2023-08-26,E3,Bradford,Crewe,1,0,H,2,3
2023-08-26,E3,Gillingham,Colchester,0,3,A,4,5
2023-08-26,E3,Harrogate,Morecambe,2,0,H,6,1
2023-08-26,E3,Mansfield,Stockport,3,2,H,11,3
2023-08-26,E3,Milton Keynes Dons,Doncaster,2,1,H,5,6
2023-08-26,E3,Walsall,Grimsby,1,1,D,6,2
2023-08-26,E3,Swindon,Crawley Town,6,0,H,10,3
2023-08-26,E3,Salford,Accrington,1,2,A,2,6
2023-08-26,E0,Brentford,Crystal Palace,1,1,D,1,5
2023-08-26,E2,Wigan,Barnsley,0,2,A,1,8
2023-08-26,E2,Stevenage,Portsmouth,0,0,D,3,2
2023-08-26,E3,Newport County,Sutton,3,1,H,5,5
2023-08-26,E1,Southampton,QPR,2,1,H,3,5
2023-08-26,E1,Rotherham,Leicester,1,2,A,1,7
2023-08-26,E1,Preston,Swansea,2,1,H,3,1
2023-08-26,E1,Millwall,Stoke,1,0,H,7,2
2023-08-26,E1,West Brom,Middlesbrough,4,2,H,4,5
2023-08-26,E1,Huddersfield,Norwich,0,4,A,5,5
2023-08-26,E1,Coventry,Sunderland,0,0,D,6,2
2023-08-26,E1,Cardiff,Sheffield Weds,2,1,H,4,2
2023-08-26,E1,Birmingham,Plymouth,2,1,H,4,8
2023-08-26,E1,Ipswich,Leeds,3,4,A,6,9
2023-08-27,E1,Watford,Blackburn,0,1,A,4,3
2023-08-27,E0,Newcastle,Liverpool,1,2,A,8,4
2023-08-27,E0,Sheffield United,Man City,1,2,A,2,9
2023-08-27,E0,Burnley,Aston Villa,1,3,A,2,6
2023-09-01,E0,Luton,West Ham,1,2,A,1,3
2023-09-02,E1,Coventry,Watford,3,3,D,7,5
2023-09-02,E1,Birmingham,Millwall,1,1,D,4,3
2023-09-02,E1,Sunderland,Southampton,5,0,H,10,2
2023-09-02,E1,Swansea,Bristol City,1,2,A,4,4
2023-09-02,E1,Ipswich,Cardiff,3,2,H,7,5
2023-09-02,E2,Blackpool,Wigan,2,1,H,7,3
2023-09-02,E2,Bolton,Derby,2,1,H,4,1
2023-09-02,E2,Bristol Rvs,Lincoln,1,1,D,3,5
2023-09-02,E2,Burton,Exeter,0,1,A,5,4
2023-09-02,E2,Carlisle,Shrewsbury,2,0,H,2,2
2023-09-02,E2,Charlton,Fleetwood Town,2,1,H,4,3
2023-09-02,E2,Cheltenham,Barnsley,0,2,A,5,5
2023-09-02,E2,Leyton Orient,Stevenage,0,3,A,2,4
2023-09-02,E1,Leeds,Sheffield Weds,0,0,D,4,5
2023-09-02,E2,Northampton,Wycombe,0,1,A,6,1
2023-09-02,E2,Portsmouth,Peterboro,3,1,H,7,4
2023-09-02,E1,West Brom,Huddersfield,1,2,A,5,4
2023-09-02,E1,Stoke,Preston,0,2,A,1,3
2023-09-02,E1,Rotherham,Norwich,2,1,H,3,5
2023-09-02,E1,Plymouth,Blackburn,3,0,H,9,4
2023-09-02,E1,Middlesbrough,QPR,0,2,A,9,3
2023-09-02,E2,Oxford,Port Vale,1,2,A,6,5
2023-09-02,E1,Leicester,Hull,0,1,A,1,4
2023-09-02,E3,Doncaster,Swindon,0,0,D,3,2
2023-09-02,E3,Crewe,Milton Keynes Dons,3,1,H,7,4
2023-09-02,E3,Tranmere,Wrexham,0,1,A,2,5
2023-09-02,E0,Brighton,Newcastle,3,1,H,6,2
2023-09-02,E0,Chelsea,Nott'm Forest,0,1,A,2,3
2023-09-02,E0,Burnley,Tottenham,2,5,A,4,10
2023-09-02,E0,Brentford,Bournemouth,2,2,D,7,5
2023-09-02,E0,Sheffield United,Everton,2,2,D,8,6
2023-09-02,E3,Walsall,Colchester,1,0,H,7,3
2023-09-02,E0,Man City,Fulham,5,1,H,5,4
2023-09-02,E3,Stockport,Crawley Town,3,3,D,5,5
2023-09-02,E3,Grimsby,Gillingham,2,0,H,4,3
2023-09-02,E3,Sutton,Forest Green,0,1,A,2,6
2023-09-02,E3,Harrogate,Barrow,0,1,A,5,2
2023-09-02,E3,Mansfield,Bradford,0,0,D,1,2
2023-09-02,E3,Morecambe,Salford,1,0,H,5,2
2023-09-02,E3,Newport County,AFC Wimbledon,2,2,D,4,4
2023-09-02,E3,Notts County,Accrington,3,1,H,5,6
2023-09-03,E0,Liverpool,Aston Villa,3,0,H,4,3
2023-09-03,E0,Crystal Palace,Wolves,3,2,H,11,4
2023-09-03,E0,Arsenal,Man United,3,1,H,5,2
2023-09-04,E2,Cambridge,Reading,1,0,H,3,4
2023-09-09,E3,Wrexham,Doncaster,2,1,H,8,2
2023-09-09,E3,Accrington,Mansfield,0,3,A,2,5
2023-09-09,E3,Bradford,Grimsby,1,1,D,1,3
2023-09-09,E2,Exeter,Leyton Orient,1,2,A,2,7
2023-09-09,E2,Stevenage,Carlisle,2,2,D,8,2
2023-09-09,E3,Salford,Walsall,1,2,A,7,5
2023-09-09,E3,Milton Keynes Dons,Notts County,1,1,D,3,3
2023-09-09,E3,Swindon,Sutton,5,3,H,7,5
2023-09-09,E3,Forest Green,Crewe,1,4,A,4,5
2023-09-09,E3,Crawley Town,Newport County,4,1,H,8,5
2023-09-09,E3,Colchester,Tranmere,2,0,H,12,4
2023-09-09,E3,AFC Wimbledon,Stockport,1,2,A,4,3
2023-09-09,E3,Gillingham,Harrogate,1,0,H,4,2
2023-09-15,E1,Hull,Coventry,1,1,D,4,2
2023-09-15,E1,Southampton,Leicester,1,4,A,8,8
2023-09-15,E3,Salford,Notts County,0,2,A,2,4
2023-09-16,E0,Man United,Brighton,1,3,A,4,8
2023-09-16,E0,Tottenham,Sheffield United,2,1,H,10,5
2023-09-16,E1,Sheffield Weds,Ipswich,0,1,A,0,6
2023-09-16,E0,Newcastle,Brentford,1,0,H,2,2
2023-09-16,E0,Fulham,Luton,1,0,H,2,2
2023-09-16,E1,Cardiff,Swansea,2,0,H,7,3
2023-09-16,E1,Watford,Birmingham,2,0,H,4,3
2023-09-16,E1,QPR,Sunderland,1,3,A,3,8
2023-09-16,E1,Bristol City,West Brom,0,0,D,3,0
2023-09-16,E1,Norwich,Stoke,1,0,H,5,2
2023-09-16,E2,Wycombe,Blackpool,2,0,H,4,2
2023-09-16,E2,Wigan,Cambridge,2,1,H,3,3
2023-09-16,E2,Stevenage,Charlton,1,1,D,3,1
2023-09-16,E2,Shrewsbury,Bristol Rvs,0,2,A,4,4
2023-09-16,E2,Reading,Bolton,2,1,H,7,5
2023-09-16,E2,Port Vale,Northampton,1,0,H,4,1
2023-09-16,E1,Preston,Plymouth,2,1,H,5,7
2023-09-16,E2,Peterboro,Leyton Orient,1,1,D,5,2
2023-09-16,E2,Fleetwood Town,Oxford,0,3,A,0,5
2023-09-16,E2,Exeter,Cheltenham,1,0,H,7,2
2023-09-16,E2,Derby,Portsmouth,1,1,D,1,5
2023-09-16,E2,Barnsley,Burton,2,0,H,3,1
2023-09-16,E1,Blackburn,Middlesbrough,2,1,H,8,6
2023-09-16,E1,Huddersfield,Rotherham,2,0,H,5,3
2023-09-16,E2,Lincoln,Carlisle,1,1,D,4,6
2023-09-16,E0,Aston Villa,Crystal Palace,3,1,H,5,3
2023-09-16,E0,West Ham,Man City,1,3,A,3,15
2023-09-16,E3,Crawley Town,Tranmere,3,2,H,7,4
2023-09-16,E3,AFC Wimbledon,Crewe,2,2,D,6,4
2023-09-16,E3,Accrington,Sutton,4,1,H,5,1
2023-09-16,E0,Wolves,Liverpool,1,3,A,2,6
2023-09-16,E3,Forest Green,Doncaster,1,2,A,3,7
2023-09-16,E3,Wrexham,Grimsby,3,0,H,9,1
2023-09-16,E3,Swindon,Walsall,2,0,H,6,2
2023-09-16,E3,Newport County,Barrow,1,1,D,2,3
2023-09-16,E3,Bradford,Harrogate,1,1,D,3,1
2023-09-16,E3,Gillingham,Morecambe,2,1,H,5,3
2023-09-16,E3,Milton Keynes Dons,Stockport,1,2,A,3,5
2023-09-16,E3,Colchester,Mansfield,1,1,D,4,5
2023-09-17,E1,Millwall,Leeds,0,3,A,3,3
2023-09-17,E0,Everton,Arsenal,0,1,A,1,4
2023-09-17,E0,Bournemouth,Chelsea,0,0,D,4,6
2023-09-18,E0,Nott'm Forest,Burnley,1,1,D,4,3
2023-09-19,E1,Bristol City,Plymouth,4,1,H,6,2
2023-09-19,E1,Southampton,Ipswich,0,1,A,3,3
2023-09-19,E1,QPR,Swansea,1,1,D,3,3
2023-09-19,E2,Peterboro,Cheltenham,3,0,H,5,0
2023-09-19,E2,Barnsley,Portsmouth,2,3,A,3,6
2023-09-19,E2,Port Vale,Burton,2,3,A,9,3
2023-09-19,E1,Preston,Birmingham,2,1,H,3,4
2023-09-19,E1,Cardiff,Coventry,3,2,H,3,3
2023-09-19,E1,Sheffield Weds,Middlesbrough,1,1,D,2,3
2023-09-20,E1,Norwich,Leicester,0,2,A,2,3
2023-09-20,E1,Watford,West Brom,2,2,D,4,5
2023-09-20,E1,Millwall,Rotherham,3,0,H,8,1
2023-09-20,E1,Hull,Leeds,0,0,D,0,4
2023-09-20,E1,Huddersfield,Stoke,2,2,D,6,3
2023-09-20,E1,Blackburn,Sunderland,1,3,A,6,4
2023-09-22,E1,Birmingham,QPR,0,0,D,4,4
2023-09-23,E2,Oxford,Exeter,3,0,H,4,5
2023-09-23,E2,Charlton,Wycombe,3,1,H,6,1
2023-09-23,E2,Burton,Fleetwood Town,1,1,D,2,4
2023-09-23,E2,Cambridge,Port Vale,1,1,D,5,2
2023-09-23,E2,Carlisle,Derby,0,2,A,4,2
2023-09-23,E2,Leyton Orient,Shrewsbury,1,0,H,1,5
2023-09-23,E2,Northampton,Barnsley,1,2,A,5,4
2023-09-23,E2,Bristol Rvs,Wigan,4,1,H,6,3
2023-09-23,E2,Bolton,Peterboro,1,1,D,3,6
2023-09-23,E1,West Brom,Millwall,0,0,D,3,2
2023-09-23,E1,Swansea,Sheffield Weds,3,0,H,4,1
2023-09-23,E1,Rotherham,Preston,1,1,D,1,6
2023-09-23,E1,Plymouth,Norwich,6,2,H,10,6
2023-09-23,E1,Middlesbrough,Southampton,2,1,H,5,5
2023-09-23,E1,Leicester,Bristol City,1,0,H,7,1
2023-09-23,E1,Leeds,Watford,3,0,H,10,1
2023-09-23,E1,Ipswich,Blackburn,4,3,H,11,5
2023-09-23,E2,Blackpool,Reading,4,1,H,6,4
2023-09-23,E2,Portsmouth,Lincoln,2,1,H,3,4
2023-09-23,E2,Cheltenham,Stevenage,0,3,A,2,9
2023-09-23,E3,Sutton,Milton Keynes Dons,1,1,D,5,2
2023-09-23,E3,Tranmere,Accrington,2,0,H,7,3
2023-09-23,E3,Walsall,AFC Wimbledon,1,3,A,1,6
2023-09-23,E3,Doncaster,Gillingham,2,1,H,6,5
2023-09-23,E3,Grimsby,Crawley Town,2,3,A,7,3
2023-09-23,E3,Harrogate,Salford,3,2,H,7,5
2023-09-23,E3,Mansfield,Barrow,1,0,H,2,2
2023-09-23,E3,Morecambe,Swindon,2,2,D,4,5
2023-09-23,E3,Newport County,Bradford,1,4,A,1,7
2023-09-23,E3,Notts County,Forest Green,4,3,H,6,4
2023-09-23,E0,Crystal Palace,Fulham,0,0,D,3,5
2023-09-23,E0,Luton,Wolves,1,1,D,4,3
2023-09-23,E3,Stockport,Wrexham,5,0,H,5,5
2023-09-23,E0,Brentford,Everton,1,3,A,2,6
2023-09-23,E0,Burnley,Man United,0,1,A,4,4
2023-09-23,E0,Man City,Nott'm Forest,2,0,H,4,3
2023-09-23,E3,Crewe,Colchester,2,1,H,3,6
2023-09-24,E1,Stoke,Hull,1,3,A,6,5
2023-09-24,E0,Arsenal,Tottenham,2,2,D,6,5
2023-09-24,E0,Brighton,Bournemouth,3,1,H,4,4
2023-09-24,E0,Chelsea,Aston Villa,0,1,A,4,7
2023-09-24,E0,Liverpool,West Ham,3,1,H,7,4
2023-09-24,E0,Sheffield United,Newcastle,0,8,A,1,15
2023-09-24,E1,Sunderland,Cardiff,0,1,A,6,2
2023-09-25,E1,Coventry,Huddersfield,1,1,D,3,4
2023-09-29,E1,Sheffield Weds,Sunderland,0,3,A,2,6
2023-09-30,E3,Wrexham,Crewe,3,3,D,6,7
2023-09-30,E3,Swindon,Grimsby,2,1,H,3,4
2023-09-30,E3,Salford,Newport County,2,1,H,2,4
2023-09-30,E3,AFC Wimbledon,Tranmere,4,1,H,8,2
2023-09-30,E3,Milton Keynes Dons,Harrogate,0,1,A,4,3
2023-09-30,E3,Barrow,Doncaster,3,2,H,4,4
2023-09-30,E3,Bradford,Walsall,1,3,A,2,4
2023-09-30,E3,Colchester,Notts County,5,4,H,8,7
2023-09-30,E3,Crawley Town,Sutton,3,0,H,7,2
2023-09-30,E3,Forest Green,Morecambe,1,2,A,2,11
2023-09-30,E3,Gillingham,Mansfield,1,1,D,4,3
2023-09-30,E0,Aston Villa,Brighton,6,1,H,9,3
2023-09-30,E0,Bournemouth,Arsenal,0,4,A,1,8
2023-09-30,E0,Everton,Luton,1,2,A,5,2
2023-09-30,E3,Accrington,Stockport,1,3,A,4,4
2023-09-30,E0,West Ham,Sheffield United,2,0,H,9,2
2023-09-30,E0,Newcastle,Burnley,2,0,H,8,2
2023-09-30,E0,Tottenham,Liverpool,2,1,H,8,4
2023-09-30,E2,Wycombe,Carlisle,2,0,H,6,1
2023-09-30,E2,Wigan,Portsmouth,1,2,A,1,5
2023-09-30,E2,Stevenage,Oxford,1,3,A,3,4
2023-09-30,E2,Shrewsbury,Charlton,0,0,D,8,6
2023-09-30,E2,Reading,Burton,0,0,D,7,1
2023-09-30,E2,Port Vale,Bolton,0,1,A,6,5
2023-09-30,E2,Peterboro,Bristol Rvs,2,0,H,7,2
2023-09-30,E2,Lincoln,Cheltenham,2,0,H,3,1
2023-09-30,E2,Fleetwood Town,Leyton Orient,1,0,H,3,5
2023-09-30,E0,Wolves,Man City,2,1,H,1,8
2023-09-30,E2,Derby,Cambridge,0,0,D,2,1
2023-09-30,E2,Barnsley,Blackpool,0,1,A,0,3
2023-09-30,E2,Exeter,Northampton,0,2,A,2,7
2023-09-30,E1,QPR,Coventry,1,3,A,3,6
2023-09-30,E1,Watford,Middlesbrough,2,3,A,4,3
2023-09-30,E1,Southampton,Leeds,3,1,H,5,5
2023-09-30,E1,Bristol City,Stoke,2,3,A,5,4
2023-09-30,E1,Cardiff,Rotherham,2,0,H,5,0
2023-09-30,E0,Man United,Crystal Palace,0,1,A,4,2
2023-09-30,E1,Hull,Plymouth,1,1,D,5,5
2023-09-30,E1,Millwall,Swansea,0,3,A,5,5
2023-09-30,E1,Norwich,Birmingham,2,0,H,4,2
2023-09-30,E1,Preston,West Brom,0,4,A,1,6
2023-09-30,E1,Huddersfield,Ipswich,1,1,D,6,6
2023-10-01,E0,Nott'm Forest,Brentford,1,1,D,1,5
2023-10-01,E1,Blackburn,Leicester,1,4,A,4,4
2023-10-02,E0,Fulham,Chelsea,0,2,A,3,4
2023-10-03,E1,Middlesbrough,Cardiff,2,0,H,6,3
2023-10-03,E1,Plymouth,Millwall,0,2,A,6,3
2023-10-03,E1,Stoke,Southampton,0,1,A,2,4
2023-10-03,E1,West Brom,Sheffield Weds,1,0,H,3,2
2023-10-03,E2,Bolton,Stevenage,3,2,H,4,3
2023-10-03,E1,Ipswich,Hull,3,0,H,6,6
2023-10-03,E3,Walsall,Milton Keynes Dons,0,0,D,4,5
2023-10-03,E3,Tranmere,Bradford,2,1,H,5,5
2023-10-03,E3,Sutton,Salford,0,2,A,2,5
2023-10-03,E3,Stockport,Forest Green,2,0,H,6,1
2023-10-03,E3,Notts County,Swindon,3,1,H,6,4
2023-10-03,E3,Newport County,Colchester,2,1,H,7,4
2023-10-03,E3,Morecambe,Accrington,1,1,D,6,3
2023-10-03,E3,Mansfield,Wrexham,0,0,D,5,1
2023-10-03,E3,Harrogate,AFC Wimbledon,0,1,A,2,4
2023-10-03,E2,Bristol Rvs,Port Vale,3,0,H,7,2
2023-10-03,E3,Grimsby,Barrow,2,1,H,6,7
2023-10-03,E3,Crewe,Gillingham,2,0,H,4,5
2023-10-03,E0,Luton,Burnley,1,2,A,3,4
2023-10-03,E2,Cambridge,Barnsley,0,4,A,8,7
2023-10-03,E2,Portsmouth,Wycombe,2,1,H,3,1
2023-10-03,E2,Oxford,Shrewsbury,3,0,H,5,1
2023-10-03,E2,Northampton,Reading,3,1,H,5,4
2023-10-03,E2,Cheltenham,Fleetwood Town,0,2,A,2,5
2023-10-03,E1,Birmingham,Huddersfield,4,1,H,6,6
2023-10-03,E3,Doncaster,Crawley Town,2,0,H,8,4
2023-10-03,E2,Charlton,Exeter,4,1,H,10,3
2023-10-03,E2,Carlisle,Peterboro,1,1,D,1,6
2023-10-03,E2,Blackpool,Derby,1,3,A,4,5
2023-10-03,E2,Burton,Wigan,2,1,H,5,1
2023-10-04,E1,Leeds,QPR,1,0,H,3,2
2023-10-04,E1,Coventry,Blackburn,1,0,H,3,4
2023-10-04,E1,Rotherham,Bristol City,1,2,A,1,5
2023-10-04,E1,Swansea,Norwich,2,1,H,7,5
2023-10-04,E1,Sunderland,Watford,2,0,H,4,4
2023-10-04,E1,Leicester,Preston,3,0,H,4,1
2023-10-06,E1,Birmingham,West Brom,3,1,H,3,3
2023-10-07,E1,QPR,Blackburn,0,4,A,6,7
2023-10-07,E2,Stevenage,Wigan,1,0,H,5,2
2023-10-07,E2,Shrewsbury,Northampton,1,0,H,2,2
2023-10-07,E2,Portsmouth,Port Vale,2,0,H,4,3
2023-10-07,E2,Peterboro,Lincoln,2,0,H,5,0
2023-10-07,E0,Man United,Brentford,2,1,H,8,3
2023-10-07,E2,Leyton Orient,Reading,2,1,H,4,5
2023-10-07,E2,Fleetwood Town,Wycombe,1,4,A,4,12
2023-10-07,E2,Exeter,Barnsley,0,1,A,1,3
2023-10-07,E2,Cheltenham,Derby,1,1,D,2,8
2023-10-07,E2,Charlton,Blackpool,2,2,D,5,4
2023-10-07,E2,Bolton,Carlisle,1,3,A,3,9
2023-10-07,E2,Oxford,Bristol Rvs,2,1,H,6,7
2023-10-07,E1,Sheffield Weds,Huddersfield,0,0,D,1,0
2023-10-07,E1,Southampton,Rotherham,1,1,D,10,2
2023-10-07,E0,Crystal Palace,Nott'm Forest,0,0,D,2,5
2023-10-07,E0,Burnley,Chelsea,1,4,A,3,5
2023-10-07,E0,Luton,Tottenham,0,1,A,2,4
2023-10-07,E1,Leeds,Bristol City,2,1,H,8,2
2023-10-07,E1,Millwall,Hull,2,2,D,4,3
2023-10-07,E0,Fulham,Sheffield United,3,1,H,6,2
2023-10-07,E0,Everton,Bournemouth,3,0,H,8,4
2023-10-07,E3,Tranmere,Grimsby,2,2,D,3,5
2023-10-07,E3,Sutton,Walsall,4,0,H,6,5
2023-10-07,E3,Stockport,Doncaster,1,0,H,4,4
2023-10-07,E3,Salford,Crewe,4,2,H,7,3
2023-10-07,E3,Newport County,Harrogate,1,2,A,4,3
2023-10-07,E3,Mansfield,AFC Wimbledon,0,0,D,4,4
2023-10-07,E1,Plymouth,Swansea,1,3,A,7,6
2023-10-07,E3,Gillingham,Milton Keynes Dons,2,1,H,6,8
2023-10-07,E3,Colchester,Morecambe,1,3,A,5,7
2023-10-07,E3,Bradford,Swindon,1,0,H,4,2
2023-10-07,E3,Accrington,Forest Green,2,1,H,4,5
2023-10-07,E1,Sunderland,Middlesbrough,0,4,A,3,7
2023-10-07,E1,Cardiff,Watford,1,1,D,2,1
2023-10-07,E1,Coventry,Norwich,1,1,D,3,2
2023-10-07,E1,Ipswich,Preston,4,2,H,10,2
2023-10-07,E1,Leicester,Stoke,2,0,H,7,1
2023-10-07,E3,Crawley Town,Wrexham,0,1,A,5,5
2023-10-07,E3,Barrow,Notts County,1,1,D,6,1
2023-10-08,E0,Brighton,Liverpool,2,2,D,3,4
2023-10-08,E0,Arsenal,Man City,1,0,H,2,1
2023-10-08,E0,Wolves,Aston Villa,1,1,D,3,4
2023-10-08,E0,West Ham,Newcastle,2,2,D,3,3
2023-10-09,E2,Burton,Cambridge,2,1,H,3,2
2023-10-14,E3,Harrogate,Stockport,1,3,A,4,7
2023-10-14,E3,Doncaster,Sutton,4,1,H,5,3
2023-10-14,E3,Walsall,Gillingham,4,1,H,7,5
2023-10-14,E3,Wrexham,Salford,3,2,H,7,4
2023-10-14,E2,Carlisle,Leyton Orient,0,1,A,1,5
2023-10-14,E2,Cambridge,Shrewsbury,1,1,D,1,2
2023-10-14,E2,Blackpool,Stevenage,3,0,H,3,3
2023-10-14,E3,Notts County,Mansfield,1,4,A,2,9
2023-10-14,E3,AFC Wimbledon,Bradford,0,1,A,5,2
2023-10-14,E3,Crewe,Tranmere,2,0,H,4,3
2023-10-14,E2,Lincoln,Burton,0,1,A,3,1
2023-10-14,E3,Forest Green,Colchester,5,0,H,10,1
2023-10-14,E3,Swindon,Newport County,2,0,H,6,4
2023-10-14,E3,Milton Keynes Dons,Barrow,2,2,D,5,9
2023-10-14,E3,Grimsby,Accrington,0,2,A,2,2
2023-10-20,E3,Tranmere,Doncaster,1,2,A,3,5
2023-10-20,E3,Newport County,Walsall,3,3,D,5,6
2023-10-21,E2,Shrewsbury,Derby,1,0,H,7,6
2023-10-21,E2,Portsmouth,Carlisle,1,0,H,8,3
2023-10-21,E2,Peterboro,Wycombe,2,2,D,6,8
2023-10-21,E2,Oxford,Blackpool,1,1,D,2,3
2023-10-21,E2,Leyton Orient,Barnsley,1,1,D,4,2
2023-10-21,E2,Fleetwood Town,Lincoln,0,1,A,4,3
2023-10-21,E2,Exeter,Wigan,0,2,A,4,1
2023-10-21,E2,Cheltenham,Cambridge,1,0,H,7,2
2023-10-21,E0,Newcastle,Crystal Palace,4,0,H,7,3
2023-10-21,E0,Nott'm Forest,Luton,2,2,D,8,4
2023-10-21,E2,Bolton,Northampton,2,1,H,6,4
2023-10-21,E2,Stevenage,Port Vale,0,0,D,2,3
2023-10-21,E0,Liverpool,Everton,2,0,H,6,1
2023-10-21,E0,Bournemouth,Wolves,1,2,A,4,7
2023-10-21,E0,Brentford,Burnley,3,0,H,10,1
2023-10-21,E0,Man City,Brighton,2,1,H,6,3
2023-10-21,E0,Sheffield United,Man United,1,2,A,6,5
2023-10-21,E2,Charlton,Reading,4,0,H,8,5
2023-10-21,E2,Burton,Bristol Rvs,4,1,H,4,4
2023-10-21,E0,Chelsea,Arsenal,2,2,D,5,3
2023-10-21,E3,Colchester,Harrogate,1,2,A,5,2
2023-10-21,E3,Sutton,Morecambe,2,3,A,2,5
2023-10-21,E3,Stockport,Grimsby,3,2,H,6,4
2023-10-21,E3,Salford,Swindon,2,2,D,7,7
2023-10-21,E3,Gillingham,Notts County,1,2,A,2,7
2023-10-21,E3,Crawley Town,Crewe,2,4,A,5,8
2023-10-21,E3,Bradford,Wrexham,1,1,D,5,1
2023-10-21,E3,Barrow,AFC Wimbledon,0,0,D,3,4
2023-10-21,E1,Preston,Millwall,1,1,D,2,4
2023-10-21,E1,Blackburn,Cardiff,1,0,H,1,2
2023-10-21,E3,Accrington,Milton Keynes Dons,1,0,H,4,1
2023-10-21,E1,Huddersfield,QPR,2,1,H,4,2
2023-10-21,E1,Hull,Southampton,1,2,A,3,5
2023-10-21,E1,Middlesbrough,Birmingham,1,0,H,10,3
2023-10-21,E1,Norwich,Leeds,2,3,A,4,8
2023-10-21,E1,Stoke,Sunderland,2,1,H,4,7
2023-10-21,E1,Swansea,Leicester,1,3,A,4,7
2023-10-21,E1,Watford,Sheffield Weds,1,0,H,3,2
2023-10-21,E1,West Brom,Plymouth,0,0,D,2,2
2023-10-21,E1,Bristol City,Coventry,1,0,H,3,1
2023-10-22,E0,Aston Villa,West Ham,4,1,H,7,4
2023-10-23,E0,Tottenham,Fulham,2,0,H,5,3
2023-10-24,E2,Port Vale,Peterboro,0,1,A,5,5
2023-10-24,E2,Wycombe,Bolton,2,4,A,6,4
2023-10-24,E2,Reading,Fleetwood Town,1,2,A,6,6
2023-10-24,E2,Wigan,Oxford,2,0,H,6,6
2023-10-24,E2,Northampton,Leyton Orient,2,2,D,4,7
2023-10-24,E2,Bristol Rvs,Stevenage,1,1,D,2,4
2023-10-24,E2,Derby,Exeter,2,0,H,8,0
2023-10-24,E2,Carlisle,Burton,2,1,H,7,2
2023-10-24,E2,Barnsley,Shrewsbury,3,0,H,3,2
2023-10-24,E2,Cambridge,Portsmouth,0,0,D,1,3
2023-10-24,E2,Lincoln,Charlton,3,1,H,9,4
2023-10-24,E2,Blackpool,Cheltenham,3,2,H,6,3
2023-10-24,E3,Notts County,Newport County,3,0,H,4,3
2023-10-24,E3,Crewe,Stockport,0,2,A,0,3
2023-10-24,E1,Millwall,Blackburn,1,2,A,3,6
2023-10-24,E1,Norwich,Middlesbrough,1,2,A,2,8
2023-10-24,E1,Swansea,Watford,0,1,A,3,5
2023-10-24,E1,Leicester,Sunderland,1,0,H,5,3
2023-10-24,E1,West Brom,QPR,2,0,H,4,0
2023-10-24,E1,Huddersfield,Cardiff,0,4,A,6,7
2023-10-24,E3,Walsall,Crawley Town,1,1,D,7,4
2023-10-24,E3,AFC Wimbledon,Accrington,2,4,A,7,9
2023-10-24,E3,Swindon,Gillingham,0,1,A,7,4
2023-10-24,E3,Doncaster,Salford,0,3,A,4,4
2023-10-24,E3,Forest Green,Barrow,0,2,A,7,4
2023-10-24,E3,Grimsby,Colchester,2,3,A,6,4
2023-10-24,E3,Harrogate,Mansfield,1,4,A,3,11
2023-10-24,E3,Milton Keynes Dons,Bradford,4,1,H,11,2
2023-10-24,E3,Morecambe,Tranmere,1,0,H,5,5
2023-10-24,E3,Wrexham,Sutton,2,1,H,5,1
2023-10-25,E1,Stoke,Leeds,1,0,H,4,3
2023-10-25,E1,Preston,Southampton,2,2,D,5,5
2023-10-25,E1,Plymouth,Sheffield Weds,3,0,H,6,2
2023-10-25,E1,Bristol City,Ipswich,0,1,A,4,6
2023-10-25,E1,Birmingham,Hull,0,2,A,4,8
2023-10-25,E1,Rotherham,Coventry,2,0,H,7,7
2023-10-27,E0,Crystal Palace,Tottenham,1,2,A,3,1
2023-10-28,E3,Barrow,Salford,0,0,D,2,0
2023-10-28,E3,Milton Keynes Dons,Swindon,3,2,H,6,3
2023-10-28,E3,Stockport,Tranmere,2,0,H,7,4
2023-10-28,E3,Sutton,Bradford,2,1,H,2,1
2023-10-28,E2,Wigan,Shrewsbury,2,0,H,7,0
2023-10-28,E2,Stevenage,Derby,3,1,H,6,3
2023-10-28,E2,Reading,Portsmouth,2,3,A,5,9
2023-10-28,E2,Port Vale,Cheltenham,1,2,A,5,3
2023-10-28,E2,Oxford,Wycombe,2,2,D,5,4
2023-10-28,E2,Exeter,Lincoln,1,1,D,5,3
2023-10-28,E3,Accrington,Colchester,0,1,A,6,6
2023-10-28,E2,Charlton,Bolton,0,2,A,1,5
2023-10-28,E2,Burton,Leyton Orient,0,0,D,3,4
2023-10-28,E2,Bristol Rvs,Northampton,2,1,H,6,5
2023-10-28,E2,Blackpool,Peterboro,2,4,A,5,5
2023-10-28,E2,Barnsley,Fleetwood Town,2,2,D,8,4
2023-10-28,E3,Mansfield,Walsall,2,1,H,7,1
2023-10-28,E3,Harrogate,Crewe,0,1,A,3,4
2023-10-28,E3,Gillingham,Newport County,0,2,A,3,5
2023-10-28,E3,Forest Green,Crawley Town,2,1,H,5,6
2023-10-28,E3,Doncaster,Grimsby,1,0,H,2,1
2023-10-28,E2,Cambridge,Carlisle,1,0,H,3,0
2023-10-28,E3,Morecambe,AFC Wimbledon,4,1,H,6,5
2023-10-28,E3,Notts County,Wrexham,0,2,A,6,8
2023-10-28,E1,Blackburn,Swansea,0,1,A,6,4
2023-10-28,E1,Cardiff,Bristol City,2,0,H,7,1
2023-10-28,E1,Middlesbrough,Stoke,0,2,A,3,6
2023-10-28,E1,Southampton,Birmingham,3,1,H,5,2
2023-10-28,E1,Leeds,Huddersfield,4,1,H,5,2
2023-10-28,E1,QPR,Leicester,1,2,A,3,5
2023-10-28,E1,Sunderland,Norwich,3,1,H,8,2
2023-10-28,E1,Watford,Millwall,2,2,D,6,4
2023-10-28,E1,Hull,Preston,1,0,H,6,4
2023-10-28,E1,Ipswich,Plymouth,3,2,H,4,6
2023-10-28,E0,Wolves,Newcastle,2,2,D,6,5
2023-10-28,E0,Bournemouth,Burnley,2,1,H,6,3
2023-10-28,E0,Arsenal,Sheffield United,5,0,H,8,0
2023-10-28,E0,Chelsea,Brentford,0,2,A,2,5
2023-10-29,E0,Liverpool,Nott'm Forest,3,0,H,8,1
2023-10-29,E1,Sheffield Weds,Rotherham,2,0,H,5,0
2023-10-29,E0,Brighton,Fulham,1,1,D,7,5
2023-10-29,E0,Aston Villa,Luton,3,1,H,6,1
2023-10-29,E0,West Ham,Everton,0,1,A,2,4
2023-10-29,E0,Man United,Man City,0,3,A,3,10
2023-10-30,E1,Coventry,West Brom,0,2,A,3,3
2023-10-31,E2,Wigan,Charlton,2,3,A,4,7
2023-10-31,E2,Derby,Northampton,4,0,H,5,1
2023-10-31,E2,Lincoln,Oxford,0,2,A,3,9
2023-10-31,E2,Wycombe,Cambridge,0,0,D,4,1
2023-10-31,E3,Barrow,Morecambe,1,0,H,3,0
2023-11-01,E2,Fleetwood Town,Blackpool,3,3,D,8,7
2023-11-03,E1,Leicester,Leeds,0,1,A,1,6
2023-11-04,E1,Birmingham,Ipswich,2,2,D,3,7
2023-11-04,E1,Bristol City,Sheffield Weds,1,0,H,7,2
2023-11-04,E1,Huddersfield,Watford,0,0,D,2,3
2023-11-04,E1,Millwall,Southampton,0,1,A,1,8
2023-11-04,E1,Plymouth,Middlesbrough,3,3,D,5,11
2023-11-04,E1,Preston,Coventry,3,2,H,7,8
2023-11-04,E1,Rotherham,QPR,1,1,D,3,4
2023-11-04,E1,Stoke,Cardiff,0,0,D,1,3
2023-11-04,E1,Swansea,Sunderland,0,0,D,2,3
2023-11-04,E0,Fulham,Man United,0,1,A,3,5
2023-11-04,E0,Sheffield United,Wolves,2,1,H,2,3
2023-11-04,E0,Newcastle,Arsenal,1,0,H,2,1
2023-11-04,E1,West Brom,Hull,3,1,H,5,4
2023-11-04,E0,Burnley,Crystal Palace,0,2,A,5,3
2023-11-04,E0,Brentford,West Ham,3,2,H,4,2
2023-11-04,E0,Man City,Bournemouth,6,1,H,8,1
2023-11-04,E0,Everton,Brighton,1,1,D,4,2
2023-11-05,E0,Luton,Liverpool,1,1,D,5,6
2023-11-05,E1,Norwich,Blackburn,1,3,A,8,4
2023-11-05,E0,Nott'm Forest,Aston Villa,2,0,H,3,3
2023-11-06,E0,Tottenham,Chelsea,1,4,A,5,8
2023-11-07,E3,Colchester,Swindon,3,1,H,2,3
2023-11-07,E2,Wigan,Peterboro,2,1,H,3,7
2023-11-07,E2,Shrewsbury,Bolton,0,2,A,2,2
2023-11-07,E2,Reading,Bristol Rvs,1,1,D,5,5
2023-11-07,E1,Rotherham,Ipswich,2,2,D,3,3
2023-11-10,E1,Blackburn,Preston,1,2,A,5,4
2023-11-11,E2,Carlisle,Bristol Rvs,0,1,A,5,2
2023-11-11,E2,Cheltenham,Wigan,1,1,D,6,1
2023-11-11,E2,Peterboro,Cambridge,5,0,H,7,3
2023-11-11,E3,Wrexham,Gillingham,2,0,H,5,2
2023-11-11,E2,Derby,Barnsley,3,0,H,6,1
2023-11-11,E2,Bolton,Blackpool,1,0,H,5,0
2023-11-11,E3,Walsall,Harrogate,0,1,A,3,2
2023-11-11,E1,Sheffield Weds,Millwall,0,4,A,2,6
2023-11-11,E1,QPR,Bristol City,0,0,D,0,2
2023-11-11,E1,Middlesbrough,Leicester,1,0,H,6,4
2023-11-11,E1,Leeds,Plymouth,2,1,H,6,3
2023-11-11,E1,Hull,Huddersfield,1,0,H,5,1
2023-11-11,E2,Wycombe,Stevenage,0,1,A,0,2
2023-11-11,E2,Shrewsbury,Reading,3,2,H,4,3
2023-11-11,E2,Portsmouth,Charlton,2,2,D,9,7
2023-11-11,E2,Northampton,Burton,2,0,H,6,3
2023-11-11,E2,Lincoln,Port Vale,1,1,D,3,4
2023-11-11,E2,Leyton Orient,Oxford,2,3,A,1,7
2023-11-11,E2,Fleetwood Town,Exeter,3,0,H,12,7
2023-11-11,E1,Southampton,West Brom,2,1,H,3,2
2023-11-11,E3,Tranmere,Forest Green,3,0,H,7,8
2023-11-11,E1,Ipswich,Swansea,3,2,H,9,4
2023-11-11,E3,Salford,Mansfield,1,2,A,7,5
2023-11-11,E1,Sunderland,Birmingham,3,1,H,6,7
2023-11-11,E1,Watford,Rotherham,5,0,H,8,2
2023-11-11,E3,AFC Wimbledon,Doncaster,2,0,H,2,1
2023-11-11,E3,Bradford,Barrow,1,2,A,5,4
2023-11-11,E3,Colchester,Sutton,1,1,D,4,3
2023-11-11,E3,Crawley Town,Accrington,3,1,H,4,6
2023-11-11,E3,Crewe,Notts County,1,0,H,4,2
2023-11-11,E1,Cardiff,Norwich,2,3,A,6,8
2023-11-11,E3,Swindon,Stockport,2,4,A,4,8
2023-11-11,E0,Bournemouth,Newcastle,2,0,H,10,5
2023-11-11,E0,Man United,Luton,1,0,H,4,4
2023-11-11,E0,Crystal Palace,Everton,2,3,A,4,4
2023-11-11,E0,Arsenal,Burnley,3,1,H,6,5
2023-11-11,E0,Wolves,Tottenham,2,1,H,4,2
2023-11-11,E3,Grimsby,Morecambe,3,2,H,10,6
2023-11-11,E3,Newport County,Milton Keynes Dons,0,0,D,1,5
2023-11-11,E1,Coventry,Stoke,0,0,D,2,2
2023-11-12,E0,Aston Villa,Fulham,3,1,H,6,5
2023-11-12,E0,West Ham,Nott'm Forest,3,2,H,6,5
2023-11-12,E0,Brighton,Sheffield United,1,1,D,6,1
2023-11-12,E0,Liverpool,Brentford,3,0,H,10,3
2023-11-12,E0,Chelsea,Man City,4,4,D,9,10
2023-11-18,E3,Sutton,Tranmere,1,1,D,2,3
2023-11-18,E3,Stockport,Colchester,2,0,H,4,5
2023-11-18,E3,Mansfield,Newport County,2,0,H,8,2
2023-11-18,E2,Blackpool,Shrewsbury,4,0,H,7,2
2023-11-18,E2,Stevenage,Lincoln,1,0,H,5,2
2023-11-18,E3,Harrogate,Swindon,1,1,D,5,3
2023-11-18,E3,Notts County,Bradford,4,2,H,8,6
2023-11-18,E3,Accrington,Wrexham,2,0,H,6,4
2023-11-18,E3,Barrow,Crawley Town,1,0,H,3,2
2023-11-18,E3,Forest Green,Grimsby,2,2,D,5,5
2023-11-18,E3,Gillingham,Salford,3,1,H,5,4
2023-11-21,E2,Leyton Orient,Lincoln,0,1,A,6,5
2023-11-24,E1,Rotherham,Leeds,1,1,D,3,5
2023-11-25,E2,Northampton,Cambridge,2,1,H,5,5
2023-11-25,E2,Fleetwood Town,Stevenage,0,3,A,7,3
2023-11-25,E2,Portsmouth,Blackpool,0,4,A,5,5
2023-11-25,E2,Shrewsbury,Port Vale,2,1,H,4,5
2023-11-25,E2,Wycombe,Reading,1,2,A,1,6
2023-11-25,E2,Derby,Bristol Rvs,2,1,H,6,3
2023-11-25,E2,Cheltenham,Oxford,2,0,H,4,6
2023-11-25,E2,Carlisle,Charlton,1,1,D,5,8
2023-11-25,E2,Bolton,Exeter,7,0,H,10,0
2023-11-25,E2,Lincoln,Barnsley,2,2,D,4,4
2023-11-25,E2,Leyton Orient,Wigan,1,1,D,7,2
2023-11-25,E2,Peterboro,Burton,4,0,H,8,2
2023-11-25,E1,Bristol City,Middlesbrough,3,2,H,8,4
2023-11-25,E3,Wrexham,Morecambe,6,0,H,8,2
2023-11-25,E3,Walsall,Forest Green,0,0,D,2,1
2023-11-25,E3,Tranmere,Gillingham,3,1,H,3,5
2023-11-25,E3,Swindon,Mansfield,2,1,H,6,6
2023-11-25,E3,Salford,Milton Keynes Dons,2,4,A,4,5
2023-11-25,E3,Newport County,Stockport,2,1,H,2,4
2023-11-25,E1,Birmingham,Sheffield Weds,2,1,H,4,4
2023-11-25,E3,Crewe,Doncaster,3,2,H,9,6
2023-11-25,E3,Crawley Town,Harrogate,2,1,H,6,3
2023-11-25,E3,Colchester,Barrow,1,4,A,8,6
2023-11-25,E3,Bradford,Accrington,1,0,H,2,3
2023-11-25,E3,AFC Wimbledon,Notts County,4,2,H,8,5
2023-11-25,E0,Brentford,Arsenal,0,1,A,3,4
2023-11-25,E0,Sheffield United,Bournemouth,1,3,A,2,11
2023-11-25,E0,Nott'm Forest,Brighton,2,3,A,5,5
2023-11-25,E0,Newcastle,Chelsea,4,1,H,5,4
2023-11-25,E0,Luton,Crystal Palace,2,1,H,3,8
2023-11-25,E0,Burnley,West Ham,1,2,A,5,3
2023-11-25,E0,Man City,Liverpool,1,1,D,5,3
2023-11-25,E1,West Brom,Ipswich,2,0,H,4,0
2023-11-25,E1,Swansea,Hull,2,2,D,4,9
2023-11-25,E3,Grimsby,Sutton,1,1,D,4,2
2023-11-25,E1,Preston,Cardiff,1,2,A,2,8
2023-11-25,E1,Plymouth,Sunderland,2,0,H,2,5
2023-11-25,E1,Norwich,QPR,1,0,H,1,3
2023-11-25,E1,Stoke,Blackburn,0,3,A,1,4
2023-11-25,E1,Leicester,Watford,2,0,H,8,1
2023-11-25,E1,Huddersfield,Southampton,1,1,D,2,4
2023-11-25,E1,Millwall,Coventry,0,3,A,5,9
2023-11-26,E0,Tottenham,Aston Villa,1,2,A,8,5
2023-11-26,E0,Everton,Man United,0,3,A,6,4
2023-11-27,E0,Fulham,Wolves,3,2,H,6,6
2023-11-28,E2,Port Vale,Derby,0,1,A,3,7
2023-11-28,E1,Watford,Norwich,3,2,H,9,5
2023-11-28,E1,QPR,Stoke,4,2,H,9,4
2023-11-28,E1,Middlesbrough,Preston,4,0,H,8,1
2023-11-28,E1,Hull,Rotherham,4,1,H,12,3
2023-11-28,E1,Coventry,Plymouth,1,0,H,3,3
2023-11-28,E2,Reading,Carlisle,5,1,H,6,6
2023-11-28,E2,Wigan,Fleetwood Town,3,0,H,7,3
2023-11-28,E2,Stevenage,Peterboro,2,2,D,5,6
2023-11-28,E2,Oxford,Bolton,0,0,D,5,3
2023-11-28,E3,Gillingham,AFC Wimbledon,1,0,H,4,3
2023-11-28,E2,Charlton,Cheltenham,2,1,H,7,1
2023-11-28,E3,Mansfield,Tranmere,2,2,D,5,7
2023-11-28,E3,Milton Keynes Dons,Grimsby,1,1,D,3,6
2023-11-28,E3,Morecambe,Newport County,1,2,A,3,3
2023-11-28,E3,Notts County,Crawley Town,3,1,H,5,6
2023-11-28,E3,Stockport,Salford,0,0,D,5,2
2023-11-28,E3,Sutton,Crewe,1,1,D,3,4
2023-11-28,E3,Forest Green,Bradford,0,3,A,2,4
2023-11-28,E3,Harrogate,Wrexham,2,2,D,4,7
2023-11-28,E1,Cardiff,West Brom,0,1,A,1,1
2023-11-28,E3,Barrow,Walsall,2,0,H,4,4
2023-11-28,E3,Accrington,Swindon,3,4,A,8,5
2023-11-28,E2,Barnsley,Wycombe,1,0,H,2,2
2023-11-28,E2,Blackpool,Northampton,1,2,A,5,4
2023-11-28,E2,Bristol Rvs,Leyton Orient,1,1,D,4,3
2023-11-28,E2,Burton,Portsmouth,0,2,A,5,3
2023-11-28,E2,Cambridge,Lincoln,0,3,A,2,7
2023-11-28,E3,Doncaster,Colchester,3,1,H,5,7
2023-11-28,E2,Exeter,Shrewsbury,0,0,D,5,4
2023-11-29,E1,Leeds,Swansea,3,1,H,8,2
2023-11-29,E1,Blackburn,Birmingham,4,2,H,6,6
2023-11-29,E1,Sheffield Weds,Leicester,1,1,D,7,3
2023-11-29,E1,Southampton,Bristol City,1,0,H,5,1
2023-11-29,E1,Sunderland,Huddersfield,1,2,A,9,5
2023-11-29,E1,Ipswich,Millwall,3,1,H,7,3
2023-12-01,E1,Preston,QPR,0,2,A,1,5
2023-12-02,E1,Hull,Watford,1,2,A,7,4
2023-12-02,E1,Swansea,Huddersfield,1,1,D,5,3
2023-12-02,E2,Northampton,Portsmouth,0,3,A,3,5
2023-12-02,E1,West Brom,Leicester,1,2,A,3,3
2023-12-02,E1,Birmingham,Rotherham,0,0,D,4,4
2023-12-02,E0,Arsenal,Wolves,2,1,H,6,3
2023-12-02,E0,Brentford,Luton,3,1,H,6,1
2023-12-02,E0,Burnley,Sheffield United,5,0,H,7,3
2023-12-02,E0,Nott'm Forest,Everton,0,1,A,2,3
2023-12-02,E0,Newcastle,Man United,1,0,H,4,1
2023-12-02,E1,Southampton,Cardiff,2,0,H,6,3
2023-12-02,E1,Sheffield Weds,Blackburn,3,1,H,8,5
2023-12-02,E1,Plymouth,Stoke,2,1,H,8,4
2023-12-02,E1,Millwall,Sunderland,1,1,D,4,3
2023-12-02,E1,Ipswich,Coventry,2,1,H,3,1
2023-12-02,E1,Leeds,Middlesbrough,3,2,H,9,5
2023-12-03,E1,Bristol City,Norwich,1,2,A,6,3
2023-12-03,E0,Bournemouth,Aston Villa,2,2,D,7,3
2023-12-03,E0,Chelsea,Brighton,3,2,H,5,9
2023-12-03,E0,Liverpool,Fulham,4,3,H,12,5
2023-12-03,E0,West Ham,Crystal Palace,1,1,D,3,2
2023-12-03,E0,Man City,Tottenham,3,3,D,4,4
2023-12-05,E0,Wolves,Burnley,1,0,H,4,3
2023-12-05,E0,Luton,Arsenal,3,4,A,4,9
2023-12-06,E0,Crystal Palace,Bournemouth,0,2,A,3,4
2023-12-06,E0,Brighton,Brentford,2,1,H,7,2
2023-12-06,E0,Fulham,Nott'm Forest,5,0,H,6,1
2023-12-06,E0,Sheffield United,Liverpool,0,2,A,1,8
2023-12-06,E0,Aston Villa,Man City,1,0,H,7,2
2023-12-06,E0,Man United,Chelsea,2,1,H,9,3
2023-12-07,E0,Tottenham,West Ham,1,2,A,7,5
2023-12-07,E0,Everton,Newcastle,3,0,H,6,3
2023-12-08,E1,Coventry,Birmingham,2,0,H,8,6
2023-12-09,E0,Crystal Palace,Liverpool,1,2,A,4,2
2023-12-09,E0,Brighton,Burnley,1,1,D,11,3
2023-12-09,E0,Man United,Bournemouth,0,3,A,3,4
2023-12-09,E1,Blackburn,Leeds,0,2,A,2,4
2023-12-09,E0,Sheffield United,Brentford,1,0,H,4,4
2023-12-09,E0,Aston Villa,Arsenal,1,0,H,3,5
2023-12-09,E2,Blackpool,Carlisle,3,0,H,6,4
2023-12-09,E2,Bristol Rvs,Cheltenham,1,1,D,5,1
2023-12-09,E2,Burton,Stevenage,1,2,A,5,4
2023-12-09,E2,Charlton,Cambridge,2,2,D,3,6
2023-12-09,E2,Leyton Orient,Derby,0,3,A,2,9
2023-12-09,E2,Northampton,Fleetwood Town,3,0,H,9,4
2023-12-09,E2,Peterboro,Oxford,3,0,H,9,2
2023-12-09,E2,Reading,Barnsley,1,3,A,6,4
2023-12-09,E2,Wigan,Lincoln,0,0,D,0,1
2023-12-09,E2,Wycombe,Shrewsbury,0,1,A,5,1
2023-12-09,E3,Tranmere,Newport County,2,1,H,3,3
2023-12-09,E3,Notts County,Walsall,1,2,A,2,4
2023-12-09,E3,Morecambe,Stockport,1,1,D,3,5
2023-12-09,E3,Grimsby,Crewe,2,1,H,3,2
2023-12-09,E3,Colchester,Crawley Town,1,2,A,2,4
2023-12-09,E3,AFC Wimbledon,Swindon,4,0,H,9,1
2023-12-09,E3,Accrington,Doncaster,0,0,D,3,0
2023-12-09,E0,Wolves,Nott'm Forest,1,1,D,4,2
2023-12-09,E2,Exeter,Port Vale,0,1,A,5,3
2023-12-09,E1,Sunderland,West Brom,2,1,H,5,1
2023-12-09,E1,QPR,Hull,2,0,H,4,6
2023-12-09,E1,Cardiff,Millwall,1,0,H,3,3
2023-12-09,E1,Huddersfield,Bristol City,1,1,D,2,4
2023-12-09,E1,Watford,Southampton,1,1,D,4,3
2023-12-09,E1,Stoke,Sheffield Weds,0,1,A,4,2
2023-12-09,E1,Rotherham,Swansea,1,2,A,3,9
2023-12-09,E1,Leicester,Plymouth,4,0,H,7,5
2023-12-09,E1,Norwich,Preston,0,0,D,4,1
2023-12-09,E1,Middlesbrough,Ipswich,0,2,A,1,3
2023-12-10,E0,Fulham,West Ham,5,0,H,8,5
2023-12-10,E0,Everton,Chelsea,2,0,H,5,4
2023-12-10,E0,Tottenham,Newcastle,4,1,H,12,3
2023-12-10,E0,Luton,Man City,1,2,A,2,6
2023-12-11,E2,Portsmouth,Bolton,2,0,H,6,2
2023-12-12,E1,Stoke,Swansea,1,1,D,4,2
2023-12-12,E2,Reading,Oxford,1,1,D,4,1
2023-12-12,E1,Watford,Ipswich,1,2,A,3,6
2023-12-12,E1,Sunderland,Leeds,1,0,H,3,4
2023-12-12,E1,Blackburn,Bristol City,2,1,H,3,5
2023-12-12,E1,Rotherham,West Brom,0,2,A,2,2
2023-12-12,E1,Huddersfield,Preston,1,3,A,3,3
2023-12-13,E1,Cardiff,Birmingham,0,1,A,4,5
2023-12-13,E1,Coventry,Southampton,1,1,D,4,3
2023-12-13,E1,Leicester,Millwall,3,2,H,6,6
2023-12-13,E1,Norwich,Sheffield Weds,3,1,H,5,4
2023-12-13,E1,QPR,Plymouth,0,0,D,10,2
2023-12-13,E1,Middlesbrough,Hull,1,2,A,8,4
2023-12-15,E0,Nott'm Forest,Tottenham,0,2,A,1,6
2023-12-16,E1,Southampton,Blackburn,4,0,H,11,4
2023-12-16,E1,Sheffield Weds,QPR,2,1,H,3,2
2023-12-16,E1,Preston,Watford,1,5,A,10,7
2023-12-16,E1,Plymouth,Rotherham,3,2,H,9,4
2023-12-16,E0,Newcastle,Fulham,3,0,H,10,4
2023-12-16,E1,Leeds,Coventry,1,1,D,6,3
2023-12-16,E1,Hull,Cardiff,3,0,H,7,1
2023-12-16,E0,Man City,Crystal Palace,2,2,D,9,2
2023-12-16,E1,Ipswich,Norwich,2,2,D,5,3
2023-12-16,E0,Chelsea,Sheffield United,2,0,H,6,1
2023-12-16,E0,Burnley,Everton,0,2,A,2,6
2023-12-16,E1,Millwall,Huddersfield,1,1,D,7,2
2023-12-16,E1,Swansea,Middlesbrough,1,2,A,3,4
2023-12-16,E1,Bristol City,Sunderland,1,0,H,3,9
2023-12-16,E2,Port Vale,Wigan,3,2,H,8,2
2023-12-16,E3,Crawley Town,Mansfield,1,3,A,2,6
2023-12-16,E3,Crewe,Accrington,3,3,D,3,8
2023-12-16,E3,Doncaster,Morecambe,0,5,A,3,9
2023-12-16,E3,Gillingham,Bradford,0,2,A,1,2
2023-12-16,E3,Harrogate,Notts County,3,1,H,5,3
2023-12-16,E3,Wrexham,Colchester,2,1,H,5,4
2023-12-16,E3,Walsall,Tranmere,1,0,H,4,6
2023-12-16,E2,Stevenage,Exeter,1,1,D,3,3
2023-12-16,E2,Shrewsbury,Portsmouth,0,3,A,5,6
2023-12-16,E2,Oxford,Burton,3,0,H,14,1
2023-12-16,E2,Lincoln,Reading,1,1,D,0,6
2023-12-16,E2,Fleetwood Town,Peterboro,0,1,A,3,7
2023-12-16,E3,Swindon,Barrow,0,3,A,1,3
2023-12-16,E2,Cambridge,Blackpool,2,1,H,4,5
2023-12-16,E3,Stockport,Sutton,8,0,H,11,1
2023-12-16,E3,Salford,AFC Wimbledon,0,0,D,3,2
2023-12-16,E2,Derby,Wycombe,1,1,D,2,1
2023-12-16,E3,Newport County,Grimsby,1,1,D,3,5
2023-12-16,E2,Cheltenham,Leyton Orient,1,2,A,3,3
2023-12-16,E2,Carlisle,Northampton,2,2,D,3,4
2023-12-16,E3,Milton Keynes Dons,Forest Green,2,0,H,6,0
2023-12-16,E2,Barnsley,Charlton,1,1,D,5,3
2023-12-16,E2,Bolton,Bristol Rvs,1,2,A,3,8
2023-12-17,E0,West Ham,Wolves,3,0,H,4,3
2023-12-17,E0,Brentford,Aston Villa,1,2,A,3,5
2023-12-17,E0,Arsenal,Brighton,2,0,H,9,1
2023-12-17,E1,West Brom,Stoke,1,1,D,7,1
2023-12-17,E0,Liverpool,Man United,0,0,D,8,1
2023-12-18,E1,Birmingham,Leicester,2,3,A,5,5
2023-12-21,E2,Derby,Lincoln,3,1,H,5,2
2023-12-21,E0,Crystal Palace,Brighton,1,1,D,3,6
2023-12-22,E1,Bristol City,Hull,3,2,H,5,4
2023-12-22,E3,Forest Green,Gillingham,0,0,D,4,3
2023-12-22,E3,Colchester,Salford,2,1,H,5,4
2023-12-22,E3,Crawley Town,AFC Wimbledon,1,2,A,7,2
2023-12-22,E3,Crewe,Barrow,1,3,A,3,6
2023-12-22,E1,Swansea,Preston,2,1,H,4,4
2023-12-22,E3,Stockport,Notts County,2,1,H,5,3
2023-12-22,E3,Doncaster,Bradford,1,3,A,2,5
2023-12-22,E2,Cambridge,Exeter,2,0,H,4,4
2023-12-22,E0,Aston Villa,Sheffield United,1,1,D,4,2
2023-12-23,E1,Middlesbrough,West Brom,1,0,H,4,2
2023-12-23,E1,Norwich,Huddersfield,2,0,H,8,1
2023-12-23,E1,Plymouth,Birmingham,3,3,D,8,7
2023-12-23,E1,QPR,Southampton,0,1,A,2,4
2023-12-23,E1,Sheffield Weds,Cardiff,1,2,A,5,3
2023-12-23,E1,Stoke,Millwall,0,0,D,3,1
2023-12-23,E1,Sunderland,Coventry,0,3,A,6,5
2023-12-23,E2,Blackpool,Bristol Rvs,3,1,H,6,7
2023-12-23,E2,Bolton,Leyton Orient,3,2,H,5,4
2023-12-23,E2,Carlisle,Cheltenham,0,1,A,2,2
2023-12-23,E2,Charlton,Burton,1,1,D,2,3
2023-12-23,E2,Northampton,Oxford,2,1,H,5,3
2023-12-23,E2,Portsmouth,Fleetwood Town,1,1,D,1,4
2023-12-23,E2,Reading,Wigan,2,0,H,3,2
2023-12-23,E2,Shrewsbury,Peterboro,1,2,A,1,4
2023-12-23,E2,Wycombe,Port Vale,1,1,D,6,2
2023-12-23,E1,Leicester,Rotherham,3,0,H,11,0
2023-12-23,E1,Blackburn,Watford,1,2,A,5,6
2023-12-23,E1,Leeds,Ipswich,4,0,H,4,0
2023-12-23,E2,Barnsley,Stevenage,2,1,H,5,4
2023-12-23,E3,Morecambe,Milton Keynes Dons,1,3,A,4,7
2023-12-23,E3,Sutton,Mansfield,0,2,A,1,5
2023-12-23,E3,Tranmere,Swindon,2,1,H,9,5
2023-12-23,E3,Wrexham,Newport County,2,0,H,5,2
2023-12-23,E0,West Ham,Man United,2,0,H,5,3
2023-12-23,E0,Fulham,Burnley,0,2,A,5,2
2023-12-23,E0,Luton,Newcastle,1,0,H,5,2
2023-12-23,E3,Accrington,Walsall,2,1,H,6,1
2023-12-23,E0,Nott'm Forest,Bournemouth,2,3,A,5,7
2023-12-23,E0,Liverpool,Arsenal,1,1,D,3,2
2023-12-23,E0,Tottenham,Everton,2,1,H,6,8
2023-12-23,E3,Grimsby,Harrogate,1,2,A,1,5
2023-12-24,E0,Wolves,Chelsea,2,1,H,6,5
2023-12-26,E0,Newcastle,Nott'm Forest,1,3,A,7,6
2023-12-26,E0,Bournemouth,Fulham,3,0,H,4,3
2023-12-26,E0,Sheffield United,Luton,2,3,A,6,4
2023-12-26,E0,Burnley,Liverpool,0,2,A,0,10
2023-12-26,E0,Man United,Aston Villa,3,2,H,7,4
2023-12-26,E2,Lincoln,Bolton,0,1,A,1,4
2023-12-26,E2,Oxford,Cambridge,2,1,H,9,2
2023-12-26,E1,Birmingham,Stoke,1,3,A,5,5
2023-12-26,E3,Barrow,Stockport,2,2,D,5,5
2023-12-26,E3,Bradford,Morecambe,2,2,D,6,2
2023-12-26,E3,Harrogate,Accrington,2,1,H,5,6
2023-12-26,E3,Milton Keynes Dons,Colchester,1,0,H,4,3
2023-12-26,E2,Fleetwood Town,Carlisle,1,1,D,2,3
2023-12-26,E2,Exeter,Wycombe,1,0,H,5,4
2023-12-26,E3,Gillingham,Crawley Town,0,2,A,5,3
2023-12-26,E1,Ipswich,Leicester,1,1,D,2,2
2023-12-26,E2,Burton,Blackpool,1,0,H,2,0
2023-12-26,E2,Bristol Rvs,Portsmouth,2,1,H,3,6
2023-12-26,E2,Leyton Orient,Charlton,1,0,H,4,5
2023-12-26,E2,Peterboro,Reading,2,2,D,5,2
2023-12-26,E2,Port Vale,Barnsley,2,3,A,7,7
2023-12-26,E2,Stevenage,Northampton,3,0,H,7,0
2023-12-26,E2,Cheltenham,Shrewsbury,2,0,H,5,0
2023-12-26,E3,Mansfield,Grimsby,2,0,H,16,5
2023-12-26,E3,AFC Wimbledon,Sutton,0,1,A,5,6
2023-12-26,E3,Swindon,Wrexham,0,1,A,3,4
2023-12-26,E1,West Brom,Norwich,1,0,H,3,3
2023-12-26,E1,Watford,Bristol City,1,4,A,5,5
2023-12-26,E1,Southampton,Swansea,5,0,H,9,1
2023-12-26,E1,Rotherham,Middlesbrough,1,0,H,1,5
2023-12-26,E1,Hull,Sunderland,0,1,A,6,3
2023-12-26,E3,Walsall,Crewe,2,0,H,5,4
2023-12-26,E1,Coventry,Sheffield Weds,2,0,H,2,2
2023-12-26,E1,Huddersfield,Blackburn,3,0,H,6,1
2023-12-26,E1,Millwall,QPR,2,0,H,3,1
2023-12-26,E1,Preston,Leeds,2,1,H,4,2
2023-12-26,E3,Newport County,Forest Green,4,2,H,8,4
2023-12-26,E3,Notts County,Doncaster,3,0,H,10,4
2023-12-26,E3,Salford,Tranmere,1,5,A,5,9
2023-12-26,E1,Cardiff,Plymouth,2,2,D,4,6
2023-12-26,E2,Wigan,Derby,0,1,A,0,4
2023-12-27,E0,Brentford,Wolves,1,4,A,4,5
2023-12-27,E0,Chelsea,Crystal Palace,2,1,H,4,5
2023-12-27,E0,Everton,Man City,1,3,A,2,9
2023-12-28,E0,Arsenal,West Ham,0,2,A,8,3
2023-12-28,E0,Brighton,Tottenham,4,2,H,9,3
2023-12-29,E1,West Brom,Leeds,1,0,H,3,1
2023-12-29,E2,Oxford,Derby,2,3,A,6,5
2023-12-29,E2,Bristol Rvs,Charlton,2,1,H,5,4
2023-12-29,E2,Burton,Shrewsbury,1,0,H,4,1
2023-12-29,E2,Cheltenham,Reading,2,2,D,8,5
2023-12-29,E2,Exeter,Portsmouth,0,0,D,2,2
2023-12-29,E2,Fleetwood Town,Bolton,0,2,A,1,6
2023-12-29,E2,Leyton Orient,Wycombe,0,0,D,3,0
2023-12-29,E2,Lincoln,Northampton,1,2,A,5,4
2023-12-29,E2,Peterboro,Barnsley,2,2,D,5,5
2023-12-29,E2,Port Vale,Blackpool,3,0,H,8,3
2023-12-29,E1,Watford,Stoke,1,1,D,6,4
2023-12-29,E2,Wigan,Carlisle,2,0,H,3,2
2023-12-29,E1,Preston,Sheffield Weds,0,1,A,2,3
2023-12-29,E1,Rotherham,Sunderland,1,1,D,4,3
2023-12-29,E3,AFC Wimbledon,Colchester,5,3,H,13,4
2023-12-29,E1,Hull,Blackburn,3,2,H,9,4
2023-12-29,E1,Huddersfield,Middlesbrough,1,2,A,5,5
2023-12-29,E1,Coventry,Swansea,2,2,D,5,4
2023-12-29,E1,Cardiff,Leicester,0,2,A,2,4
2023-12-29,E1,Birmingham,Bristol City,0,0,D,1,0
2023-12-29,E1,Southampton,Plymouth,2,1,H,7,1
2023-12-29,E3,Barrow,Accrington,1,1,D,5,3
2023-12-29,E1,Ipswich,QPR,0,0,D,5,2
2023-12-29,E3,Bradford,Stockport,0,0,D,1,1
2023-12-29,E3,Harrogate,Tranmere,0,2,A,2,4
2023-12-29,E3,Mansfield,Doncaster,1,1,D,6,4
2023-12-29,E3,Milton Keynes Dons,Crawley Town,2,0,H,8,3
2023-12-29,E3,Newport County,Crewe,1,1,D,3,4
2023-12-29,E3,Notts County,Morecambe,5,0,H,7,2
2023-12-29,E3,Salford,Grimsby,0,3,A,2,5
2023-12-29,E3,Swindon,Forest Green,2,1,H,5,7
2023-12-29,E3,Walsall,Wrexham,3,1,H,8,5
2023-12-29,E3,Gillingham,Sutton,1,0,H,4,2
2023-12-29,E1,Millwall,Norwich,1,0,H,5,3
2023-12-30,E0,Aston Villa,Burnley,3,2,H,7,5
2023-12-30,E0,Wolves,Everton,3,0,H,6,0
2023-12-30,E0,Crystal Palace,Brentford,3,1,H,6,4
2023-12-30,E0,Luton,Chelsea,2,3,A,6,8
2023-12-30,E0,Man City,Sheffield United,2,0,H,4,2
2023-12-30,E0,Nott'm Forest,Man United,2,1,H,2,5
2023-12-31,E0,Tottenham,Bournemouth,3,1,H,6,4
2023-12-31,E0,Fulham,Arsenal,2,1,H,4,3
2024-01-01,E1,Bristol City,Millwall,0,1,A,1,2
2024-01-01,E2,Reading,Exeter,3,2,H,2,2
2024-01-01,E3,Doncaster,Milton Keynes Dons,3,0,H,6,3
2024-01-01,E2,Northampton,Cheltenham,1,0,H,3,3
2024-01-01,E2,Derby,Peterboro,2,3,A,5,6
2024-01-01,E2,Charlton,Oxford,1,2,A,3,4
2024-01-01,E0,Liverpool,Newcastle,4,2,H,15,3
2024-01-01,E1,Sunderland,Preston,2,0,H,4,3
2024-01-01,E1,Blackburn,Rotherham,2,2,D,9,4
2024-01-01,E3,Wrexham,Barrow,4,1,H,10,3
2024-01-01,E3,Tranmere,Notts County,4,2,H,7,7
2024-01-01,E3,Sutton,Newport County,1,1,D,4,2
2024-01-01,E3,Stockport,Mansfield,0,2,A,4,3
2024-01-01,E3,Morecambe,Harrogate,2,2,D,6,5
2024-01-01,E3,Grimsby,Walsall,1,6,A,3,7
2024-01-01,E3,Accrington,Salford,3,0,H,6,5
2024-01-01,E2,Carlisle,Port Vale,2,1,H,4,4
2024-01-01,E2,Cambridge,Leyton Orient,0,2,A,2,3
2024-01-01,E2,Bolton,Burton,1,0,H,4,1
2024-01-01,E2,Blackpool,Lincoln,2,0,H,5,1
2024-01-01,E2,Barnsley,Wigan,1,1,D,4,1
2024-01-01,E3,Colchester,Gillingham,0,1,A,4,7
2024-01-01,E3,Crawley Town,Swindon,3,1,H,3,8
2024-01-01,E3,Crewe,Bradford,1,0,H,1,4
2024-01-01,E2,Shrewsbury,Fleetwood Town,3,1,H,6,6
2024-01-01,E2,Wycombe,Bristol Rvs,3,2,H,8,7
2024-01-01,E2,Portsmouth,Stevenage,2,1,H,6,5
2024-01-01,E3,Forest Green,AFC Wimbledon,1,1,D,4,4
2024-01-01,E1,Leeds,Birmingham,3,0,H,11,1
2024-01-01,E1,Leicester,Huddersfield,4,1,H,6,4
2024-01-01,E1,Middlesbrough,Coventry,1,3,A,7,8
2024-01-01,E1,Norwich,Southampton,1,1,D,2,4
2024-01-01,E1,Plymouth,Watford,3,3,D,11,5
2024-01-01,E1,Sheffield Weds,Hull,3,1,H,6,1
2024-01-01,E1,QPR,Cardiff,1,2,A,3,5
2024-01-01,E1,Stoke,Ipswich,0,0,D,4,2
2024-01-01,E1,Swansea,West Brom,1,0,H,4,5
2024-01-02,E0,West Ham,Brighton,0,0,D,2,8
2024-01-06,E3,Barrow,Tranmere,1,0,H,2,1
2024-01-06,E3,Bradford,Crawley Town,2,4,A,8,6
2024-01-06,E3,Mansfield,Crewe,0,1,A,3,3
2024-01-06,E3,Salford,Forest Green,2,2,D,5,3
2024-01-06,E2,Burton,Wycombe,1,1,D,2,4
2024-01-06,E2,Cheltenham,Portsmouth,2,1,H,3,6
2024-01-06,E2,Exeter,Carlisle,2,1,H,6,3
2024-01-06,E2,Port Vale,Charlton,3,3,D,12,4
2024-01-06,E3,Swindon,Colchester,2,2,D,4,6
2024-01-06,E2,Fleetwood Town,Derby,1,3,A,1,6
2024-01-06,E3,Harrogate,Doncaster,3,1,H,4,2
2024-01-12,E1,Hull,Norwich,1,2,A,5,4
2024-01-12,E0,Burnley,Luton,1,1,D,7,5
2024-01-13,E1,Millwall,Middlesbrough,1,3,A,5,6
2024-01-13,E1,Cardiff,Leeds,0,3,A,1,7
2024-01-13,E1,Birmingham,Swansea,2,2,D,6,3
2024-01-13,E1,Coventry,Leicester,3,1,H,6,4
2024-01-13,E2,Shrewsbury,Stevenage,0,1,A,3,2
2024-01-13,E1,Preston,Bristol City,2,0,H,7,6
2024-01-13,E2,Wycombe,Lincoln,1,1,D,2,3
2024-01-13,E1,Huddersfield,Plymouth,1,1,D,4,3
2024-01-13,E2,Portsmouth,Leyton Orient,0,3,A,4,6
2024-01-13,E3,Doncaster,Newport County,0,1,A,5,1
2024-01-13,E2,Charlton,Peterboro,1,2,A,5,6
2024-01-13,E3,Accrington,Gillingham,1,2,A,5,3
2024-01-13,E2,Barnsley,Bristol Rvs,2,1,H,5,7
2024-01-13,E3,Grimsby,Notts County,5,5,D,9,9
2024-01-13,E3,Morecambe,Mansfield,1,1,D,3,3
2024-01-13,E3,Stockport,Walsall,3,1,H,6,3
2024-01-13,E3,Sutton,Barrow,2,2,D,4,5
2024-01-13,E3,Tranmere,Milton Keynes Dons,1,2,A,2,6
2024-01-13,E3,Wrexham,AFC Wimbledon,2,0,H,5,1
2024-01-13,E2,Northampton,Wigan,1,1,D,2,2
2024-01-13,E3,Colchester,Bradford,1,1,D,3,3
2024-01-13,E1,Ipswich,Sunderland,2,1,H,5,3
2024-01-13,E1,Southampton,Sheffield Weds,4,0,H,7,4
2024-01-13,E3,Crewe,Swindon,2,1,H,5,3
2024-01-13,E1,Rotherham,Stoke,0,1,A,0,3
2024-01-13,E0,Chelsea,Fulham,1,0,H,3,4
2024-01-13,E0,Newcastle,Man City,2,3,A,5,11
2024-01-13,E2,Blackpool,Exeter,2,0,H,5,4
2024-01-13,E3,Forest Green,Harrogate,0,2,A,1,5
2024-01-13,E2,Cambridge,Fleetwood Town,2,1,H,3,8
2024-01-13,E2,Carlisle,Oxford,1,3,A,7,7
2024-01-13,E1,West Brom,Blackburn,4,1,H,8,3
2024-01-13,E3,Crawley Town,Salford,0,1,A,1,12
2024-01-14,E1,QPR,Watford,1,2,A,7,2
2024-01-14,E0,Man United,Tottenham,2,2,D,2,6
2024-01-14,E0,Everton,Aston Villa,0,0,D,2,5
2024-01-15,E2,Derby,Burton,3,2,H,7,2
2024-01-16,E2,Barnsley,Carlisle,2,1,H,4,2
2024-01-19,E1,Sunderland,Hull,0,1,A,3,2
2024-01-20,E1,Swansea,Southampton,1,3,A,6,10
2024-01-20,E2,Wigan,Reading,1,0,H,7,6
2024-01-20,E2,Peterboro,Shrewsbury,2,1,H,8,4
2024-01-20,E3,Newport County,Wrexham,1,0,H,5,1
2024-01-20,E3,Milton Keynes Dons,Morecambe,1,2,A,6,3
2024-01-20,E3,Gillingham,Forest Green,1,1,D,3,5
2024-01-20,E3,Barrow,Crewe,1,3,A,5,6
2024-01-20,E0,Brentford,Nott'm Forest,3,2,H,5,3
2024-01-20,E1,Blackburn,Huddersfield,1,1,D,4,3
2024-01-20,E1,Bristol City,Watford,1,1,D,6,2
2024-01-20,E1,Middlesbrough,Rotherham,1,1,D,3,2
2024-01-20,E1,Norwich,West Brom,2,0,H,6,3
2024-01-20,E1,Plymouth,Cardiff,3,1,H,5,3
2024-01-20,E0,Arsenal,Crystal Palace,5,0,H,6,5
2024-01-20,E1,Sheffield Weds,Coventry,1,2,A,5,6
2024-01-20,E1,Stoke,Birmingham,1,2,A,5,5
2024-01-20,E1,QPR,Millwall,2,0,H,5,1
2024-01-20,E2,Lincoln,Derby,0,0,D,4,3
2024-01-20,E2,Bristol Rvs,Blackpool,1,2,A,4,5
2024-01-20,E2,Burton,Charlton,2,0,H,4,4
2024-01-20,E2,Exeter,Cambridge,0,0,D,4,0
2024-01-20,E2,Fleetwood Town,Portsmouth,0,1,A,3,3
2024-01-20,E2,Leyton Orient,Bolton,1,0,H,5,1
2024-01-21,E0,Bournemouth,Liverpool,0,4,A,1,7
2024-01-21,E0,Sheffield United,West Ham,2,2,D,6,5
2024-01-21,E1,Leeds,Preston,2,1,H,6,2
2024-01-22,E1,Leicester,Ipswich,1,1,D,8,3
2024-01-22,E0,Brighton,Wolves,0,0,D,4,3
2024-01-23,E3,Bradford,Salford,1,1,D,4,4
2024-01-23,E3,Mansfield,Sutton,1,1,D,2,1
2024-01-23,E2,Bolton,Cheltenham,1,0,H,3,6
2024-01-23,E2,Bristol Rvs,Exeter,0,1,A,0,4
2024-01-23,E2,Charlton,Northampton,2,3,A,5,5
2024-01-23,E2,Oxford,Barnsley,0,1,A,4,1
2024-01-23,E2,Wigan,Wycombe,1,0,H,3,2
2024-01-23,E2,Reading,Derby,1,0,H,2,0
2024-01-23,E3,Milton Keynes Dons,AFC Wimbledon,3,1,H,12,2
2024-01-24,E1,Leeds,Norwich,1,0,H,4,1
2024-01-27,E2,Barnsley,Exeter,1,2,A,6,6
2024-01-27,E2,Blackpool,Charlton,1,1,D,3,3
2024-01-27,E2,Bristol Rvs,Oxford,3,1,H,6,5
2024-01-27,E2,Port Vale,Portsmouth,0,1,A,0,6
2024-01-27,E2,Lincoln,Peterboro,0,0,D,3,3
2024-01-27,E3,Walsall,Sutton,1,1,D,5,2
2024-01-27,E3,Swindon,Bradford,2,0,H,2,3
2024-01-27,E3,Notts County,Barrow,1,1,D,1,3
2024-01-27,E3,Morecambe,Colchester,0,1,A,1,3
2024-01-27,E3,Milton Keynes Dons,Gillingham,2,1,H,7,6
2024-01-27,E3,Grimsby,Tranmere,1,2,A,3,2
2024-01-27,E3,Forest Green,Accrington,0,1,A,2,4
2024-01-27,E3,Doncaster,Stockport,1,5,A,1,7
2024-01-27,E3,Crewe,Salford,2,3,A,3,6
2024-01-27,E3,AFC Wimbledon,Mansfield,2,1,H,5,1
2024-01-27,E2,Cambridge,Burton,0,0,D,4,3
2024-01-27,E1,Millwall,Preston,1,1,D,8,4
2024-01-27,E2,Derby,Cheltenham,2,1,H,2,3
2024-01-27,E1,Sunderland,Stoke,3,1,H,5,4
2024-01-27,E2,Carlisle,Bolton,1,4,A,2,8
2024-01-27,E2,Northampton,Shrewsbury,0,2,A,2,9
2024-01-27,E2,Reading,Leyton Orient,1,1,D,4,5
2024-01-27,E2,Wigan,Stevenage,2,3,A,2,3
2024-01-27,E2,Wycombe,Fleetwood Town,2,2,D,7,5
2024-01-28,E1,QPR,Huddersfield,1,1,D,4,3
2024-01-30,E0,Aston Villa,Newcastle,1,3,A,6,5
2024-01-30,E0,Crystal Palace,Sheffield United,3,2,H,4,5
2024-01-30,E0,Luton,Brighton,4,0,H,8,2
2024-01-30,E0,Fulham,Everton,0,0,D,6,4
2024-01-30,E0,Nott'm Forest,Arsenal,1,2,A,3,3
2024-01-30,E1,Leicester,Swansea,3,1,H,7,3
2024-01-30,E1,Coventry,Bristol City,2,2,D,4,5
2024-01-30,E2,Oxford,Portsmouth,2,2,D,4,6
2024-01-30,E3,Sutton,Harrogate,1,2,A,3,3
2024-01-31,E0,Liverpool,Chelsea,4,1,H,13,3
2024-01-31,E0,Man City,Burnley,3,1,H,4,3
2024-01-31,E1,Sheffield Weds,Watford,0,0,D,5,2
2024-01-31,E0,Tottenham,Brentford,3,2,H,5,5
2024-02-01,E0,Wolves,Man United,3,4,A,7,8
2024-02-01,E0,West Ham,Bournemouth,1,1,D,3,4
2024-02-02,E1,Bristol City,Leeds,0,1,A,1,6
2024-02-03,E2,Burton,Lincoln,0,1,A,5,4
2024-02-03,E2,Charlton,Derby,0,1,A,3,3
2024-02-03,E2,Bolton,Barnsley,1,1,D,4,4
2024-02-03,E2,Oxford,Reading,1,1,D,4,1
2024-02-03,E3,Barrow,Milton Keynes Dons,1,0,H,6,4
2024-02-03,E2,Peterboro,Wigan,2,3,A,7,5
2024-02-03,E0,Brighton,Crystal Palace,4,1,H,6,5
2024-02-03,E2,Portsmouth,Northampton,4,1,H,7,5
2024-02-03,E2,Shrewsbury,Cambridge,1,2,A,4,3
2024-02-03,E2,Stevenage,Blackpool,1,0,H,4,4
2024-02-03,E1,Rotherham,Southampton,0,2,A,2,7
2024-02-03,E1,Preston,Ipswich,3,2,H,3,9
2024-02-03,E1,Norwich,Coventry,2,1,H,5,5
2024-02-03,E1,Hull,Millwall,1,0,H,2,1
2024-02-03,E1,Huddersfield,Sheffield Weds,4,0,H,6,3
2024-02-03,E1,Blackburn,QPR,1,2,A,6,4
2024-02-03,E2,Fleetwood Town,Port Vale,3,0,H,8,1
2024-02-03,E2,Exeter,Bristol Rvs,0,1,A,6,2
2024-02-03,E2,Cheltenham,Wycombe,1,3,A,3,4
2024-02-03,E0,Sheffield United,Aston Villa,0,5,A,5,10
2024-02-03,E0,Newcastle,Luton,4,4,D,6,8
2024-02-03,E0,Burnley,Fulham,2,2,D,4,7
2024-02-03,E2,Leyton Orient,Carlisle,3,2,H,8,2
2024-02-03,E0,Everton,Tottenham,2,2,D,5,6
2024-02-03,E3,Accrington,Grimsby,0,0,D,3,3
2024-02-03,E1,Swansea,Plymouth,0,1,A,4,3
2024-02-03,E3,Tranmere,Crewe,0,0,D,0,1
2024-02-03,E3,Sutton,Doncaster,1,1,D,5,1
2024-02-03,E3,Stockport,Harrogate,1,1,D,5,2
2024-02-03,E3,Salford,Wrexham,3,1,H,9,1
2024-02-03,E3,Mansfield,Notts County,1,0,H,7,1
2024-02-03,E3,Gillingham,Walsall,1,1,D,3,3
2024-02-03,E3,Crawley Town,Morecambe,1,2,A,3,7
2024-02-03,E1,Stoke,Leicester,0,5,A,4,9
2024-02-03,E3,Bradford,AFC Wimbledon,0,0,D,3,1
2024-02-03,E3,Newport County,Swindon,2,1,H,4,3
2024-02-03,E1,West Brom,Birmingham,1,0,H,2,5
2024-02-03,E1,Watford,Cardiff,0,1,A,6,2
2024-02-03,E3,Colchester,Forest Green,3,3,D,5,3
2024-02-04,E1,Middlesbrough,Sunderland,1,1,D,2,5
2024-02-04,E0,Arsenal,Liverpool,3,1,H,7,1
2024-02-04,E0,Man United,West Ham,3,0,H,5,3
2024-02-04,E0,Chelsea,Wolves,2,4,A,6,7
2024-02-04,E0,Bournemouth,Nott'm Forest,1,1,D,2,6
2024-02-05,E0,Brentford,Man City,1,3,A,3,15
2024-02-06,E2,Stevenage,Reading,0,1,A,2,1
2024-02-06,E2,Port Vale,Leyton Orient,0,1,A,3,8
2024-02-06,E2,Exeter,Peterboro,2,1,H,2,6
2024-02-06,E2,Bristol Rvs,Fleetwood Town,0,2,A,6,3
2024-02-09,E1,Sheffield Weds,Birmingham,2,0,H,3,4
2024-02-09,E3,Notts County,Gillingham,1,3,A,4,4
2024-02-10,E0,Wolves,Brentford,0,2,A,5,6
2024-02-10,E0,Tottenham,Brighton,2,1,H,6,3
2024-02-10,E0,Luton,Sheffield United,1,3,A,5,3
2024-02-10,E0,Liverpool,Burnley,3,1,H,10,4
2024-02-10,E0,Fulham,Bournemouth,3,1,H,6,4
2024-02-10,E0,Man City,Everton,2,0,H,3,1
2024-02-10,E3,AFC Wimbledon,Barrow,2,0,H,3,3
2024-02-10,E3,Crewe,Crawley Town,1,0,H,1,2
2024-02-10,E3,Doncaster,Tranmere,2,1,H,3,3
2024-02-10,E3,Wrexham,Bradford,0,1,A,5,8
2024-02-10,E3,Walsall,Newport County,0,3,A,2,5
2024-02-10,E3,Swindon,Salford,1,1,D,7,4
2024-02-10,E3,Morecambe,Sutton,1,0,H,4,3
2024-02-10,E3,Harrogate,Colchester,1,0,H,6,5
2024-02-10,E3,Grimsby,Stockport,1,3,A,2,4
2024-02-10,E3,Forest Green,Mansfield,0,4,A,5,8
2024-02-10,E0,Nott'm Forest,Newcastle,2,3,A,3,5
2024-02-10,E3,Milton Keynes Dons,Accrington,2,1,H,7,1
2024-02-10,E1,QPR,Norwich,2,2,D,4,4
2024-02-10,E2,Carlisle,Portsmouth,0,1,A,1,1
2024-02-10,E2,Wigan,Exeter,1,2,A,6,4
2024-02-10,E2,Reading,Charlton,2,0,H,6,1
2024-02-10,E2,Port Vale,Stevenage,2,2,D,4,4
2024-02-10,E2,Lincoln,Fleetwood Town,2,1,H,4,2
2024-02-10,E2,Northampton,Bolton,1,1,D,5,4
2024-02-10,E2,Barnsley,Leyton Orient,2,1,H,11,5
2024-02-10,E1,Ipswich,West Brom,2,2,D,7,2
2024-02-10,E2,Cambridge,Cheltenham,0,1,A,5,2
2024-02-10,E2,Wycombe,Peterboro,5,2,H,7,3
2024-02-10,E2,Bristol Rvs,Burton,1,2,A,3,7
2024-02-10,E1,Watford,Leicester,1,2,A,3,3
2024-02-10,E1,Sunderland,Plymouth,3,1,H,5,2
2024-02-10,E1,Southampton,Huddersfield,5,3,H,7,6
2024-02-10,E1,Middlesbrough,Bristol City,1,2,A,6,7
2024-02-10,E1,Leeds,Rotherham,3,0,H,6,2
2024-02-10,E1,Hull,Swansea,0,1,A,3,5
2024-02-10,E1,Cardiff,Preston,0,2,A,5,3
2024-02-10,E1,Blackburn,Stoke,3,1,H,5,3
2024-02-10,E2,Blackpool,Oxford,1,1,D,6,2
2024-02-10,E2,Derby,Shrewsbury,1,1,D,3,3
2024-02-11,E0,Aston Villa,Man United,1,2,A,10,5
2024-02-11,E1,Coventry,Millwall,2,1,H,5,4
2024-02-11,E0,West Ham,Arsenal,0,6,A,1,12
2024-02-12,E0,Crystal Palace,Chelsea,1,3,A,4,5
2024-02-13,E1,Leicester,Sheffield Weds,2,0,H,3,4
2024-02-13,E1,Birmingham,Blackburn,1,0,H,3,3
2024-02-13,E3,Tranmere,Morecambe,2,3,A,5,6
2024-02-13,E1,Rotherham,Hull,1,2,A,6,8
2024-02-13,E3,Accrington,AFC Wimbledon,2,0,H,2,4
2024-02-13,E3,Barrow,Forest Green,1,2,A,1,6
2024-02-13,E3,Bradford,Milton Keynes Dons,4,0,H,7,3
2024-02-13,E3,Crawley Town,Walsall,1,1,D,3,4
2024-02-13,E3,Gillingham,Swindon,2,2,D,3,7
2024-02-13,E3,Mansfield,Harrogate,9,2,H,13,3
2024-02-13,E3,Newport County,Notts County,1,3,A,3,8
2024-02-13,E3,Salford,Doncaster,2,2,D,6,2
2024-02-13,E3,Stockport,Crewe,1,3,A,2,5
2024-02-13,E1,Swansea,Leeds,0,4,A,1,8
2024-02-13,E1,Bristol City,Southampton,3,1,H,4,4
2024-02-13,E1,West Brom,Cardiff,2,0,H,3,1
2024-02-13,E2,Shrewsbury,Barnsley,1,1,D,4,4
2024-02-13,E1,Norwich,Watford,4,2,H,6,3
2024-02-13,E2,Stevenage,Bristol Rvs,2,3,A,6,4
2024-02-13,E3,Sutton,Wrexham,1,2,A,6,4
2024-02-13,E2,Fleetwood Town,Reading,1,1,D,5,4
2024-02-13,E2,Leyton Orient,Northampton,4,3,H,8,3
2024-02-13,E2,Oxford,Wigan,4,2,H,5,5
2024-02-13,E2,Portsmouth,Cambridge,3,1,H,4,2
2024-02-13,E2,Charlton,Lincoln,1,1,D,5,1
2024-02-13,E2,Bolton,Wycombe,2,1,H,4,3
2024-02-13,E2,Cheltenham,Blackpool,2,0,H,8,1
2024-02-13,E2,Exeter,Derby,0,3,A,2,6
2024-02-14,E1,Millwall,Ipswich,0,4,A,4,4
2024-02-14,E1,Stoke,QPR,1,0,H,5,1
2024-02-14,E1,Preston,Middlesbrough,2,1,H,3,4
2024-02-14,E1,Plymouth,Coventry,2,2,D,4,7
2024-02-14,E1,Huddersfield,Sunderland,1,0,H,6,5
2024-02-16,E1,West Brom,Southampton,0,2,A,2,4
2024-02-17,E1,Birmingham,Sunderland,2,1,H,5,4
2024-02-17,E1,Bristol City,QPR,0,1,A,2,7
2024-02-17,E1,Leicester,Middlesbrough,1,2,A,2,2
2024-02-17,E1,Millwall,Sheffield Weds,0,2,A,3,2
2024-02-17,E1,Norwich,Cardiff,4,1,H,8,3
2024-02-17,E1,Preston,Blackburn,2,2,D,8,3
2024-02-17,E1,Plymouth,Leeds,0,2,A,1,2
2024-02-17,E1,Huddersfield,Hull,1,2,A,3,3
2024-02-17,E2,Cheltenham,Port Vale,3,2,H,7,4
2024-02-17,E1,Rotherham,Watford,0,1,A,1,1
2024-02-17,E3,AFC Wimbledon,Morecambe,1,1,D,3,1
2024-02-17,E3,Bradford,Sutton,1,0,H,7,3
2024-02-17,E3,Colchester,Accrington,1,1,D,5,1
2024-02-17,E3,Crawley Town,Forest Green,2,0,H,6,4
2024-02-17,E3,Crewe,Harrogate,0,0,D,2,0
2024-02-17,E2,Carlisle,Cambridge,0,4,A,2,5
2024-02-17,E3,Grimsby,Doncaster,1,5,A,4,4
2024-02-17,E3,Newport County,Gillingham,1,0,H,2,3
2024-02-17,E3,Salford,Barrow,5,3,H,12,8
2024-02-17,E3,Swindon,Milton Keynes Dons,1,2,A,3,3
2024-02-17,E3,Tranmere,Stockport,4,0,H,9,3
2024-02-17,E3,Walsall,Mansfield,2,1,H,5,7
2024-02-17,E3,Wrexham,Notts County,1,0,H,4,3
2024-02-17,E1,Swansea,Ipswich,1,2,A,3,6
2024-02-17,E1,Stoke,Coventry,0,1,A,1,3
2024-02-17,E2,Derby,Stevenage,1,0,H,2,2
2024-02-17,E2,Fleetwood Town,Barnsley,1,2,A,5,6
2024-02-17,E2,Bolton,Charlton,3,3,D,4,4
2024-02-17,E0,Brentford,Liverpool,1,4,A,6,8
2024-02-17,E0,Tottenham,Wolves,1,2,A,4,7
2024-02-17,E0,Man City,Chelsea,1,1,D,5,6
2024-02-17,E0,Fulham,Aston Villa,1,2,A,4,3
2024-02-17,E0,Burnley,Arsenal,0,5,A,0,7
2024-02-17,E0,Newcastle,Bournemouth,2,2,D,5,7
2024-02-17,E2,Wycombe,Oxford,0,0,D,4,2
2024-02-17,E2,Shrewsbury,Wigan,0,1,A,4,3
2024-02-17,E2,Portsmouth,Reading,4,1,H,6,8
2024-02-17,E2,Peterboro,Blackpool,1,2,A,4,8
2024-02-17,E0,Nott'm Forest,West Ham,2,0,H,8,3
2024-02-17,E2,Lincoln,Exeter,1,0,H,5,2
2024-02-17,E2,Leyton Orient,Burton,1,2,A,5,3
2024-02-17,E2,Northampton,Bristol Rvs,3,1,H,4,4
2024-02-18,E0,Sheffield United,Brighton,0,5,A,1,10
2024-02-18,E0,Luton,Man United,1,2,A,4,9
2024-02-19,E0,Everton,Crystal Palace,1,1,D,4,4
2024-02-20,E3,AFC Wimbledon,Crawley Town,0,1,A,6,4
2024-02-20,E3,Gillingham,Stockport,0,0,D,1,1
2024-02-20,E3,Milton Keynes Dons,Wrexham,1,1,D,5,5
2024-02-20,E3,Walsall,Morecambe,3,0,H,6,1
2024-02-20,E1,Ipswich,Rotherham,4,3,H,7,5
2024-02-20,E1,Plymouth,West Brom,0,3,A,0,7
2024-02-20,E2,Reading,Port Vale,2,0,H,6,2
2024-02-20,E2,Oxford,Northampton,2,2,D,6,2
2024-02-20,E2,Cambridge,Bolton,1,2,A,2,5
2024-02-20,E0,Man City,Brentford,1,0,H,11,2
2024-02-20,E1,Cardiff,Blackburn,0,0,D,5,1
2024-02-20,E1,Southampton,Hull,1,2,A,3,5
2024-02-21,E0,Liverpool,Luton,4,1,H,13,3
2024-02-23,E1,Coventry,Preston,0,3,A,4,3
2024-02-23,E1,Leeds,Leicester,3,1,H,4,5
2024-02-23,E2,Wigan,Cheltenham,1,1,D,2,2
2024-02-24,E0,Arsenal,Newcastle,4,1,H,8,2
2024-02-24,E0,Aston Villa,Nott'm Forest,4,2,H,6,3
2024-02-24,E0,Bournemouth,Man City,0,1,A,4,6
2024-02-24,E0,Man United,Fulham,1,2,A,9,5
2024-02-24,E3,Harrogate,Walsall,0,2,A,0,6
2024-02-24,E3,Doncaster,AFC Wimbledon,1,0,H,3,1
2024-02-24,E3,Forest Green,Tranmere,1,0,H,3,4
2024-02-24,E3,Gillingham,Wrexham,1,0,H,5,3
2024-02-24,E3,Mansfield,Salford,5,1,H,7,3
2024-02-24,E3,Sutton,Colchester,1,1,D,4,4
2024-02-24,E3,Stockport,Swindon,0,0,D,8,2
2024-02-24,E3,Notts County,Crewe,1,3,A,6,3
2024-02-24,E0,Brighton,Everton,1,1,D,7,3
2024-02-24,E3,Morecambe,Grimsby,1,1,D,5,2
2024-02-24,E3,Milton Keynes Dons,Newport County,3,0,H,8,2
2024-02-24,E3,Accrington,Crawley Town,0,1,A,10,4
2024-02-24,E0,Crystal Palace,Burnley,3,0,H,6,0
2024-02-24,E1,Sunderland,Swansea,1,2,A,5,8
2024-02-24,E1,Southampton,Millwall,1,2,A,7,3
2024-02-24,E2,Burton,Northampton,0,2,A,4,4
2024-02-24,E2,Bristol Rvs,Carlisle,2,1,H,4,3
2024-02-24,E2,Blackpool,Bolton,4,1,H,8,3
2024-02-24,E2,Barnsley,Derby,2,1,H,5,5
2024-02-24,E2,Cambridge,Peterboro,0,1,A,4,3
2024-02-24,E2,Oxford,Leyton Orient,1,2,A,6,7
2024-02-24,E2,Port Vale,Lincoln,0,2,A,4,4
2024-02-24,E2,Reading,Shrewsbury,2,3,A,3,5
2024-02-24,E2,Charlton,Portsmouth,0,0,D,2,3
2024-02-24,E1,Watford,Huddersfield,1,2,A,4,5
2024-02-24,E1,Sheffield Weds,Bristol City,2,1,H,7,2
2024-02-24,E1,QPR,Rotherham,2,1,H,9,4
2024-02-24,E1,Middlesbrough,Plymouth,0,2,A,0,11
2024-02-24,E1,Ipswich,Birmingham,3,1,H,9,4
2024-02-24,E1,Cardiff,Stoke,2,1,H,5,6
2024-02-24,E1,Blackburn,Norwich,1,1,D,5,3
2024-02-24,E1,Hull,West Brom,1,1,D,3,4
2024-02-24,E2,Stevenage,Wycombe,1,0,H,4,1
2024-02-24,E2,Exeter,Fleetwood Town,1,1,D,2,3
2024-02-25,E0,Wolves,Sheffield United,1,0,H,2,4
2024-02-26,E0,West Ham,Brentford,4,2,H,6,8
2024-02-27,E3,Harrogate,Newport County,1,4,A,1,6
2024-02-27,E2,Wycombe,Cheltenham,2,0,H,7,0
2024-02-27,E2,Wigan,Bolton,1,0,H,2,3
2024-02-27,E2,Stevenage,Cambridge,1,0,H,5,1
2024-02-27,E2,Port Vale,Fleetwood Town,2,2,D,2,6
2024-02-27,E3,Forest Green,Wrexham,1,1,D,2,5
2024-02-27,E2,Leyton Orient,Blackpool,1,0,H,3,0
2024-02-27,E2,Derby,Charlton,1,2,A,5,3
2024-02-27,E2,Burton,Carlisle,0,1,A,4,3
2024-02-27,E2,Lincoln,Shrewsbury,3,0,H,8,1
2024-02-27,E3,Walsall,Accrington,2,1,H,5,2
2024-02-27,E3,Swindon,Tranmere,3,1,H,7,3
2024-02-27,E3,Salford,Colchester,1,1,D,5,7
2024-02-27,E3,Notts County,Sutton,3,4,A,7,7
2024-03-01,E1,West Brom,Coventry,2,1,H,2,3
2024-03-02,E3,Walsall,Doncaster,3,1,H,4,5
2024-03-02,E2,Shrewsbury,Blackpool,0,2,A,1,6
2024-03-02,E2,Portsmouth,Oxford,2,1,H,5,4
2024-03-02,E2,Peterboro,Exeter,2,1,H,7,1
2024-03-02,E2,Northampton,Charlton,1,1,D,1,4
2024-03-02,E2,Lincoln,Stevenage,0,0,D,1,2
2024-03-02,E2,Leyton Orient,Bristol Rvs,0,1,A,4,1
2024-03-02,E2,Fleetwood Town,Wigan,4,2,H,6,3
2024-03-02,E2,Derby,Port Vale,3,0,H,6,0
2024-03-02,E2,Bolton,Cambridge,2,0,H,11,1
2024-03-02,E2,Carlisle,Reading,1,3,A,1,8
2024-03-02,E3,Wrexham,Accrington,4,0,H,11,3
2024-03-02,E3,AFC Wimbledon,Milton Keynes Dons,1,0,H,2,3
2024-03-02,E3,Crewe,Morecambe,2,3,A,10,4
2024-03-02,E3,Grimsby,Forest Green,1,0,H,1,0
2024-03-02,E3,Swindon,Harrogate,1,1,D,3,1
2024-03-02,E3,Tranmere,Sutton,1,0,H,13,6
2024-03-02,E2,Cheltenham,Burton,0,0,D,0,2
2024-03-02,E2,Wycombe,Barnsley,2,4,A,4,7
2024-03-02,E3,Newport County,Mansfield,0,1,A,0,6
2024-03-02,E1,Huddersfield,Leeds,1,1,D,5,2
2024-03-02,E1,Preston,Hull,0,0,D,4,4
2024-03-02,E1,Plymouth,Ipswich,0,2,A,2,6
2024-03-02,E1,Norwich,Sunderland,1,0,H,4,4
2024-03-02,E1,Birmingham,Southampton,3,4,A,4,10
2024-03-02,E1,Stoke,Middlesbrough,2,0,H,5,3
2024-03-02,E1,Swansea,Blackburn,2,1,H,4,5
2024-03-02,E1,Millwall,Watford,1,0,H,2,3
2024-03-02,E1,Bristol City,Cardiff,0,1,A,3,4
2024-03-02,E1,Rotherham,Sheffield Weds,0,1,A,1,4
2024-03-02,E3,Salford,Gillingham,0,2,A,4,4
2024-03-02,E0,Luton,Aston Villa,2,3,A,5,8
2024-03-02,E0,Tottenham,Crystal Palace,3,1,H,6,1
2024-03-02,E0,Nott'm Forest,Liverpool,0,1,A,2,2
2024-03-02,E0,Newcastle,Wolves,3,0,H,7,3
2024-03-02,E0,Fulham,Brighton,3,0,H,5,5
2024-03-02,E0,Everton,West Ham,1,3,A,11,5
2024-03-02,E0,Brentford,Chelsea,2,2,D,5,6
2024-03-02,E1,Leicester,QPR,1,2,A,5,2
2024-03-03,E0,Burnley,Bournemouth,0,2,A,6,3
2024-03-03,E0,Man City,Man United,3,1,H,8,1
2024-03-04,E0,Sheffield United,Arsenal,0,6,A,0,10
2024-03-05,E2,Cheltenham,Charlton,1,3,A,5,5
2024-03-05,E3,AFC Wimbledon,Grimsby,0,0,D,6,1
2024-03-05,E3,Mansfield,Milton Keynes Dons,1,2,A,11,5
2024-03-05,E3,Bradford,Doncaster,1,1,D,3,5
2024-03-05,E3,Barrow,Gillingham,2,0,H,4,2
2024-03-05,E1,Blackburn,Millwall,1,1,D,3,1
2024-03-05,E1,Coventry,Rotherham,5,0,H,6,1
2024-03-05,E3,Morecambe,Crawley Town,1,0,H,5,2
2024-03-05,E1,Sheffield Weds,Plymouth,1,0,H,3,3
2024-03-05,E1,Hull,Birmingham,1,1,D,5,3
2024-03-05,E1,Ipswich,Bristol City,3,2,H,8,4
2024-03-05,E2,Barnsley,Bolton,2,2,D,6,8
2024-03-05,E1,Leeds,Stoke,1,0,H,7,6
2024-03-05,E2,Peterboro,Northampton,5,1,H,6,1
2024-03-05,E1,Sunderland,Leicester,0,1,A,6,6
2024-03-06,E1,Cardiff,Huddersfield,1,0,H,4,2
2024-03-06,E1,Middlesbrough,Norwich,3,1,H,7,3
2024-03-06,E1,Watford,Swansea,1,1,D,3,2
2024-03-06,E1,QPR,West Brom,2,2,D,6,2
2024-03-08,E1,Sheffield Weds,Leeds,0,2,A,3,7
2024-03-09,E1,Norwich,Rotherham,5,0,H,8,0
2024-03-09,E1,Preston,Stoke,1,2,A,2,4
2024-03-09,E1,QPR,Middlesbrough,0,2,A,2,4
2024-03-09,E1,Southampton,Sunderland,4,2,H,10,5
2024-03-09,E1,Watford,Coventry,1,2,A,5,3
2024-03-09,E1,Blackburn,Plymouth,1,1,D,4,7
2024-03-09,E1,Cardiff,Ipswich,2,1,H,6,4
2024-03-09,E1,Hull,Leicester,2,2,D,5,2
2024-03-09,E1,Millwall,Birmingham,1,0,H,5,1
2024-03-09,E0,Man United,Everton,2,0,H,8,6
2024-03-09,E3,Barrow,Colchester,2,0,H,4,3
2024-03-09,E3,Accrington,Bradford,0,3,A,3,5
2024-03-09,E2,Wigan,Leyton Orient,1,0,H,3,1
2024-03-09,E2,Stevenage,Fleetwood Town,0,0,D,3,1
2024-03-09,E2,Reading,Wycombe,1,2,A,5,3
2024-03-09,E2,Port Vale,Shrewsbury,1,2,A,3,2
2024-03-09,E2,Exeter,Bolton,2,2,D,7,5
2024-03-09,E2,Charlton,Carlisle,3,2,H,8,2
2024-03-09,E2,Cambridge,Northampton,1,1,D,1,4
2024-03-09,E2,Burton,Peterboro,1,3,A,2,7
2024-03-09,E2,Bristol Rvs,Derby,0,3,A,3,5
2024-03-09,E2,Blackpool,Portsmouth,0,0,D,0,5
2024-03-09,E2,Barnsley,Lincoln,1,5,A,4,10
2024-03-09,E3,Sutton,Grimsby,1,1,D,1,9
2024-03-09,E3,Stockport,Newport County,1,0,H,14,2
2024-03-09,E2,Oxford,Cheltenham,2,1,H,8,3
2024-03-09,E3,Forest Green,Walsall,2,0,H,3,4
2024-03-09,E3,Gillingham,Tranmere,1,1,D,5,4
2024-03-09,E3,Harrogate,Crawley Town,1,2,A,8,5
2024-03-09,E3,Mansfield,Swindon,3,2,H,10,8
2024-03-09,E3,Milton Keynes Dons,Salford,3,1,H,6,6
2024-03-09,E3,Morecambe,Wrexham,1,3,A,2,8
2024-03-09,E3,Doncaster,Crewe,2,0,H,9,2
2024-03-09,E0,Bournemouth,Sheffield United,2,2,D,12,9
2024-03-09,E0,Crystal Palace,Luton,1,1,D,4,2
2024-03-09,E0,Wolves,Fulham,2,1,H,3,6
2024-03-09,E0,Arsenal,Brentford,2,1,H,6,4
2024-03-09,E3,Notts County,AFC Wimbledon,0,2,A,1,4
2024-03-10,E0,West Ham,Burnley,2,2,D,4,4
2024-03-10,E0,Aston Villa,Tottenham,0,4,A,1,5
2024-03-10,E0,Liverpool,Man City,1,1,D,6,6
2024-03-10,E1,Huddersfield,West Brom,1,4,A,6,8
2024-03-10,E1,Bristol City,Swansea,1,0,H,2,0
2024-03-10,E0,Brighton,Nott'm Forest,1,0,H,3,4
2024-03-11,E0,Chelsea,Newcastle,3,2,H,8,3
2024-03-12,E2,Portsmouth,Burton,2,1,H,3,1
2024-03-12,E2,Shrewsbury,Exeter,0,3,A,1,6
2024-03-12,E2,Wycombe,Wigan,1,0,H,1,5
2024-03-12,E2,Bolton,Oxford,5,0,H,8,0
2024-03-12,E2,Lincoln,Cambridge,6,0,H,9,4
2024-03-12,E1,Birmingham,Middlesbrough,0,1,A,0,3
2024-03-12,E2,Northampton,Blackpool,0,1,A,2,5
2024-03-12,E2,Fleetwood Town,Bristol Rvs,0,0,D,2,6
2024-03-12,E2,Leyton Orient,Port Vale,0,0,D,2,2
2024-03-12,E2,Carlisle,Barnsley,2,3,A,5,6
2024-03-12,E3,AFC Wimbledon,Gillingham,2,0,H,9,2
2024-03-12,E3,Bradford,Forest Green,0,2,A,6,3
2024-03-12,E3,Crawley Town,Notts County,2,1,H,14,6
2024-03-12,E3,Crewe,Sutton,1,0,H,3,2
2024-03-12,E2,Derby,Reading,2,1,H,7,1
2024-03-12,E3,Newport County,Morecambe,5,3,H,9,7
2024-03-12,E3,Grimsby,Milton Keynes Dons,1,0,H,3,1
2024-03-12,E3,Swindon,Accrington,1,2,A,5,6
2024-03-12,E3,Tranmere,Mansfield,2,1,H,7,4
2024-03-12,E3,Walsall,Barrow,1,1,D,6,3
2024-03-12,E3,Wrexham,Harrogate,0,0,D,4,0
2024-03-13,E0,Bournemouth,Luton,4,3,H,10,4
2024-03-13,E2,Peterboro,Stevenage,3,1,H,4,3
2024-03-14,E3,Salford,Stockport,2,2,D,4,5
2024-03-16,E2,Barnsley,Cheltenham,0,0,D,4,2
2024-03-16,E1,Rotherham,Huddersfield,0,0,D,1,5
2024-03-16,E1,Plymouth,Preston,0,1,A,0,4
2024-03-16,E1,Stoke,Norwich,0,3,A,1,7
2024-03-16,E1,Sunderland,QPR,0,0,D,0,5
2024-03-16,E2,Port Vale,Oxford,0,2,A,0,6
2024-03-16,E2,Reading,Cambridge,4,0,H,8,2
2024-03-16,E2,Peterboro,Portsmouth,0,1,A,1,4
2024-03-16,E2,Lincoln,Bristol Rvs,5,0,H,7,6
2024-03-16,E2,Fleetwood Town,Charlton,1,1,D,7,7
2024-03-16,E2,Exeter,Burton,1,0,H,2,2
2024-03-16,E2,Derby,Bolton,1,0,H,3,3
2024-03-16,E1,West Brom,Bristol City,2,0,H,4,5
2024-03-16,E1,Middlesbrough,Blackburn,0,0,D,3,3
2024-03-16,E0,Burnley,Brentford,2,1,H,6,5
2024-03-16,E1,Birmingham,Watford,0,1,A,5,4
2024-03-16,E3,Accrington,Notts County,2,2,D,6,7
2024-03-16,E3,Barrow,Harrogate,0,0,D,1,1
2024-03-16,E3,Bradford,Mansfield,1,5,A,1,11
2024-03-16,E3,Colchester,Walsall,1,1,D,6,4
2024-03-16,E3,Forest Green,Sutton,0,1,A,2,2
2024-03-16,E3,Gillingham,Grimsby,1,1,D,6,3
2024-03-16,E3,Milton Keynes Dons,Crewe,3,1,H,10,6
2024-03-16,E3,Swindon,Doncaster,1,2,A,4,2
2024-03-16,E3,Wrexham,Tranmere,0,1,A,4,3
2024-03-16,E1,Ipswich,Sheffield Weds,6,0,H,10,1
2024-03-16,E3,AFC Wimbledon,Newport County,0,2,A,3,4
2024-03-16,E1,Swansea,Cardiff,2,0,H,5,2
2024-03-16,E2,Shrewsbury,Carlisle,1,0,H,6,3
2024-03-16,E2,Stevenage,Leyton Orient,0,1,A,2,2
2024-03-16,E2,Wigan,Blackpool,1,0,H,1,3
2024-03-16,E2,Wycombe,Northampton,2,0,H,8,4
2024-03-16,E0,Luton,Nott'm Forest,1,1,D,4,6
2024-03-16,E0,Fulham,Tottenham,3,0,H,7,5
2024-03-17,E0,West Ham,Aston Villa,1,1,D,5,5
2024-03-17,E1,Leeds,Millwall,2,0,H,5,3
2024-03-17,E3,Salford,Morecambe,3,1,H,7,1
2024-03-18,E3,Crawley Town,Stockport,1,1,D,3,7
2024-03-19,E3,Bradford,Notts County,0,3,A,3,12
2024-03-23,E3,Mansfield,Colchester,1,1,D,7,6
2024-03-23,E3,Barrow,Newport County,1,0,H,3,2
2024-03-23,E3,Crewe,AFC Wimbledon,1,1,D,3,1
2024-03-23,E3,Doncaster,Forest Green,2,0,H,6,0
2024-03-23,E2,Northampton,Derby,1,0,H,3,4
2024-03-23,E2,Carlisle,Stevenage,2,2,D,4,3
2024-03-23,E2,Burton,Port Vale,0,1,A,2,5
2024-03-23,E3,Morecambe,Gillingham,2,3,A,5,3
2024-03-23,E3,Notts County,Salford,1,2,A,2,7
2024-03-23,E3,Sutton,Accrington,3,1,H,10,5
2024-03-23,E3,Tranmere,Crawley Town,1,3,A,5,3
2024-03-23,E3,Stockport,Milton Keynes Dons,5,0,H,7,3
2024-03-23,E3,Harrogate,Bradford,3,0,H,7,3
2024-03-23,E3,Grimsby,Wrexham,1,3,A,2,5
2024-03-29,E3,Accrington,Morecambe,1,2,A,7,5
2024-03-29,E3,AFC Wimbledon,Harrogate,1,1,D,5,1
2024-03-29,E3,Bradford,Tranmere,2,0,H,7,3
2024-03-29,E3,Crawley Town,Doncaster,0,2,A,7,8
2024-03-29,E2,Wycombe,Portsmouth,1,3,A,2,11
2024-03-29,E2,Stevenage,Bolton,0,0,D,3,4
2024-03-29,E2,Shrewsbury,Oxford,1,1,D,3,4
2024-03-29,E2,Reading,Northampton,1,0,H,2,8
2024-03-29,E2,Port Vale,Bristol Rvs,2,0,H,11,0
2024-03-29,E2,Peterboro,Carlisle,1,3,A,2,5
2024-03-29,E2,Lincoln,Leyton Orient,1,0,H,2,5
2024-03-29,E2,Fleetwood Town,Cheltenham,1,2,A,4,3
2024-03-29,E2,Exeter,Charlton,1,1,D,2,6
2024-03-29,E2,Derby,Blackpool,1,0,H,3,1
2024-03-29,E1,Millwall,West Brom,1,1,D,2,2
2024-03-29,E2,Barnsley,Cambridge,0,2,A,3,4
2024-03-29,E1,Huddersfield,Coventry,1,3,A,4,7
2024-03-29,E1,Hull,Stoke,0,2,A,0,4
2024-03-29,E1,Norwich,Plymouth,2,1,H,4,4
2024-03-29,E1,Preston,Rotherham,3,0,H,5,3
2024-03-29,E1,QPR,Birmingham,2,1,H,6,3
2024-03-29,E1,Sheffield Weds,Swansea,1,1,D,4,4
2024-03-29,E1,Southampton,Middlesbrough,1,1,D,5,3
2024-03-29,E1,Blackburn,Ipswich,0,1,A,3,3
2024-03-29,E1,Watford,Leeds,2,2,D,5,8
2024-03-29,E3,Colchester,Newport County,2,1,H,7,2
2024-03-29,E1,Cardiff,Sunderland,0,2,A,3,8
2024-03-29,E1,Bristol City,Leicester,1,0,H,6,3
2024-03-29,E2,Wigan,Burton,1,1,D,5,4
2024-03-29,E3,Gillingham,Crewe,0,0,D,2,2
2024-03-29,E3,Forest Green,Stockport,0,3,A,0,5
2024-03-29,E3,Barrow,Grimsby,3,1,H,7,2
2024-03-29,E3,Wrexham,Mansfield,2,0,H,4,1
2024-03-29,E3,Swindon,Notts County,2,1,H,5,5
2024-03-29,E3,Salford,Sutton,1,2,A,6,4
2024-03-29,E3,Milton Keynes Dons,Walsall,5,0,H,8,1
2024-03-30,E0,Brentford,Man United,1,1,D,5,5
2024-03-30,E0,Aston Villa,Wolves,2,0,H,5,3
2024-03-30,E0,Bournemouth,Everton,2,1,H,4,3
2024-03-30,E0,Chelsea,Burnley,2,2,D,13,7
2024-03-30,E0,Nott'm Forest,Crystal Palace,1,1,D,5,3
2024-03-30,E0,Sheffield United,Fulham,3,3,D,4,9
2024-03-30,E0,Tottenham,Luton,2,1,H,4,3
2024-03-30,E0,Newcastle,West Ham,4,3,H,9,4
2024-03-31,E0,Man City,Arsenal,0,0,D,1,2
2024-03-31,E0,Liverpool,Brighton,2,1,H,8,3
2024-04-01,E2,Leyton Orient,Peterboro,1,2,A,3,7
2024-04-01,E2,Cheltenham,Exeter,1,2,A,2,4
2024-04-01,E2,Oxford,Fleetwood Town,4,0,H,13,4
2024-04-01,E2,Charlton,Stevenage,0,0,D,3,3
2024-04-01,E2,Carlisle,Lincoln,1,3,A,7,5
2024-04-01,E2,Cambridge,Wigan,3,1,H,3,3
2024-04-01,E2,Burton,Barnsley,1,3,A,2,3
2024-04-01,E2,Bristol Rvs,Shrewsbury,0,0,D,4,1
2024-04-01,E2,Bolton,Reading,5,2,H,8,7
2024-04-01,E2,Blackpool,Wycombe,0,0,D,5,1
2024-04-01,E2,Northampton,Port Vale,2,0,H,3,4
2024-04-01,E3,Newport County,Crawley Town,0,4,A,4,7
2024-04-01,E3,Stockport,AFC Wimbledon,1,0,H,2,0
2024-04-01,E1,Coventry,Cardiff,1,2,A,2,4
2024-04-01,E1,Leeds,Hull,3,1,H,6,2
2024-04-01,E1,Ipswich,Southampton,3,2,H,6,8
2024-04-01,E1,West Brom,Watford,2,2,D,4,7
2024-04-01,E1,Swansea,QPR,0,1,A,4,4
2024-04-01,E1,Sunderland,Blackburn,1,5,A,7,7
2024-04-01,E1,Stoke,Huddersfield,1,1,D,6,3
2024-04-01,E1,Rotherham,Millwall,2,1,H,4,7
2024-04-01,E1,Plymouth,Bristol City,0,1,A,2,6
2024-04-01,E1,Middlesbrough,Sheffield Weds,2,0,H,5,2
2024-04-01,E3,Walsall,Salford,2,1,H,5,6
2024-04-01,E1,Birmingham,Preston,1,0,H,4,1
2024-04-01,E1,Leicester,Norwich,3,1,H,6,2
2024-04-01,E3,Grimsby,Bradford,1,1,D,1,4
2024-04-01,E3,Crewe,Forest Green,0,3,A,5,6
2024-04-01,E3,Harrogate,Gillingham,5,1,H,8,5
2024-04-01,E3,Morecambe,Barrow,2,1,H,2,4
2024-04-01,E3,Tranmere,Colchester,1,1,D,5,7
2024-04-01,E3,Sutton,Swindon,3,1,H,8,4
2024-04-01,E3,Notts County,Milton Keynes Dons,3,3,D,4,5
2024-04-02,E3,Doncaster,Wrexham,1,0,H,6,1
2024-04-02,E0,Burnley,Wolves,1,1,D,6,2
2024-04-02,E0,West Ham,Tottenham,1,1,D,4,4
2024-04-02,E0,Newcastle,Everton,1,1,D,6,3
2024-04-02,E0,Bournemouth,Crystal Palace,1,0,H,6,2
2024-04-02,E0,Nott'm Forest,Fulham,3,1,H,4,3
2024-04-02,E2,Portsmouth,Derby,2,2,D,4,4
2024-04-03,E0,Brentford,Brighton,0,0,D,2,6
2024-04-03,E0,Arsenal,Luton,2,0,H,4,1
2024-04-03,E0,Man City,Aston Villa,4,1,H,11,3
2024-04-04,E0,Chelsea,Man United,4,3,H,10,5
2024-04-04,E0,Liverpool,Sheffield United,3,1,H,9,3
2024-04-05,E1,Rotherham,Plymouth,0,1,A,2,11
2024-04-06,E2,Blackpool,Cambridge,1,0,H,3,1
2024-04-06,E0,Brighton,Arsenal,0,3,A,2,7
2024-04-06,E0,Wolves,West Ham,1,2,A,7,4
2024-04-06,E0,Luton,Bournemouth,2,1,H,9,1
2024-04-06,E0,Fulham,Newcastle,0,1,A,4,5
2024-04-06,E0,Everton,Burnley,1,0,H,3,1
2024-04-06,E0,Aston Villa,Brentford,3,3,D,3,3
2024-04-06,E0,Crystal Palace,Man City,2,4,A,4,8
2024-04-06,E2,Bristol Rvs,Bolton,0,2,A,6,4
2024-04-06,E1,Blackburn,Southampton,0,0,D,3,2
2024-04-06,E1,Cardiff,Hull,1,3,A,4,6
2024-04-06,E1,Coventry,Leeds,2,1,H,5,8
2024-04-06,E1,Huddersfield,Millwall,1,0,H,7,1
2024-04-06,E1,Leicester,Birmingham,2,1,H,9,5
2024-04-06,E1,Middlesbrough,Swansea,2,0,H,4,1
2024-04-06,E1,QPR,Sheffield Weds,0,2,A,1,4
2024-04-06,E1,Watford,Preston,0,0,D,2,1
2024-04-06,E1,Norwich,Ipswich,1,0,H,3,3
2024-04-06,E1,Sunderland,Bristol City,0,0,D,7,2
2024-04-06,E1,Stoke,West Brom,2,2,D,7,2
2024-04-06,E3,Bradford,Gillingham,1,0,H,6,3
2024-04-06,E2,Wigan,Port Vale,0,0,D,2,4
2024-04-06,E2,Northampton,Carlisle,2,0,H,4,2
2024-04-06,E2,Leyton Orient,Cheltenham,3,1,H,5,4
2024-04-06,E3,Accrington,Crewe,0,0,D,2,2
2024-04-06,E3,AFC Wimbledon,Salford,1,0,H,2,4
2024-04-06,E3,Barrow,Swindon,0,2,A,7,9
2024-04-06,E2,Exeter,Stevenage,1,0,H,4,3
2024-04-06,E3,Colchester,Wrexham,1,2,A,2,2
2024-04-06,E3,Forest Green,Milton Keynes Dons,0,2,A,0,4
2024-04-06,E3,Grimsby,Newport County,1,0,H,6,2
2024-04-06,E3,Mansfield,Crawley Town,1,4,A,5,6
2024-04-06,E3,Morecambe,Doncaster,0,3,A,3,4
2024-04-06,E2,Reading,Lincoln,1,1,D,3,3
2024-04-06,E3,Notts County,Harrogate,3,0,H,9,9
2024-04-06,E3,Tranmere,Walsall,1,3,A,3,6
2024-04-06,E2,Charlton,Barnsley,2,1,H,4,3
2024-04-06,E2,Burton,Oxford,0,4,A,2,8
2024-04-06,E3,Sutton,Stockport,1,3,A,2,5
2024-04-06,E2,Portsmouth,Shrewsbury,3,1,H,4,3
2024-04-07,E0,Man United,Liverpool,2,2,D,5,7
2024-04-07,E0,Sheffield United,Chelsea,2,2,D,6,3
2024-04-07,E0,Tottenham,Nott'm Forest,3,1,H,7,6
2024-04-09,E1,Leeds,Sunderland,0,0,D,1,3
2024-04-09,E1,Southampton,Coventry,2,1,H,6,2
2024-04-09,E1,Sheffield Weds,Norwich,2,2,D,5,6
2024-04-09,E1,Preston,Huddersfield,4,1,H,7,2
2024-04-09,E1,Plymouth,QPR,1,1,D,5,4
2024-04-09,E1,Millwall,Leicester,1,0,H,4,3
2024-04-09,E3,Morecambe,Crewe,0,1,A,2,3
2024-04-09,E2,Bristol Rvs,Reading,0,2,A,3,7
2024-04-09,E3,Mansfield,Forest Green,1,0,H,7,2
2024-04-09,E3,Wrexham,Crawley Town,4,1,H,7,8
2024-04-09,E3,Colchester,Stockport,1,2,A,3,3
2024-04-09,E3,Doncaster,Walsall,2,1,H,6,4
2024-04-09,E3,Harrogate,Grimsby,1,0,H,6,2
2024-04-09,E2,Stevenage,Barnsley,2,1,H,8,2
2024-04-09,E2,Leyton Orient,Exeter,2,2,D,2,5
2024-04-09,E2,Cheltenham,Carlisle,0,1,A,0,4
2024-04-09,E2,Charlton,Wigan,2,2,D,7,3
2024-04-09,E2,Blackpool,Fleetwood Town,1,0,H,9,3
2024-04-09,E3,Newport County,Accrington,1,3,A,2,6
2024-04-10,E1,Birmingham,Cardiff,0,1,A,1,4
2024-04-10,E1,Hull,Middlesbrough,2,2,D,7,6
2024-04-10,E1,Ipswich,Watford,0,0,D,4,3
2024-04-10,E1,Swansea,Stoke,3,0,H,4,1
2024-04-10,E1,West Brom,Rotherham,2,0,H,4,1
2024-04-10,E1,Bristol City,Blackburn,5,0,H,7,4
2024-04-10,E2,Wycombe,Derby,0,0,D,3,0
2024-04-10,E2,Peterboro,Port Vale,3,0,H,7,1
2024-04-12,E1,Plymouth,Leicester,1,0,H,3,4
2024-04-13,E3,Wrexham,Forest Green,6,0,H,8,4
2024-04-13,E3,Walsall,Notts County,1,3,A,3,3
2024-04-13,E3,Swindon,AFC Wimbledon,3,2,H,5,5
2024-04-13,E3,Stockport,Morecambe,2,0,H,4,0
2024-04-13,E3,Milton Keynes Dons,Mansfield,1,4,A,2,7
2024-04-13,E3,Newport County,Tranmere,1,2,A,4,5
2024-04-13,E0,Bournemouth,Man United,2,2,D,5,2
2024-04-13,E3,Harrogate,Sutton,2,2,D,4,5
2024-04-13,E3,Gillingham,Barrow,3,0,H,7,3
2024-04-13,E3,Salford,Bradford,1,2,A,4,10
2024-04-13,E0,Nott'm Forest,Wolves,2,2,D,9,4
2024-04-13,E0,Burnley,Brighton,1,1,D,3,8
2024-04-13,E3,Doncaster,Accrington,4,0,H,8,2
2024-04-13,E0,Brentford,Sheffield United,2,0,H,5,2
2024-04-13,E0,Newcastle,Tottenham,4,0,H,5,2
2024-04-13,E2,Cambridge,Charlton,1,1,D,4,5
2024-04-13,E2,Carlisle,Blackpool,0,1,A,1,2
2024-04-13,E2,Cheltenham,Bristol Rvs,1,3,A,4,5
2024-04-13,E2,Derby,Leyton Orient,3,0,H,3,0
2024-04-13,E2,Fleetwood Town,Northampton,2,0,H,7,1
2024-04-13,E2,Lincoln,Wigan,1,2,A,3,5
2024-04-13,E2,Oxford,Peterboro,5,0,H,6,1
2024-04-13,E2,Port Vale,Exeter,2,4,A,3,6
2024-04-13,E2,Shrewsbury,Wycombe,0,2,A,1,3
2024-04-13,E2,Stevenage,Burton,1,2,A,6,4
2024-04-13,E0,Man City,Luton,5,1,H,13,2
2024-04-13,E3,Crewe,Grimsby,0,3,A,2,5
2024-04-13,E1,Hull,QPR,3,0,H,5,3
2024-04-13,E2,Bolton,Portsmouth,1,1,D,5,1
2024-04-13,E1,West Brom,Sunderland,0,1,A,3,3
2024-04-13,E1,Sheffield Weds,Stoke,1,1,D,5,2
2024-04-13,E1,Preston,Norwich,0,1,A,2,5
2024-04-13,E3,Crawley Town,Colchester,2,3,A,4,6
2024-04-13,E1,Millwall,Cardiff,3,1,H,7,4
2024-04-13,E1,Ipswich,Middlesbrough,1,1,D,5,5
2024-04-13,E1,Bristol City,Huddersfield,1,1,D,3,4
2024-04-13,E1,Birmingham,Coventry,3,0,H,4,2
2024-04-13,E1,Leeds,Blackburn,0,1,A,5,2
2024-04-13,E1,Swansea,Rotherham,1,0,H,6,0
2024-04-13,E1,Southampton,Watford,3,2,H,4,6
2024-04-13,E2,Barnsley,Reading,2,2,D,9,5
2024-04-14,E0,Liverpool,Crystal Palace,0,1,A,6,5
2024-04-14,E0,West Ham,Fulham,0,2,A,4,10
2024-04-14,E0,Arsenal,Aston Villa,0,2,A,4,2
2024-04-15,E0,Chelsea,Everton,6,0,H,10,2
2024-04-16,E3,Mansfield,Accrington,2,1,H,5,3
2024-04-16,E1,Southampton,Preston,3,0,H,6,1
2024-04-16,E2,Bolton,Shrewsbury,2,2,D,13,3
2024-04-16,E2,Bristol Rvs,Cambridge,1,0,H,5,2
2024-04-16,E2,Burton,Cheltenham,1,2,A,1,2
2024-04-16,E3,Crawley Town,Barrow,1,1,D,4,7
2024-04-16,E2,Peterboro,Fleetwood Town,4,1,H,7,7
2024-04-16,E2,Port Vale,Wycombe,1,2,A,4,4
2024-04-16,E2,Portsmouth,Barnsley,3,2,H,4,5
2024-04-16,E3,Colchester,Grimsby,2,0,H,3,4
2024-04-16,E2,Oxford,Lincoln,0,1,A,5,3
2024-04-16,E3,Notts County,Stockport,2,5,A,7,9
2024-04-16,E3,Walsall,Swindon,2,1,H,4,4
2024-04-19,E2,Oxford,Stevenage,1,1,D,6,0
2024-04-20,E2,Burton,Reading,3,2,H,7,4
2024-04-20,E2,Portsmouth,Wigan,1,2,A,8,3
2024-04-20,E0,Wolves,Arsenal,0,2,A,3,9
2024-04-20,E0,Sheffield United,Burnley,1,4,A,11,9
2024-04-20,E0,Luton,Brentford,1,5,A,3,9
2024-04-20,E3,Harrogate,Milton Keynes Dons,3,5,A,8,9
2024-04-20,E3,Grimsby,Swindon,2,0,H,5,0
2024-04-20,E3,Crewe,Wrexham,0,3,A,2,10
2024-04-20,E2,Leyton Orient,Fleetwood Town,0,1,A,5,8
2024-04-20,E1,Rotherham,Birmingham,0,0,D,4,2
2024-04-20,E1,Norwich,Bristol City,1,1,D,3,5
2024-04-20,E1,Huddersfield,Swansea,0,4,A,0,7
2024-04-20,E1,Cardiff,Southampton,2,1,H,7,8
2024-04-20,E1,Leicester,West Brom,2,1,H,3,6
2024-04-20,E3,Doncaster,Barrow,4,2,H,8,2
2024-04-20,E2,Cheltenham,Lincoln,1,2,A,4,7
2024-04-20,E2,Charlton,Shrewsbury,1,1,D,2,3
2024-04-20,E2,Carlisle,Wycombe,1,3,A,4,3
2024-04-20,E1,Stoke,Plymouth,3,0,H,4,1
2024-04-20,E2,Bristol Rvs,Peterboro,0,2,A,4,5
2024-04-20,E2,Bolton,Port Vale,2,0,H,7,3
2024-04-20,E3,Walsall,Bradford,2,3,A,8,5
2024-04-20,E2,Northampton,Exeter,1,2,A,7,3
2024-04-20,E3,Tranmere,AFC Wimbledon,3,2,H,6,4
2024-04-20,E3,Sutton,Crawley Town,2,2,D,7,10
2024-04-20,E3,Stockport,Accrington,4,2,H,7,3
2024-04-20,E3,Notts County,Colchester,1,0,H,6,5
2024-04-20,E3,Newport County,Salford,0,1,A,2,8
2024-04-20,E3,Morecambe,Forest Green,1,2,A,3,5
2024-04-20,E3,Mansfield,Gillingham,2,1,H,7,2
2024-04-20,E1,Sunderland,Millwall,0,1,A,3,1
2024-04-20,E1,Watford,Hull,0,0,D,2,6
2024-04-20,E1,QPR,Preston,1,0,H,7,2
2024-04-20,E2,Cambridge,Derby,0,1,A,3,4
2024-04-20,E2,Blackpool,Barnsley,3,2,H,7,5
2024-04-21,E0,Crystal Palace,West Ham,5,2,H,7,1
2024-04-21,E0,Aston Villa,Bournemouth,3,1,H,4,6
2024-04-21,E0,Fulham,Liverpool,1,3,A,5,7
2024-04-21,E1,Blackburn,Sheffield Weds,1,3,A,3,5
2024-04-21,E0,Everton,Nott'm Forest,2,0,H,4,3
2024-04-22,E1,Middlesbrough,Leeds,3,4,A,5,5
2024-04-23,E1,Leicester,Southampton,5,0,H,6,0
2024-04-23,E2,Cambridge,Wycombe,1,1,D,2,6
2024-04-23,E3,Barrow,Bradford,1,2,A,4,5
2024-04-23,E2,Cheltenham,Peterboro,2,0,H,8,3
2024-04-23,E0,Arsenal,Chelsea,5,0,H,10,1
2024-04-23,E3,Colchester,Doncaster,1,4,A,3,9
2024-04-24,E0,Man United,Sheffield United,4,2,H,13,4
2024-04-24,E1,Coventry,Hull,2,3,A,3,8
2024-04-24,E0,Everton,Liverpool,2,0,H,6,7
2024-04-24,E0,Crystal Palace,Newcastle,2,0,H,7,2
2024-04-24,E0,Wolves,Bournemouth,0,1,A,4,6
2024-04-25,E0,Brighton,Man City,0,4,A,3,6
2024-04-26,E1,QPR,Leeds,4,0,H,5,5
2024-04-27,E3,Colchester,Crewe,1,1,D,5,5
2024-04-27,E3,Barrow,Mansfield,1,1,D,6,1
2024-04-27,E3,Bradford,Newport County,4,1,H,6,2
2024-04-27,E3,Crawley Town,Grimsby,2,0,H,5,2
2024-04-27,E3,Forest Green,Notts County,1,0,H,3,1
2024-04-27,E3,Gillingham,Doncaster,2,2,D,7,4
2024-04-27,E3,Milton Keynes Dons,Sutton,4,4,D,8,12
2024-04-27,E3,Salford,Harrogate,2,2,D,4,4
2024-04-27,E3,Swindon,Morecambe,3,3,D,5,6
2024-04-27,E3,AFC Wimbledon,Walsall,5,1,H,5,3
2024-04-27,E3,Accrington,Tranmere,4,1,H,7,2
2024-04-27,E3,Wrexham,Stockport,2,1,H,4,1
2024-04-27,E2,Wigan,Bristol Rvs,2,0,H,9,0
2024-04-27,E1,Southampton,Stoke,0,1,A,3,8
2024-04-27,E1,Norwich,Swansea,2,2,D,8,6
2024-04-27,E1,Millwall,Plymouth,1,0,H,5,1
2024-04-27,E1,Huddersfield,Birmingham,1,1,D,4,2
2024-04-27,E1,Cardiff,Middlesbrough,1,4,A,4,7
2024-04-27,E1,Bristol City,Rotherham,2,0,H,5,2
2024-04-27,E1,Blackburn,Coventry,0,0,D,8,1
2024-04-27,E2,Wycombe,Charlton,1,0,H,4,1
2024-04-27,E0,West Ham,Liverpool,2,2,D,8,8
2024-04-27,E0,Fulham,Crystal Palace,1,1,D,2,4
2024-04-27,E0,Man United,Burnley,1,1,D,10,7
2024-04-27,E0,Newcastle,Sheffield United,5,1,H,7,5
2024-04-27,E0,Wolves,Luton,2,1,H,5,6
2024-04-27,E0,Everton,Brentford,1,0,H,1,4
2024-04-27,E0,Aston Villa,Chelsea,2,2,D,4,5
2024-04-27,E1,Watford,Sunderland,1,0,H,3,6
2024-04-27,E1,Hull,Ipswich,3,3,D,7,11
2024-04-27,E1,Sheffield Weds,West Brom,3,0,H,7,8
2024-04-27,E2,Lincoln,Portsmouth,0,2,A,2,6
2024-04-27,E2,Peterboro,Bolton,3,3,D,6,4
2024-04-27,E2,Shrewsbury,Leyton Orient,1,3,A,7,3
2024-04-27,E2,Fleetwood Town,Burton,3,0,H,7,3
2024-04-27,E2,Exeter,Oxford,1,2,A,1,5
2024-04-27,E2,Derby,Carlisle,2,0,H,3,2
2024-04-27,E2,Barnsley,Northampton,1,1,D,4,2
2024-04-27,E2,Stevenage,Cheltenham,2,1,H,7,6
2024-04-27,E2,Port Vale,Cambridge,0,0,D,4,2
2024-04-27,E2,Reading,Blackpool,3,2,H,6,6
2024-04-28,E0,Tottenham,Arsenal,2,3,A,2,3
2024-04-28,E0,Bournemouth,Brighton,3,0,H,6,1
2024-04-28,E0,Nott'm Forest,Man City,0,2,A,2,5
2024-04-29,E1,Preston,Leicester,0,3,A,1,11
2024-04-30,E1,Coventry,Ipswich,1,2,A,3,9
2024-05-02,E0,Chelsea,Tottenham,2,0,H,5,3
2024-05-03,E0,Luton,Everton,1,1,D,5,3
2024-05-04,E0,Arsenal,Bournemouth,3,0,H,9,2
2024-05-04,E0,Brentford,Fulham,0,0,D,3,3
2024-05-04,E0,Burnley,Newcastle,1,4,A,5,11
2024-05-04,E0,Sheffield United,Nott'm Forest,1,3,A,5,4
2024-05-04,E0,Man City,Wolves,5,1,H,12,1
2024-05-04,E1,Leeds,Southampton,1,2,A,4,4
2024-05-04,E1,West Brom,Preston,3,0,H,5,1
2024-05-04,E1,Swansea,Millwall,0,1,A,2,4
2024-05-04,E1,Sunderland,Sheffield Weds,0,2,A,3,2
2024-05-04,E1,Stoke,Bristol City,4,0,H,7,2
2024-05-04,E1,Rotherham,Cardiff,5,2,H,7,5
2024-05-04,E1,Plymouth,Hull,1,0,H,2,4
2024-05-04,E1,Middlesbrough,Watford,3,1,H,6,4
2024-05-04,E1,Birmingham,Norwich,1,0,H,3,2
2024-05-04,E1,Coventry,QPR,1,2,A,6,4
2024-05-04,E1,Ipswich,Huddersfield,2,0,H,5,2
2024-05-04,E1,Leicester,Blackburn,0,2,A,7,2
2024-05-05,E0,Liverpool,Tottenham,4,2,H,13,6
2024-05-05,E0,Brighton,Aston Villa,1,0,H,8,1
2024-05-05,E0,Chelsea,West Ham,5,0,H,14,2
2024-05-06,E0,Crystal Palace,Man United,4,0,H,10,2
2024-05-11,E0,West Ham,Luton,3,1,H,8,1
2024-05-11,E0,Bournemouth,Brentford,1,2,A,4,5
2024-05-11,E0,Everton,Sheffield United,1,0,H,6,1
2024-05-11,E0,Newcastle,Brighton,1,1,D,7,4
2024-05-11,E0,Tottenham,Burnley,2,1,H,9,3
2024-05-11,E0,Wolves,Crystal Palace,1,3,A,7,3
2024-05-11,E0,Nott'm Forest,Chelsea,2,3,A,4,5
2024-05-11,E0,Fulham,Man City,0,4,A,1,9
2024-05-12,E0,Man United,Arsenal,0,1,A,2,5
2024-05-13,E0,Aston Villa,Liverpool,3,3,D,5,7
2024-05-14,E0,Tottenham,Man City,0,2,A,5,5
2024-05-15,E0,Brighton,Chelsea,1,2,A,2,6
2024-05-15,E0,Man United,Newcastle,3,2,H,8,8
2024-05-19,E0,Sheffield United,Tottenham,0,3,A,1,9
2024-05-19,E0,Man City,West Ham,3,1,H,12,2
2024-05-19,E0,Luton,Fulham,2,4,A,6,7
2024-05-19,E0,Liverpool,Wolves,2,0,H,14,3
2024-05-19,E0,Crystal Palace,Aston Villa,5,0,H,9,2
2024-05-19,E0,Burnley,Nott'm Forest,1,2,A,3,6
2024-05-19,E0,Brighton,Man United,0,2,A,3,4
2024-05-19,E0,Brentford,Newcastle,2,4,A,5,7
2024-05-19,E0,Arsenal,Everton,2,1,H,5,2
2024-05-19,E0,Chelsea,Bournemouth,2,1,H,6,5
2024-08-09,E1,Preston,Sheffield United,0,2,A,2,3
2024-08-09,E3,Chesterfield,Swindon,1,1,D,4,1
2024-08-09,E1,Blackburn,Derby,4,2,H,7,4
2024-08-09,E2,Barnsley,Mansfield,1,2,A,4,4
2024-08-10,E2,Wigan,Charlton,0,1,A,1,3
2024-08-10,E1,Leeds,Portsmouth,3,3,D,10,4
2024-08-10,E1,Middlesbrough,Swansea,1,0,H,4,0
2024-08-10,E1,QPR,West Brom,1,3,A,6,4
2024-08-10,E1,Oxford,Norwich,2,0,H,4,2
2024-08-10,E1,Stoke,Coventry,1,0,H,2,1
2024-08-10,E2,Wrexham,Wycombe,3,2,H,6,3
2024-08-10,E1,Millwall,Watford,2,3,A,4,5
2024-08-10,E1,Hull,Bristol City,1,1,D,5,3
2024-08-10,E3,Doncaster,Accrington,4,1,H,4,2
2024-08-10,E3,Walsall,Morecambe,1,0,H,3,0
2024-08-10,E3,Tranmere,Notts County,0,0,D,2,1
2024-08-10,E3,Salford,Port Vale,0,2,A,2,4
2024-08-10,E3,Milton Keynes Dons,Bradford,1,2,A,5,2
2024-08-10,E3,Harrogate,Bromley,0,2,A,2,5
2024-08-10,E3,Gillingham,Carlisle,4,1,H,8,5
2024-08-10,E3,Fleetwood Town,Grimsby,1,0,H,4,0
2024-08-10,E3,Cheltenham,Newport County,3,2,H,5,6
2024-08-10,E2,Stockport,Cambridge,2,0,H,6,2
2024-08-10,E1,Cardiff,Sunderland,0,2,A,4,4
2024-08-10,E2,Stevenage,Shrewsbury,1,0,H,4,1
2024-08-10,E3,AFC Wimbledon,Colchester,4,2,H,6,3
2024-08-10,E2,Leyton Orient,Bolton,1,2,A,5,3
2024-08-10,E2,Bristol Rvs,Northampton,1,0,H,5,1
2024-08-10,E2,Birmingham,Reading,1,1,D,5,4
2024-08-10,E3,Barrow,Crewe,1,0,H,4,0
2024-08-10,E2,Peterboro,Huddersfield,0,2,A,2,5
2024-08-10,E2,Exeter,Rotherham,1,0,H,7,2
2024-08-10,E2,Crawley Town,Blackpool,2,1,H,4,5
2024-08-10,E2,Burton,Lincoln,2,3,A,5,3
2024-08-11,E1,Sheffield Weds,Plymouth,4,0,H,11,1
2024-08-12,E1,Luton,Burnley,1,4,A,3,6
2024-08-16,E1,Coventry,Oxford,3,2,H,10,2
2024-08-16,E0,Man United,Fulham,1,0,H,5,2
2024-08-17,E3,Port Vale,Tranmere,0,0,D,3,1
2024-08-17,E1,Portsmouth,Luton,0,0,D,6,4
2024-08-17,E1,Derby,Middlesbrough,1,0,H,2,4
2024-08-17,E3,Carlisle,Barrow,1,0,H,3,0
2024-08-17,E3,Accrington,Harrogate,3,3,D,9,4
2024-08-17,E3,Bradford,Salford,0,0,D,3,2
2024-08-17,E3,Colchester,Milton Keynes Dons,2,0,H,8,3
2024-08-17,E1,West Brom,Leeds,0,0,D,1,1
2024-08-17,E3,Crewe,Chesterfield,0,5,A,5,11
2024-08-17,E3,Grimsby,Cheltenham,3,2,H,6,2
2024-08-17,E2,Reading,Wigan,2,0,H,8,2
2024-08-17,E2,Rotherham,Bristol Rvs,0,0,D,5,1
2024-08-17,E2,Wycombe,Birmingham,2,3,A,2,7
2024-08-17,E3,Morecambe,Gillingham,0,1,A,3,4
2024-08-17,E3,Newport County,Doncaster,3,1,H,5,8
2024-08-17,E3,Swindon,Walsall,0,4,A,1,7
2024-08-17,E1,Burnley,Cardiff,5,0,H,4,4
2024-08-17,E1,Bristol City,Millwall,4,3,H,6,4
2024-08-17,E0,Ipswich,Liverpool,0,2,A,2,5
2024-08-17,E2,Blackpool,Stockport,0,3,A,0,5
2024-08-17,E2,Cambridge,Crawley Town,0,1,A,6,3
2024-08-17,E2,Huddersfield,Stevenage,2,1,H,4,3
2024-08-17,E2,Lincoln,Barnsley,1,2,A,7,3
2024-08-17,E2,Mansfield,Burton,3,3,D,7,7
2024-08-17,E2,Northampton,Exeter,2,1,H,6,5
2024-08-17,E1,Norwich,Blackburn,2,2,D,4,3
2024-08-17,E0,Arsenal,Wolves,2,0,H,6,3
2024-08-17,E0,Everton,Brighton,0,3,A,1,5
2024-08-17,E2,Shrewsbury,Peterboro,1,4,A,4,11
2024-08-17,E0,Newcastle,Southampton,1,0,H,1,4
2024-08-17,E0,West Ham,Aston Villa,1,2,A,3,3
2024-08-17,E3,Bromley,AFC Wimbledon,2,0,H,4,3
2024-08-17,E1,Watford,Stoke,3,0,H,8,3
2024-08-17,E1,Swansea,Preston,3,0,H,6,2
2024-08-17,E1,Sheffield United,QPR,2,2,D,3,3
2024-08-17,E1,Plymouth,Hull,1,1,D,7,2
2024-08-17,E0,Nott'm Forest,Bournemouth,1,1,D,8,4
2024-08-17,E2,Charlton,Leyton Orient,1,0,H,4,2
2024-08-18,E0,Brentford,Crystal Palace,2,1,H,5,6
2024-08-18,E0,Chelsea,Man City,0,2,A,3,5
2024-08-18,E3,Notts County,Fleetwood Town,2,2,D,8,4
2024-08-18,E1,Sunderland,Sheffield Weds,4,0,H,6,3
2024-08-18,E2,Bolton,Wrexham,0,0,D,8,2
2024-08-19,E0,Leicester,Tottenham,1,1,D,3,7
2024-08-22,E3,Notts County,Grimsby,4,1,H,6,3
2024-08-23,E1,Sheffield Weds,Leeds,0,2,A,2,5
2024-08-24,E3,Crewe,Swindon,0,0,D,0,3
2024-08-24,E3,Tranmere,Walsall,1,0,H,1,1
2024-08-24,E3,Barrow,Port Vale,4,0,H,6,3
2024-08-24,E3,Fleetwood Town,Gillingham,0,0,D,3,1
2024-08-24,E2,Wrexham,Reading,3,0,H,7,1
2024-08-24,E1,Watford,Derby,2,1,H,3,3
2024-08-24,E1,Sunderland,Burnley,1,0,H,3,1
2024-08-24,E1,Stoke,West Brom,1,2,A,2,5
2024-08-24,E1,Preston,Luton,1,0,H,2,4
2024-08-24,E1,Norwich,Sheffield United,1,1,D,5,4
2024-08-24,E1,Middlesbrough,Portsmouth,2,2,D,7,3
2024-08-24,E1,Blackburn,Oxford,2,1,H,4,3
2024-08-24,E1,QPR,Plymouth,1,1,D,10,1
2024-08-24,E1,Hull,Millwall,0,0,D,4,5
2024-08-24,E1,Bristol City,Coventry,1,1,D,7,1
2024-08-24,E3,Cheltenham,AFC Wimbledon,0,1,A,3,4
2024-08-24,E3,Chesterfield,Salford,1,1,D,3,2
2024-08-24,E3,Colchester,Harrogate,0,1,A,7,3
2024-08-24,E3,Doncaster,Morecambe,1,0,H,3,2
2024-08-24,E3,Milton Keynes Dons,Carlisle,3,0,H,6,3
2024-08-24,E3,Newport County,Accrington,3,1,H,2,7
2024-08-24,E2,Burton,Stevenage,0,0,D,0,6
2024-08-24,E2,Barnsley,Northampton,2,2,D,5,5
2024-08-24,E2,Cambridge,Blackpool,4,4,D,6,7
2024-08-24,E2,Charlton,Bolton,2,0,H,4,3
2024-08-24,E2,Exeter,Peterboro,1,2,A,2,8
2024-08-24,E2,Huddersfield,Shrewsbury,1,0,H,5,3
2024-08-24,E2,Leyton Orient,Birmingham,1,2,A,3,3
2024-08-24,E2,Lincoln,Mansfield,4,1,H,8,3
2024-08-24,E2,Wigan,Crawley Town,1,0,H,1,3
2024-08-24,E2,Wycombe,Rotherham,2,0,H,6,8
2024-08-24,E3,Bradford,Bromley,3,1,H,9,2
2024-08-24,E2,Stockport,Bristol Rvs,2,0,H,8,3
2024-08-24,E0,Fulham,Leicester,2,1,H,6,4
2024-08-24,E0,Southampton,Nott'm Forest,0,1,A,1,8
2024-08-24,E0,Tottenham,Everton,4,0,H,7,1
2024-08-24,E0,Aston Villa,Arsenal,0,2,A,3,4
2024-08-24,E0,Man City,Ipswich,4,1,H,5,1
2024-08-24,E0,Crystal Palace,West Ham,0,2,A,2,3
2024-08-24,E0,Brighton,Man United,2,1,H,5,4
2024-08-25,E0,Bournemouth,Newcastle,1,1,D,4,5
2024-08-25,E0,Wolves,Chelsea,2,6,A,4,8
2024-08-25,E0,Liverpool,Brentford,2,0,H,8,2
2024-08-25,E1,Swansea,Cardiff,1,1,D,4,3
2024-08-30,E1,Luton,QPR,1,2,A,5,4
2024-08-31,E0,Everton,Bournemouth,2,3,A,8,7
2024-08-31,E0,Brentford,Southampton,3,1,H,7,6
2024-08-31,E1,Cardiff,Middlesbrough,0,2,A,3,5
2024-08-31,E0,Nott'm Forest,Wolves,1,1,D,5,3
2024-08-31,E0,West Ham,Man City,1,3,A,2,8
2024-08-31,E1,Burnley,Blackburn,1,1,D,3,3
2024-08-31,E0,Arsenal,Brighton,1,1,D,7,4
2024-08-31,E1,Coventry,Norwich,0,1,A,5,1
2024-08-31,E1,West Brom,Swansea,1,0,H,5,2
2024-08-31,E1,Portsmouth,Sunderland,1,3,A,2,4
2024-08-31,E1,Plymouth,Stoke,0,1,A,7,7
2024-08-31,E1,Oxford,Preston,3,1,H,5,4
2024-08-31,E1,Millwall,Sheffield Weds,3,0,H,4,1
2024-08-31,E0,Ipswich,Fulham,1,1,D,4,4
2024-08-31,E0,Leicester,Aston Villa,1,2,A,3,5
2024-08-31,E3,Bromley,Crewe,1,2,A,2,5
2024-08-31,E2,Blackpool,Wycombe,2,2,D,9,5
2024-08-31,E3,Walsall,Cheltenham,2,1,H,6,2
2024-08-31,E3,Swindon,Notts County,1,2,A,5,3
2024-08-31,E3,Morecambe,Newport County,0,1,A,4,1
2024-08-31,E3,Harrogate,Barrow,0,1,A,4,6
2024-08-31,E3,Grimsby,Bradford,2,1,H,3,4
2024-08-31,E3,Carlisle,Tranmere,1,2,A,2,3
2024-08-31,E3,AFC Wimbledon,Fleetwood Town,1,0,H,5,1
2024-08-31,E3,Accrington,Colchester,1,1,D,3,5
2024-08-31,E3,Port Vale,Doncaster,2,3,A,5,4
2024-08-31,E3,Gillingham,Chesterfield,1,0,H,2,3
2024-08-31,E2,Stevenage,Lincoln,0,1,A,1,1
2024-08-31,E2,Shrewsbury,Leyton Orient,3,0,H,4,1
2024-08-31,E2,Reading,Charlton,2,0,H,3,2
2024-08-31,E2,Peterboro,Wrexham,0,2,A,0,3
2024-08-31,E2,Northampton,Burton,0,0,D,5,3
2024-08-31,E2,Mansfield,Stockport,1,1,D,2,6
2024-08-31,E2,Crawley Town,Barnsley,0,3,A,0,5
2024-08-31,E2,Bristol Rvs,Cambridge,2,0,H,3,1
2024-08-31,E2,Bolton,Exeter,0,2,A,3,2
2024-08-31,E2,Birmingham,Wigan,2,1,H,8,5
2024-08-31,E2,Rotherham,Huddersfield,2,1,H,5,2
2024-08-31,E1,Leeds,Hull,2,0,H,5,2
2024-08-31,E1,Derby,Bristol City,3,0,H,7,5
2024-09-01,E1,Sheffield United,Watford,1,0,H,7,1
2024-09-01,E0,Chelsea,Crystal Palace,1,1,D,7,3
2024-09-01,E0,Newcastle,Tottenham,2,1,H,3,6
2024-09-01,E0,Man United,Liverpool,0,3,A,3,3
2024-09-02,E3,Salford,Milton Keynes Dons,1,0,H,6,5
2024-09-07,E3,Colchester,Bromley,1,1,D,5,4
2024-09-07,E3,Barrow,Swindon,1,1,D,3,5
2024-09-07,E2,Wrexham,Shrewsbury,3,0,H,6,3
2024-09-07,E2,Charlton,Rotherham,1,1,D,1,4
2024-09-07,E2,Barnsley,Bristol Rvs,2,1,H,8,2
2024-09-07,E3,Bradford,Carlisle,2,1,H,4,6
2024-09-07,E3,Notts County,Accrington,2,0,H,8,3
2024-09-07,E3,Chesterfield,Grimsby,2,1,H,4,7
2024-09-07,E3,Crewe,Morecambe,1,0,H,2,3
2024-09-07,E3,Doncaster,Gillingham,1,0,H,3,1
2024-09-07,E3,Milton Keynes Dons,Walsall,1,0,H,5,2
2024-09-07,E3,Newport County,Port Vale,1,4,A,3,7
2024-09-07,E3,Cheltenham,Harrogate,1,0,H,4,5
2024-09-12,E3,Harrogate,Doncaster,2,0,H,4,5
2024-09-13,E1,Hull,Sheffield United,0,2,A,2,4
2024-09-14,E2,Bolton,Huddersfield,0,4,A,1,5
2024-09-14,E0,Southampton,Man United,0,3,A,4,10
2024-09-14,E0,Brighton,Ipswich,0,0,D,6,1
2024-09-14,E0,Crystal Palace,Leicester,2,2,D,4,4
2024-09-14,E0,Fulham,West Ham,1,1,D,5,3
2024-09-14,E0,Liverpool,Nott'm Forest,0,1,A,5,3
2024-09-14,E0,Man City,Brentford,2,1,H,7,5
2024-09-14,E0,Aston Villa,Everton,3,2,H,8,2
2024-09-14,E0,Bournemouth,Chelsea,0,1,A,7,3
2024-09-14,E2,Mansfield,Cambridge,2,1,H,6,5
2024-09-14,E2,Northampton,Wycombe,1,2,A,3,4
2024-09-14,E2,Shrewsbury,Charlton,0,1,A,3,2
2024-09-14,E2,Stevenage,Barnsley,3,0,H,4,4
2024-09-14,E2,Peterboro,Lincoln,1,1,D,5,5
2024-09-14,E2,Crawley Town,Stockport,1,1,D,3,4
2024-09-14,E2,Bristol Rvs,Wigan,0,4,A,2,8
2024-09-14,E2,Blackpool,Exeter,2,1,H,7,3
2024-09-14,E2,Rotherham,Burton,2,2,D,5,3
2024-09-14,E2,Reading,Leyton Orient,0,1,A,4,3
2024-09-14,E3,Swindon,Newport County,4,0,H,6,0
2024-09-14,E1,Oxford,Stoke,1,0,H,8,1
2024-09-14,E1,Blackburn,Bristol City,3,0,H,3,2
2024-09-14,E1,Derby,Cardiff,1,0,H,3,3
2024-09-14,E1,Middlesbrough,Preston,1,1,D,6,2
2024-09-14,E1,Plymouth,Sunderland,3,2,H,6,7
2024-09-14,E1,Sheffield Weds,QPR,1,1,D,2,4
2024-09-14,E1,Swansea,Norwich,1,0,H,4,3
2024-09-14,E1,Watford,Coventry,1,1,D,6,5
2024-09-14,E1,Millwall,Luton,0,1,A,3,6
2024-09-14,E1,Leeds,Burnley,0,1,A,4,3
2024-09-14,E3,Walsall,Bradford,2,1,H,6,2
2024-09-14,E3,Salford,Cheltenham,2,1,H,3,3
2024-09-14,E3,Port Vale,Chesterfield,1,0,H,4,0
2024-09-14,E3,Morecambe,Colchester,3,3,D,3,8
2024-09-14,E3,Grimsby,Barrow,1,2,A,3,6
2024-09-14,E3,Gillingham,Tranmere,3,0,H,5,4
2024-09-14,E3,Carlisle,Fleetwood Town,2,3,A,5,4
2024-09-14,E3,Bromley,Notts County,2,4,A,7,8
2024-09-14,E3,Accrington,Crewe,0,1,A,1,3
2024-09-14,E3,AFC Wimbledon,Milton Keynes Dons,3,0,H,8,2
2024-09-15,E0,Tottenham,Arsenal,0,1,A,5,4
2024-09-15,E0,Wolves,Newcastle,1,2,A,5,6
2024-09-15,E1,Portsmouth,West Brom,0,3,A,0,7
2024-09-16,E2,Birmingham,Wrexham,3,1,H,6,3
2024-09-20,E1,Stoke,Hull,1,3,A,2,3
2024-09-21,E2,Exeter,Stevenage,2,0,H,3,0
2024-09-21,E1,Cardiff,Leeds,0,2,A,2,7
2024-09-21,E3,Barrow,Newport County,2,0,H,9,0
2024-09-21,E3,Chesterfield,Cheltenham,1,1,D,5,3
2024-09-21,E0,West Ham,Chelsea,0,3,A,7,5
2024-09-21,E0,Aston Villa,Wolves,3,1,H,4,4
2024-09-21,E0,Leicester,Everton,1,1,D,2,5
2024-09-21,E0,Liverpool,Bournemouth,3,0,H,13,6
2024-09-21,E1,Burnley,Portsmouth,2,1,H,4,2
2024-09-21,E0,Southampton,Ipswich,1,1,D,3,6
2024-09-21,E0,Crystal Palace,Man United,0,0,D,4,6
2024-09-21,E3,Accrington,Port Vale,2,2,D,4,6
2024-09-21,E2,Stockport,Leyton Orient,1,4,A,3,5
2024-09-21,E2,Wrexham,Crawley Town,2,1,H,3,7
2024-09-21,E2,Wycombe,Cambridge,2,1,H,6,2
2024-09-21,E1,Coventry,Swansea,1,2,A,7,4
2024-09-21,E1,Luton,Sheffield Weds,2,1,H,3,6
2024-09-21,E1,Sheffield United,Derby,1,0,H,5,0
2024-09-21,E1,West Brom,Plymouth,1,0,H,4,4
2024-09-21,E0,Tottenham,Brentford,3,1,H,10,6
2024-09-21,E1,Bristol City,Oxford,2,1,H,6,2
2024-09-21,E0,Fulham,Newcastle,3,1,H,11,4
2024-09-21,E1,QPR,Millwall,1,1,D,2,5
2024-09-21,E2,Bolton,Reading,5,2,H,8,6
2024-09-21,E1,Sunderland,Middlesbrough,1,0,H,2,1
2024-09-21,E2,Huddersfield,Northampton,1,3,A,4,3
2024-09-21,E2,Mansfield,Shrewsbury,2,1,H,5,5
2024-09-21,E2,Peterboro,Bristol Rvs,3,2,H,8,4
2024-09-21,E2,Rotherham,Birmingham,0,2,A,1,4
2024-09-21,E2,Lincoln,Wigan,0,0,D,4,1
2024-09-21,E2,Burton,Barnsley,1,2,A,3,6
2024-09-21,E3,Swindon,Carlisle,0,2,A,2,2
2024-09-21,E2,Charlton,Blackpool,1,2,A,6,4
2024-09-21,E3,Notts County,Gillingham,0,1,A,3,5
2024-09-21,E3,Milton Keynes Dons,Doncaster,1,1,D,3,6
2024-09-21,E3,Grimsby,Bromley,1,0,H,3,2
2024-09-21,E3,Crewe,Harrogate,3,0,H,6,5
2024-09-21,E3,Colchester,Tranmere,3,0,H,8,6
2024-09-21,E3,Bradford,AFC Wimbledon,0,0,D,5,0
2024-09-21,E1,Norwich,Watford,4,1,H,8,3
2024-09-21,E3,Salford,Walsall,0,2,A,2,6
2024-09-22,E0,Brighton,Nott'm Forest,2,2,D,3,3
2024-09-22,E0,Man City,Arsenal,2,2,D,11,3
2024-09-22,E1,Preston,Blackburn,0,0,D,5,3
2024-09-23,E3,Fleetwood Town,Morecambe,2,2,D,12,4
2024-09-24,E2,Huddersfield,Blackpool,0,2,A,2,3
2024-09-24,E2,Wigan,Stevenage,0,0,D,2,1
2024-09-24,E2,Leyton Orient,Peterboro,2,2,D,5,3
2024-09-27,E3,Tranmere,Salford,0,0,D,6,3
2024-09-27,E1,Plymouth,Luton,3,1,H,6,2
2024-09-28,E2,Birmingham,Peterboro,3,2,H,4,3
2024-09-28,E2,Crawley Town,Bolton,0,2,A,3,6
2024-09-28,E2,Wigan,Exeter,0,0,D,6,0
2024-09-28,E2,Blackpool,Burton,3,0,H,6,3
2024-09-28,E2,Bristol Rvs,Wycombe,1,2,A,1,5
2024-09-28,E2,Cambridge,Lincoln,0,2,A,2,4
2024-09-28,E2,Leyton Orient,Wrexham,0,0,D,1,2
2024-09-28,E2,Northampton,Mansfield,0,2,A,8,3
2024-09-28,E2,Shrewsbury,Rotherham,1,1,D,1,1
2024-09-28,E2,Stevenage,Charlton,1,0,H,3,2
2024-09-28,E2,Reading,Huddersfield,2,1,H,2,7
2024-09-28,E2,Barnsley,Stockport,1,1,D,5,6
2024-09-28,E0,Newcastle,Man City,1,1,D,4,6
2024-09-28,E0,Nott'm Forest,Fulham,0,1,A,1,2
2024-09-28,E3,Port Vale,Swindon,2,1,H,6,1
2024-09-28,E0,Arsenal,Leicester,4,2,H,16,3
2024-09-28,E0,Brentford,West Ham,1,1,D,3,3
2024-09-28,E0,Chelsea,Brighton,4,2,H,7,5
2024-09-28,E0,Everton,Crystal Palace,2,1,H,2,5
2024-09-28,E1,Watford,Sunderland,2,1,H,5,5
2024-09-28,E0,Wolves,Liverpool,1,2,A,3,6
2024-09-28,E3,Gillingham,Barrow,2,0,H,4,3
2024-09-28,E3,Doncaster,Chesterfield,0,3,A,1,4
2024-09-28,E3,Cheltenham,Fleetwood Town,0,2,A,1,5
2024-09-28,E1,Blackburn,QPR,2,0,H,12,1
2024-09-28,E1,Derby,Norwich,2,3,A,5,5
2024-09-28,E1,Sheffield Weds,West Brom,3,2,H,5,3
2024-09-28,E1,Hull,Cardiff,4,1,H,9,5
2024-09-28,E1,Leeds,Coventry,3,0,H,8,2
2024-09-28,E1,Middlesbrough,Stoke,2,0,H,9,1
2024-09-28,E1,Millwall,Preston,3,1,H,6,4
2024-09-28,E1,Oxford,Burnley,0,0,D,1,1
2024-09-28,E1,Portsmouth,Sheffield United,0,0,D,2,4
2024-09-28,E3,Carlisle,Grimsby,2,3,A,4,6
2024-09-28,E3,Bromley,Milton Keynes Dons,1,1,D,4,4
2024-09-28,E3,Walsall,Colchester,4,0,H,6,0
2024-09-28,E3,Harrogate,Bradford,2,1,H,5,1
2024-09-28,E3,Newport County,Crewe,2,1,H,2,3
2024-09-28,E3,Morecambe,Notts County,1,1,D,8,4
2024-09-29,E1,Swansea,Bristol City,1,1,D,2,6
2024-09-29,E0,Ipswich,Aston Villa,2,2,D,5,3
2024-09-29,E0,Man United,Tottenham,0,3,A,2,10
2024-09-30,E0,Bournemouth,Southampton,3,1,H,6,3
2024-10-01,E1,Norwich,Leeds,1,1,D,1,3
2024-10-01,E1,Luton,Oxford,2,2,D,4,8
2024-10-01,E1,Coventry,Blackburn,3,0,H,8,3
2024-10-01,E1,Burnley,Plymouth,1,0,H,3,0
2024-10-01,E1,Sunderland,Derby,2,0,H,3,5
2024-10-01,E1,West Brom,Middlesbrough,0,1,A,1,4
2024-10-01,E1,QPR,Hull,1,3,A,7,6
2024-10-01,E1,Cardiff,Millwall,1,0,H,5,5
2024-10-01,E2,Blackpool,Lincoln,1,1,D,6,2
2024-10-01,E2,Barnsley,Wycombe,2,2,D,4,4
2024-10-01,E3,Port Vale,Colchester,1,1,D,4,2
2024-10-01,E3,Newport County,Salford,3,1,H,6,2
2024-10-01,E3,Morecambe,Bradford,1,1,D,4,3
2024-10-01,E3,Harrogate,Milton Keynes Dons,1,5,A,5,10
2024-10-01,E3,Gillingham,Grimsby,0,1,A,2,1
2024-10-01,E3,Doncaster,Barrow,1,0,H,4,1
2024-10-01,E3,Cheltenham,Accrington,2,1,H,5,3
2024-10-01,E3,Carlisle,Notts County,0,2,A,7,3
2024-10-01,E3,Bromley,Chesterfield,2,2,D,4,3
2024-10-01,E3,Tranmere,Swindon,1,1,D,3,2
2024-10-01,E3,Walsall,Fleetwood Town,2,6,A,3,7
2024-10-01,E2,Stevenage,Wrexham,1,0,H,3,1
2024-10-01,E2,Birmingham,Huddersfield,1,0,H,5,2
2024-10-01,E2,Bristol Rvs,Charlton,3,2,H,5,6
2024-10-01,E2,Cambridge,Rotherham,0,1,A,4,2
2024-10-01,E2,Wigan,Peterboro,3,0,H,4,3
2024-10-01,E2,Crawley Town,Mansfield,0,2,A,3,4
2024-10-01,E2,Leyton Orient,Exeter,0,1,A,5,2
2024-10-01,E2,Northampton,Bolton,2,4,A,7,6
2024-10-01,E2,Shrewsbury,Stockport,0,2,A,0,8
2024-10-01,E2,Reading,Burton,3,1,H,5,4
2024-10-02,E1,Bristol City,Sheffield Weds,0,0,D,2,1
2024-10-02,E1,Preston,Watford,3,0,H,6,6
2024-10-02,E1,Sheffield United,Swansea,1,0,H,3,1
2024-10-02,E1,Stoke,Portsmouth,6,1,H,8,2
2024-10-04,E1,Sunderland,Leeds,2,2,D,4,4
2024-10-05,E2,Wrexham,Northampton,4,1,H,8,6
2024-10-05,E2,Stockport,Wigan,0,0,D,4,0
2024-10-05,E0,Brentford,Wolves,5,3,H,12,6
2024-10-05,E0,Crystal Palace,Liverpool,0,1,A,5,4
2024-10-05,E2,Wycombe,Crawley Town,1,0,H,4,3
2024-10-05,E0,Arsenal,Southampton,3,1,H,6,2
2024-10-05,E3,Crewe,Gillingham,2,0,H,6,1
2024-10-05,E3,Grimsby,Doncaster,0,3,A,3,5
2024-10-05,E1,Coventry,Sheffield Weds,1,2,A,2,5
2024-10-05,E1,Portsmouth,Oxford,1,1,D,8,3
2024-10-05,E1,Norwich,Hull,4,0,H,9,5
2024-10-05,E1,Burnley,Preston,0,0,D,1,2
2024-10-05,E1,Sheffield United,Luton,2,0,H,7,2
2024-10-05,E3,Swindon,Harrogate,0,0,D,2,1
2024-10-05,E3,Fleetwood Town,Bromley,0,0,D,2,4
2024-10-05,E3,Salford,AFC Wimbledon,1,0,H,4,1
2024-10-05,E3,Milton Keynes Dons,Tranmere,1,1,D,4,3
2024-10-05,E0,Leicester,Bournemouth,1,0,H,2,2
2024-10-05,E3,Colchester,Carlisle,0,0,D,4,1
2024-10-05,E3,Chesterfield,Walsall,2,2,D,2,5
2024-10-05,E3,Barrow,Cheltenham,2,1,H,4,5
2024-10-05,E3,Accrington,Morecambe,2,1,H,3,2
2024-10-05,E3,Notts County,Port Vale,0,1,A,3,3
2024-10-05,E0,Man City,Fulham,3,2,H,7,4
2024-10-05,E1,Plymouth,Blackburn,2,1,H,7,4
2024-10-05,E0,Everton,Newcastle,0,0,D,2,3
2024-10-05,E1,West Brom,Millwall,0,0,D,3,4
2024-10-05,E1,Watford,Middlesbrough,2,1,H,4,5
2024-10-05,E2,Rotherham,Reading,2,1,H,6,1
2024-10-05,E2,Mansfield,Blackpool,2,0,H,3,2
2024-10-05,E2,Lincoln,Leyton Orient,2,1,H,3,4
2024-10-05,E2,Exeter,Cambridge,1,0,H,4,4
2024-10-05,E2,Charlton,Birmingham,1,0,H,1,0
2024-10-05,E2,Burton,Bristol Rvs,1,3,A,6,6
2024-10-05,E2,Bolton,Shrewsbury,2,2,D,4,2
2024-10-05,E0,West Ham,Ipswich,4,1,H,13,2
2024-10-05,E1,Swansea,Stoke,0,0,D,5,4
2024-10-05,E2,Peterboro,Stevenage,2,1,H,3,7
2024-10-05,E2,Huddersfield,Barnsley,2,0,H,8,2
2024-10-05,E1,Derby,QPR,2,0,H,5,3
2024-10-06,E0,Chelsea,Nott'm Forest,1,1,D,8,9
2024-10-06,E1,Bristol City,Cardiff,1,1,D,2,2
2024-10-06,E0,Aston Villa,Man United,0,0,D,1,4
2024-10-06,E0,Brighton,Tottenham,3,2,H,4,3
2024-10-07,E3,Bradford,Newport County,3,1,H,5,2
2024-10-12,E3,Chesterfield,Notts County,2,2,D,6,6
2024-10-12,E3,AFC Wimbledon,Carlisle,4,0,H,4,1
2024-10-12,E3,Cheltenham,Swindon,2,3,A,3,4
2024-10-12,E3,Doncaster,Crewe,1,1,D,5,2
2024-10-12,E3,Gillingham,Accrington,1,2,A,2,7
2024-10-12,E3,Harrogate,Newport County,1,0,H,3,1
2024-10-12,E3,Milton Keynes Dons,Port Vale,0,1,A,3,6
2024-10-12,E3,Salford,Grimsby,1,2,A,10,4
2024-10-12,E3,Tranmere,Bradford,0,2,A,2,3
2024-10-12,E3,Barrow,Morecambe,0,1,A,5,3
2024-10-12,E2,Peterboro,Rotherham,3,3,D,6,6
2024-10-12,E2,Crawley Town,Shrewsbury,3,5,A,5,6
2024-10-17,E2,Shrewsbury,Exeter,0,2,A,5,4
2024-10-18,E1,Leeds,Sheffield United,2,0,H,4,0
2024-10-18,E3,Newport County,Chesterfield,0,3,A,4,3
2024-10-19,E3,Accrington,Barrow,1,0,H,2,2
2024-10-19,E3,Bradford,Gillingham,2,1,H,6,3
2024-10-19,E3,Bromley,Tranmere,1,2,A,8,3
2024-10-19,E3,Carlisle,Harrogate,1,1,D,9,2
2024-10-19,E3,Colchester,Cheltenham,1,2,A,4,4
2024-10-19,E1,Stoke,Norwich,1,1,D,5,4
2024-10-19,E3,Grimsby,Walsall,1,4,A,5,4
2024-10-19,E3,Morecambe,Milton Keynes Dons,1,3,A,4,9
2024-10-19,E3,Notts County,AFC Wimbledon,1,0,H,3,8
2024-10-19,E3,Port Vale,Fleetwood Town,3,1,H,3,3
2024-10-19,E3,Swindon,Doncaster,1,2,A,3,5
2024-10-19,E3,Crewe,Salford,1,1,D,3,5
2024-10-19,E1,Sheffield Weds,Burnley,0,2,A,3,6
2024-10-19,E1,Millwall,Derby,1,1,D,6,1
2024-10-19,E0,Tottenham,West Ham,4,1,H,7,4
2024-10-19,E0,Fulham,Aston Villa,1,3,A,4,5
2024-10-19,E0,Ipswich,Everton,0,2,A,2,8
2024-10-19,E2,Reading,Crawley Town,4,1,H,6,8
2024-10-19,E2,Wycombe,Peterboro,3,1,H,8,3
2024-10-19,E2,Blackpool,Barnsley,1,2,A,5,2
2024-10-19,E2,Bolton,Burton,2,1,H,5,4
2024-10-19,E2,Cambridge,Wigan,2,0,H,4,2
2024-10-19,E2,Charlton,Stockport,1,1,D,7,2
2024-10-19,E2,Huddersfield,Bristol Rvs,3,1,H,10,1
2024-10-19,E2,Lincoln,Birmingham,1,3,A,3,4
2024-10-19,E1,QPR,Portsmouth,1,2,A,8,3
2024-10-19,E2,Northampton,Leyton Orient,1,0,H,1,1
2024-10-19,E2,Mansfield,Stevenage,0,1,A,3,6
2024-10-19,E2,Rotherham,Wrexham,0,1,A,6,7
2024-10-19,E1,Cardiff,Plymouth,5,0,H,11,2
2024-10-19,E0,Southampton,Leicester,2,3,A,7,4
2024-10-19,E0,Bournemouth,Arsenal,2,0,H,4,1
2024-10-19,E1,Oxford,West Brom,1,1,D,3,3
2024-10-19,E0,Newcastle,Brighton,0,1,A,6,5
2024-10-19,E1,Luton,Watford,3,0,H,5,1
2024-10-19,E0,Man United,Brentford,2,1,H,11,2
2024-10-19,E1,Preston,Coventry,1,0,H,3,1
2024-10-19,E1,Blackburn,Swansea,1,0,H,3,2
2024-10-19,E1,Middlesbrough,Bristol City,0,2,A,2,3
2024-10-20,E0,Wolves,Man City,1,2,A,2,7
2024-10-20,E1,Hull,Sunderland,0,1,A,0,2
2024-10-20,E0,Liverpool,Chelsea,2,1,H,5,2
2024-10-21,E0,Nott'm Forest,Crystal Palace,1,0,H,6,7
2024-10-22,E3,Tranmere,Grimsby,0,1,A,4,2
2024-10-22,E3,Salford,Swindon,2,1,H,4,2
2024-10-22,E3,Walsall,Carlisle,3,1,H,6,2
2024-10-22,E1,QPR,Coventry,1,1,D,5,3
2024-10-22,E3,Fleetwood Town,Crewe,0,1,A,5,2
2024-10-22,E3,Chesterfield,Colchester,1,1,D,8,1
2024-10-22,E3,Cheltenham,Bradford,1,1,D,6,5
2024-10-22,E3,Barrow,Notts County,1,1,D,7,5
2024-10-22,E3,AFC Wimbledon,Morecambe,3,0,H,9,2
2024-10-22,E1,Cardiff,Portsmouth,2,0,H,10,2
2024-10-22,E1,Leeds,Watford,2,1,H,7,3
2024-10-22,E1,Oxford,Derby,1,1,D,3,4
2024-10-22,E1,Preston,Norwich,2,2,D,2,3
2024-10-22,E1,Sheffield Weds,Swansea,0,0,D,0,1
2024-10-22,E1,Stoke,Bristol City,2,2,D,6,10
2024-10-22,E3,Gillingham,Newport County,0,2,A,5,3
2024-10-22,E3,Doncaster,Bromley,0,1,A,8,3
2024-10-22,E3,Harrogate,Port Vale,0,1,A,3,4
2024-10-22,E2,Leyton Orient,Rotherham,1,0,H,5,2
2024-10-22,E2,Exeter,Reading,1,2,A,5,5
2024-10-22,E2,Crawley Town,Lincoln,3,0,H,4,2
2024-10-22,E2,Burton,Wycombe,2,3,A,2,5
2024-10-22,E2,Bristol Rvs,Shrewsbury,1,0,H,5,4
2024-10-22,E2,Birmingham,Bolton,2,0,H,5,1
2024-10-22,E2,Barnsley,Charlton,2,2,D,9,5
2024-10-22,E2,Wrexham,Huddersfield,0,0,D,1,3
2024-10-22,E2,Wigan,Mansfield,1,2,A,4,2
2024-10-22,E2,Stockport,Northampton,1,1,D,3,3
2024-10-22,E2,Peterboro,Blackpool,5,1,H,6,4
2024-10-22,E3,Milton Keynes Dons,Accrington,2,1,H,2,6
2024-10-22,E2,Stevenage,Cambridge,0,2,A,4,6
2024-10-23,E1,Hull,Burnley,1,1,D,2,5
2024-10-23,E1,Middlesbrough,Sheffield United,1,0,H,6,5
2024-10-23,E1,Millwall,Plymouth,1,0,H,6,2
2024-10-23,E1,Luton,Sunderland,1,2,A,4,5
2024-10-23,E1,Blackburn,West Brom,0,0,D,2,4
2024-10-25,E1,Portsmouth,Sheffield Weds,1,2,A,2,3
2024-10-25,E0,Leicester,Nott'm Forest,1,3,A,1,5
2024-10-26,E3,Swindon,Gillingham,1,1,D,1,3
2024-10-26,E2,Reading,Bristol Rvs,1,0,H,6,4
2024-10-26,E2,Bolton,Peterboro,1,0,H,7,2
2024-10-26,E2,Cambridge,Burton,1,0,H,4,5
2024-10-26,E2,Charlton,Wrexham,2,2,D,7,2
2024-10-26,E2,Huddersfield,Exeter,2,0,H,4,1
2024-10-26,E2,Lincoln,Stockport,2,1,H,5,2
2024-10-26,E2,Northampton,Crawley Town,3,0,H,4,3
2024-10-26,E2,Rotherham,Stevenage,2,0,H,5,1
2024-10-26,E3,Crewe,Tranmere,3,1,H,6,3
2024-10-26,E3,Grimsby,Milton Keynes Dons,1,3,A,5,5
2024-10-26,E3,Newport County,Fleetwood Town,0,0,D,3,3
2024-10-26,E2,Mansfield,Birmingham,1,1,D,5,4
2024-10-26,E3,Notts County,Harrogate,1,0,H,7,2
2024-10-26,E2,Shrewsbury,Barnsley,0,2,A,1,6
2024-10-26,E2,Wycombe,Leyton Orient,3,0,H,5,2
2024-10-26,E3,Port Vale,AFC Wimbledon,3,2,H,4,5
2024-10-26,E1,West Brom,Cardiff,0,0,D,4,0
2024-10-26,E0,Brighton,Wolves,2,2,D,6,7
2024-10-26,E1,Sunderland,Oxford,2,0,H,6,2
2024-10-26,E0,Man City,Southampton,1,0,H,8,2
2024-10-26,E0,Everton,Fulham,1,1,D,5,3
2024-10-26,E0,Aston Villa,Bournemouth,1,1,D,8,3
2024-10-26,E3,Bromley,Barrow,1,1,D,4,5
2024-10-26,E3,Bradford,Doncaster,1,2,A,4,7
2024-10-26,E3,Accrington,Walsall,0,0,D,1,5
2024-10-26,E3,Morecambe,Chesterfield,2,5,A,4,6
2024-10-26,E1,Swansea,Millwall,0,1,A,5,2
2024-10-26,E3,Colchester,Salford,1,2,A,3,5
2024-10-26,E1,Bristol City,Leeds,0,0,D,0,5
2024-10-26,E1,Coventry,Luton,3,2,H,10,5
2024-10-26,E1,Watford,Blackburn,1,0,H,1,2
2024-10-26,E1,Burnley,QPR,0,0,D,4,0
2024-10-26,E1,Derby,Hull,1,1,D,3,5
2024-10-26,E0,Brentford,Ipswich,4,3,H,9,5
2024-10-26,E1,Sheffield United,Stoke,2,0,H,6,3
2024-10-26,E3,Carlisle,Cheltenham,0,1,A,1,4
2024-10-26,E1,Plymouth,Preston,3,3,D,6,8
2024-10-27,E0,Arsenal,Liverpool,2,2,D,3,4
2024-10-27,E0,Chelsea,Newcastle,2,1,H,7,3
2024-10-27,E0,Crystal Palace,Tottenham,1,0,H,6,3
2024-10-27,E0,West Ham,Man United,2,1,H,3,5
2024-10-27,E1,Norwich,Middlesbrough,3,3,D,3,8
2024-10-28,E2,Blackpool,Wigan,2,2,D,6,5
2024-10-29,E2,Stevenage,Bolton,1,4,A,5,6
2024-10-29,E3,Fleetwood Town,Salford,2,2,D,4,3
2024-10-29,E2,Lincoln,Northampton,2,1,H,5,3
2024-10-29,E2,Stockport,Reading,4,1,H,9,1
2024-11-01,E1,Luton,West Brom,1,1,D,5,3
2024-11-02,E0,Wolves,Crystal Palace,2,2,D,6,7
2024-11-02,E1,Sheffield Weds,Watford,2,6,A,6,8
2024-11-02,E0,Bournemouth,Man City,2,1,H,6,4
2024-11-02,E0,Newcastle,Arsenal,1,0,H,4,1
2024-11-02,E0,Ipswich,Leicester,1,1,D,2,6
2024-11-02,E1,QPR,Sunderland,0,0,D,3,1
2024-11-02,E1,Preston,Bristol City,1,3,A,2,3
2024-11-02,E1,Middlesbrough,Coventry,0,3,A,1,4
2024-11-02,E1,Leeds,Plymouth,3,0,H,7,0
2024-11-02,E0,Southampton,Everton,1,0,H,2,5
2024-11-02,E1,Hull,Portsmouth,1,1,D,3,5
2024-11-02,E1,Stoke,Derby,2,1,H,4,3
2024-11-02,E1,Oxford,Swansea,1,2,A,2,5
2024-11-02,E1,Blackburn,Sheffield United,0,2,A,0,9
2024-11-02,E0,Nott'm Forest,West Ham,3,0,H,6,2
2024-11-02,E0,Liverpool,Brighton,2,1,H,8,5
2024-11-02,E1,Cardiff,Norwich,2,1,H,5,6
2024-11-03,E1,Millwall,Burnley,1,0,H,3,0
2024-11-03,E0,Man United,Chelsea,1,1,D,4,3
2024-11-03,E0,Tottenham,Aston Villa,4,1,H,6,1
2024-11-04,E0,Fulham,Brentford,2,1,H,12,2
2024-11-05,E1,Bristol City,Sheffield United,1,2,A,2,4
2024-11-05,E1,QPR,Middlesbrough,1,4,A,5,8
2024-11-05,E1,Sheffield Weds,Norwich,2,0,H,5,3
2024-11-05,E1,Plymouth,Portsmouth,1,0,H,4,4
2024-11-05,E2,Burton,Crawley Town,0,0,D,3,2
2024-11-05,E1,Swansea,Watford,1,0,H,3,0
2024-11-05,E1,Oxford,Hull,1,0,H,2,2
2024-11-05,E2,Stockport,Wycombe,0,5,A,0,10
2024-11-06,E1,Coventry,Derby,1,2,A,3,1
2024-11-06,E1,Luton,Cardiff,1,0,H,3,3
2024-11-06,E1,Millwall,Leeds,1,0,H,3,4
2024-11-06,E1,Preston,Sunderland,0,0,D,2,2
2024-11-06,E1,Blackburn,Stoke,0,2,A,8,7
2024-11-07,E1,West Brom,Burnley,0,0,D,1,4
2024-11-08,E1,Watford,Oxford,1,0,H,8,3
2024-11-08,E2,Barnsley,Rotherham,2,0,H,6,2
2024-11-09,E0,Brentford,Bournemouth,3,2,H,6,3
2024-11-09,E0,Crystal Palace,Fulham,0,2,A,5,7
2024-11-09,E0,West Ham,Everton,0,0,D,6,4
2024-11-09,E0,Wolves,Southampton,2,0,H,4,0
2024-11-09,E0,Brighton,Man City,2,1,H,4,6
2024-11-09,E2,Burton,Shrewsbury,2,0,H,5,2
2024-11-09,E2,Stockport,Bolton,5,0,H,10,0
2024-11-09,E2,Stevenage,Reading,1,1,D,2,9
2024-11-09,E2,Peterboro,Cambridge,6,1,H,9,2
2024-11-09,E2,Leyton Orient,Blackpool,3,0,H,8,3
2024-11-09,E2,Exeter,Charlton,1,0,H,1,1
2024-11-09,E2,Crawley Town,Huddersfield,2,2,D,2,6
2024-11-09,E2,Bristol Rvs,Lincoln,1,1,D,1,3
2024-11-09,E2,Birmingham,Northampton,1,1,D,3,3
2024-11-09,E2,Wrexham,Mansfield,1,0,H,2,4
2024-11-09,E0,Liverpool,Aston Villa,2,0,H,5,2
2024-11-09,E2,Wigan,Wycombe,0,1,A,4,5
2024-11-09,E3,Fleetwood Town,Bradford,1,0,H,1,4
2024-11-09,E3,Salford,Carlisle,0,1,A,3,1
2024-11-09,E3,Tranmere,Newport County,2,1,H,5,2
2024-11-09,E3,Milton Keynes Dons,Swindon,3,1,H,11,3
2024-11-09,E3,AFC Wimbledon,Grimsby,0,1,A,5,3
2024-11-09,E3,Gillingham,Port Vale,1,0,H,1,0
2024-11-09,E3,Doncaster,Notts County,1,1,D,6,4
2024-11-09,E3,Chesterfield,Accrington,0,3,A,4,5
2024-11-09,E3,Cheltenham,Bromley,1,1,D,5,5
2024-11-09,E3,Walsall,Crewe,1,1,D,2,1
2024-11-09,E3,Barrow,Colchester,1,1,D,2,3
2024-11-09,E1,Portsmouth,Preston,3,1,H,6,1
2024-11-09,E1,Norwich,Bristol City,0,2,A,3,2
2024-11-09,E1,Leeds,QPR,2,0,H,6,0
2024-11-09,E1,Derby,Plymouth,1,1,D,4,2
2024-11-09,E1,Stoke,Millwall,1,1,D,3,1
2024-11-09,E1,Middlesbrough,Luton,5,1,H,6,3
2024-11-09,E1,Cardiff,Blackburn,1,3,A,8,7
2024-11-09,E1,Sunderland,Coventry,2,2,D,5,3
2024-11-09,E3,Harrogate,Morecambe,1,2,A,6,3
2024-11-10,E0,Tottenham,Ipswich,1,2,A,5,3
2024-11-10,E0,Chelsea,Arsenal,1,1,D,3,3
2024-11-10,E0,Nott'm Forest,Newcastle,1,3,A,3,6
2024-11-10,E0,Man United,Leicester,3,0,H,3,5
2024-11-10,E1,Burnley,Swansea,1,0,H,7,4
2024-11-10,E1,Hull,West Brom,1,2,A,3,3
2024-11-10,E1,Sheffield United,Sheffield Weds,1,0,H,1,0
2024-11-16,E2,Bristol Rvs,Crawley Town,0,0,D,3,3
2024-11-16,E2,Stockport,Wrexham,1,0,H,7,1
2024-11-16,E2,Exeter,Lincoln,0,0,D,1,3
2024-11-16,E2,Blackpool,Northampton,0,0,D,4,4
2024-11-16,E2,Cambridge,Barnsley,1,1,D,3,4
2024-11-16,E3,Accrington,Swindon,2,2,D,7,3
2024-11-16,E3,Crewe,Notts County,2,0,H,3,3
2024-11-16,E3,Doncaster,Salford,1,1,D,1,3
2024-11-16,E3,Harrogate,Chesterfield,2,1,H,4,4
2024-11-16,E3,Milton Keynes Dons,Cheltenham,3,2,H,5,4
2024-11-16,E3,Morecambe,Port Vale,0,1,A,0,2
2024-11-16,E3,Newport County,Grimsby,0,0,D,6,2
2024-11-16,E3,Barrow,AFC Wimbledon,1,3,A,5,7
2024-11-16,E3,Colchester,Bradford,1,1,D,3,1
2024-11-16,E3,Bromley,Carlisle,1,1,D,2,5
2024-11-19,E3,AFC Wimbledon,Accrington,2,2,D,4,3
2024-11-22,E1,Plymouth,Watford,2,2,D,3,5
2024-11-22,E3,Cheltenham,Tranmere,1,0,H,4,4
2024-11-23,E3,Grimsby,Colchester,0,1,A,3,5
2024-11-23,E0,Arsenal,Nott'm Forest,3,0,H,7,0
2024-11-23,E3,Notts County,Newport County,0,0,D,7,2
2024-11-23,E3,AFC Wimbledon,Walsall,0,1,A,4,3
2024-11-23,E1,Bristol City,Burnley,0,1,A,2,5
2024-11-23,E1,Coventry,Sheffield United,2,2,D,6,2
2024-11-23,E3,Carlisle,Doncaster,0,0,D,3,3
2024-11-23,E3,Chesterfield,Barrow,1,0,H,3,1
2024-11-23,E0,Everton,Brentford,0,0,D,5,2
2024-11-23,E0,Fulham,Wolves,1,4,A,3,5
2024-11-23,E0,Leicester,Chelsea,1,2,A,1,7
2024-11-23,E1,West Brom,Norwich,2,2,D,6,5
2024-11-23,E0,Bournemouth,Brighton,1,2,A,5,4
2024-11-23,E2,Wrexham,Exeter,3,0,H,4,3
2024-11-23,E1,QPR,Stoke,1,1,D,5,5
2024-11-23,E1,Preston,Derby,1,1,D,3,1
2024-11-23,E1,Oxford,Middlesbrough,2,6,A,7,12
2024-11-23,E1,Millwall,Sunderland,1,1,D,5,6
2024-11-23,E1,Luton,Hull,1,0,H,2,2
2024-11-23,E1,Sheffield Weds,Cardiff,1,1,D,3,4
2024-11-23,E3,Gillingham,Harrogate,1,2,A,1,3
2024-11-23,E0,Man City,Tottenham,0,4,A,5,7
2024-11-23,E0,Aston Villa,Crystal Palace,2,2,D,5,6
2024-11-23,E2,Bolton,Blackpool,2,1,H,4,2
2024-11-23,E2,Stevenage,Leyton Orient,0,0,D,1,1
2024-11-23,E2,Barnsley,Wigan,0,1,A,4,1
2024-11-23,E2,Burton,Stockport,0,3,A,1,10
2024-11-23,E2,Crawley Town,Rotherham,1,0,H,3,2
2024-11-23,E2,Huddersfield,Charlton,2,1,H,6,1
2024-11-23,E2,Lincoln,Wycombe,2,3,A,6,6
2024-11-23,E2,Mansfield,Bristol Rvs,0,1,A,4,1
2024-11-23,E2,Northampton,Cambridge,0,0,D,1,3
2024-11-23,E2,Peterboro,Reading,1,2,A,6,6
2024-11-23,E2,Shrewsbury,Birmingham,3,2,H,4,5
2024-11-23,E3,Swindon,Morecambe,2,3,A,3,6
2024-11-24,E0,Ipswich,Man United,1,1,D,6,4
2024-11-24,E0,Southampton,Liverpool,2,3,A,5,11
2024-11-24,E1,Swansea,Leeds,3,4,A,5,4
2024-11-25,E0,Newcastle,West Ham,0,2,A,2,6
2024-11-25,E3,Port Vale,Crewe,1,1,D,1,6
2024-11-26,E1,Sheffield United,Oxford,3,0,H,8,3
2024-11-26,E2,Wigan,Northampton,2,1,H,8,6
2024-11-26,E2,Leyton Orient,Huddersfield,0,2,A,3,6
2024-11-26,E2,Exeter,Birmingham,0,2,A,1,3
2024-11-26,E2,Cambridge,Bolton,1,1,D,3,4
2024-11-26,E2,Burton,Charlton,0,1,A,1,11
2024-11-26,E2,Barnsley,Reading,2,2,D,6,3
2024-11-26,E1,Hull,Sheffield Weds,0,2,A,3,4
2024-11-26,E2,Wrexham,Lincoln,1,0,H,3,1
2024-11-26,E1,Norwich,Plymouth,6,1,H,10,4
2024-11-26,E1,Stoke,Preston,0,0,D,1,3
2024-11-26,E1,Watford,Bristol City,1,0,H,1,5
2024-11-26,E1,Sunderland,West Brom,0,0,D,2,0
2024-11-26,E3,Tranmere,AFC Wimbledon,0,2,A,5,4
2024-11-26,E3,Walsall,Bromley,2,2,D,5,4
2024-11-26,E1,Burnley,Coventry,2,0,H,3,1
2024-11-26,E2,Wycombe,Mansfield,1,0,H,3,1
2024-11-26,E2,Bristol Rvs,Blackpool,0,2,A,0,5
2024-11-27,E1,Derby,Swansea,1,2,A,7,2
2024-11-27,E1,Leeds,Luton,3,0,H,11,4
2024-11-27,E1,Cardiff,QPR,0,2,A,7,5
2024-11-27,E1,Middlesbrough,Blackburn,0,1,A,2,2
2024-11-29,E1,Sheffield United,Sunderland,1,0,H,4,2
2024-11-29,E0,Brighton,Southampton,1,1,D,5,2
2024-11-30,E0,Wolves,Bournemouth,2,4,A,3,8
2024-11-30,E0,Nott'm Forest,Ipswich,1,0,H,5,3
2024-11-30,E0,Crystal Palace,Newcastle,1,1,D,4,0
2024-11-30,E3,Fleetwood Town,Colchester,0,0,D,3,1
2024-11-30,E3,Carlisle,Crewe,1,1,D,2,3
2024-11-30,E1,Swansea,Portsmouth,2,2,D,6,4
2024-11-30,E1,Middlesbrough,Hull,3,1,H,9,3
2024-11-30,E1,Oxford,Millwall,1,1,D,3,3
2024-11-30,E1,Preston,West Brom,1,1,D,6,3
2024-11-30,E1,Stoke,Burnley,0,2,A,5,4
2024-11-30,E0,Brentford,Leicester,4,1,H,6,3
2024-11-30,E1,Norwich,Luton,4,2,H,6,3
2024-11-30,E1,Watford,QPR,0,0,D,6,1
2024-11-30,E0,West Ham,Arsenal,2,5,A,5,7
2024-11-30,E1,Bristol City,Plymouth,4,0,H,12,2
2024-11-30,E1,Coventry,Cardiff,2,2,D,6,4
2024-11-30,E1,Blackburn,Leeds,1,0,H,2,5
2024-12-01,E1,Derby,Sheffield Weds,1,2,A,4,2
2024-12-01,E0,Liverpool,Man City,2,0,H,7,2
2024-12-01,E0,Tottenham,Fulham,1,1,D,3,6
2024-12-01,E0,Man United,Everton,4,0,H,5,2
2024-12-01,E0,Chelsea,Aston Villa,3,0,H,8,4
2024-12-03,E3,Grimsby,Accrington,5,2,H,6,5
2024-12-03,E3,Milton Keynes Dons,Chesterfield,3,0,H,9,3
2024-12-03,E3,Salford,Harrogate,2,0,H,4,2
2024-12-03,E3,Tranmere,Morecambe,2,2,D,2,3
2024-12-03,E3,Walsall,Notts County,3,2,H,7,6
2024-12-03,E3,Bradford,Barrow,1,1,D,4,2
2024-12-03,E3,Cheltenham,Port Vale,1,1,D,4,4
2024-12-03,E0,Leicester,West Ham,3,1,H,6,10
2024-12-03,E3,AFC Wimbledon,Newport County,2,2,D,6,4
2024-12-03,E3,Colchester,Swindon,4,0,H,9,2
2024-12-03,E2,Bolton,Mansfield,3,1,H,8,2
2024-12-03,E2,Charlton,Crawley Town,1,2,A,3,6
2024-12-03,E2,Exeter,Wycombe,2,2,D,2,6
2024-12-03,E2,Leyton Orient,Bristol Rvs,3,0,H,9,0
2024-12-03,E2,Rotherham,Lincoln,2,1,H,5,5
2024-12-03,E2,Stevenage,Northampton,2,0,H,6,0
2024-12-03,E2,Wrexham,Barnsley,1,0,H,7,2
2024-12-03,E2,Huddersfield,Wigan,1,0,H,5,2
2024-12-03,E2,Reading,Cambridge,3,0,H,9,3
2024-12-03,E0,Ipswich,Crystal Palace,0,1,A,2,3
2024-12-04,E3,Bromley,Gillingham,2,1,H,4,2
2024-12-04,E0,Southampton,Chelsea,1,5,A,4,13
2024-12-04,E0,Everton,Wolves,4,0,H,4,2
2024-12-04,E2,Shrewsbury,Blackpool,1,2,A,2,3
2024-12-04,E2,Peterboro,Burton,0,1,A,1,3
2024-12-04,E3,Fleetwood Town,Doncaster,2,4,A,2,6
2024-12-04,E0,Aston Villa,Brentford,3,1,H,10,1
2024-12-04,E2,Birmingham,Stockport,2,0,H,5,5
2024-12-04,E0,Newcastle,Liverpool,3,3,D,6,5
2024-12-04,E0,Man City,Nott'm Forest,3,0,H,7,3
2024-12-04,E0,Arsenal,Man United,2,0,H,6,2
2024-12-05,E0,Fulham,Brighton,3,1,H,2,3
2024-12-05,E0,Bournemouth,Tottenham,1,0,H,8,4
2024-12-06,E1,Burnley,Middlesbrough,1,1,D,4,5
2024-12-07,E3,Swindon,Fleetwood Town,3,1,H,4,2
2024-12-07,E3,Morecambe,Grimsby,0,3,A,4,7
2024-12-07,E3,Harrogate,AFC Wimbledon,0,3,A,1,8
2024-12-07,E3,Gillingham,Salford,1,0,H,3,5
2024-12-07,E3,Doncaster,Cheltenham,2,2,D,4,4
2024-12-07,E3,Chesterfield,Tranmere,3,0,H,8,3
2024-12-07,E1,Leeds,Derby,2,0,H,6,1
2024-12-07,E2,Mansfield,Huddersfield,1,2,A,4,4
2024-12-07,E1,Sunderland,Stoke,2,1,H,10,3
2024-12-07,E2,Stockport,Exeter,2,0,H,7,0
2024-12-07,E2,Wycombe,Reading,1,1,D,3,6
2024-12-07,E2,Burton,Wrexham,0,1,A,1,4
2024-12-07,E2,Barnsley,Birmingham,1,2,A,5,4
2024-12-07,E2,Wigan,Leyton Orient,0,2,A,1,4
2024-12-07,E2,Lincoln,Charlton,0,0,D,1,1
2024-12-07,E0,Man United,Nott'm Forest,2,3,A,7,3
2024-12-07,E1,Sheffield Weds,Preston,1,1,D,4,7
2024-12-07,E0,Brentford,Newcastle,4,2,H,8,3
2024-12-07,E0,Aston Villa,Southampton,1,0,H,5,0
2024-12-07,E3,Port Vale,Walsall,0,1,A,1,4
2024-12-07,E3,Crewe,Bradford,1,1,D,2,2
2024-12-07,E0,Crystal Palace,Man City,2,2,D,3,4
2024-12-07,E3,Accrington,Bromley,1,2,A,2,3
2024-12-07,E1,Hull,Blackburn,0,1,A,6,1
2024-12-07,E1,Luton,Swansea,1,1,D,2,10
2024-12-07,E1,Millwall,Coventry,0,1,A,0,3
2024-12-07,E2,Cambridge,Shrewsbury,4,1,H,6,4
2024-12-07,E1,Portsmouth,Bristol City,3,0,H,8,2
2024-12-07,E1,QPR,Norwich,3,0,H,5,1
2024-12-08,E0,Fulham,Arsenal,1,1,D,2,4
2024-12-08,E0,Ipswich,Bournemouth,1,2,A,5,6
2024-12-08,E0,Leicester,Brighton,2,2,D,3,7
2024-12-08,E0,Tottenham,Chelsea,3,4,A,5,8
2024-12-08,E1,West Brom,Sheffield United,2,2,D,4,5
2024-12-09,E2,Northampton,Peterboro,2,1,H,3,4
2024-12-09,E0,West Ham,Wolves,2,1,H,4,5
2024-12-10,E1,Sheffield Weds,Blackburn,0,1,A,4,3
2024-12-10,E1,Burnley,Derby,0,0,D,4,1
2024-12-10,E1,Luton,Stoke,2,1,H,8,4
2024-12-10,E1,Plymouth,Swansea,1,2,A,2,2
2024-12-10,E1,Portsmouth,Norwich,0,0,D,1,4
2024-12-10,E1,Leeds,Middlesbrough,3,1,H,5,2
2024-12-10,E1,Sunderland,Bristol City,1,1,D,5,2
2024-12-11,E1,QPR,Oxford,2,0,H,4,1
2024-12-11,E1,Cardiff,Preston,0,2,A,4,4
2024-12-11,E1,Hull,Watford,1,1,D,4,2
2024-12-11,E1,Millwall,Sheffield United,0,1,A,3,1
2024-12-11,E1,West Brom,Coventry,2,0,H,2,4
2024-12-13,E1,Derby,Portsmouth,4,0,H,7,0
2024-12-14,E0,Nott'm Forest,Aston Villa,2,1,H,6,2
2024-12-14,E3,Tranmere,Harrogate,2,1,H,5,5
2024-12-14,E3,Salford,Notts County,3,0,H,5,2
2024-12-14,E0,Wolves,Ipswich,1,2,A,6,5
2024-12-14,E1,Bristol City,QPR,1,1,D,5,2
2024-12-14,E1,Coventry,Hull,2,1,H,7,4
2024-12-14,E1,Preston,Leeds,1,1,D,2,4
2024-12-14,E1,Blackburn,Luton,2,0,H,6,4
2024-12-14,E1,Middlesbrough,Millwall,1,0,H,2,4
2024-12-14,E1,Oxford,Sheffield Weds,1,3,A,5,9
2024-12-14,E1,Sheffield United,Plymouth,2,0,H,3,4
2024-12-14,E1,Stoke,Cardiff,2,2,D,5,4
2024-12-14,E1,Swansea,Sunderland,2,3,A,4,5
2024-12-14,E2,Rotherham,Northampton,3,0,H,6,3
2024-12-14,E2,Shrewsbury,Wycombe,1,4,A,3,4
2024-12-14,E2,Stevenage,Stockport,2,1,H,3,3
2024-12-14,E2,Wrexham,Cambridge,2,2,D,4,6
2024-12-14,E3,Bradford,Swindon,1,0,H,2,0
2024-12-14,E3,Bromley,Port Vale,0,0,D,7,4
2024-12-14,E3,AFC Wimbledon,Doncaster,1,0,H,2,0
2024-12-14,E3,Cheltenham,Morecambe,2,0,H,3,0
2024-12-14,E0,Arsenal,Everton,0,0,D,5,0
2024-12-14,E0,Liverpool,Fulham,2,2,D,4,3
2024-12-14,E0,Newcastle,Leicester,4,0,H,11,1
2024-12-14,E2,Bolton,Wigan,0,2,A,3,7
2024-12-14,E2,Leyton Orient,Burton,0,0,D,3,2
2024-12-14,E3,Carlisle,Chesterfield,0,2,A,3,4
2024-12-14,E2,Charlton,Mansfield,0,0,D,2,0
2024-12-14,E2,Exeter,Barnsley,1,2,A,3,3
2024-12-14,E2,Huddersfield,Lincoln,2,2,D,3,3
2024-12-14,E2,Birmingham,Bristol Rvs,2,0,H,8,1
2024-12-14,E2,Reading,Blackpool,0,3,A,2,8
2024-12-14,E3,Colchester,Newport County,0,0,D,4,2
2024-12-14,E3,Grimsby,Crewe,0,2,A,1,5
2024-12-14,E3,Walsall,Barrow,1,0,H,3,3
2024-12-14,E3,Milton Keynes Dons,Gillingham,0,1,A,3,2
2024-12-14,E2,Peterboro,Crawley Town,4,3,H,10,7
2024-12-15,E0,Man City,Man United,1,2,A,3,3
2024-12-15,E0,Brighton,Crystal Palace,1,3,A,5,5
2024-12-15,E1,Norwich,Burnley,1,2,A,6,5
2024-12-15,E1,Watford,West Brom,2,1,H,7,6
2024-12-15,E0,Southampton,Tottenham,0,5,A,3,9
2024-12-15,E0,Chelsea,Brentford,2,1,H,8,4
2024-12-16,E0,Bournemouth,West Ham,1,1,D,9,3
2024-12-16,E3,Fleetwood Town,Accrington,1,1,D,4,6
2024-12-20,E3,Crewe,Colchester,0,0,D,0,2
2024-12-20,E2,Stockport,Peterboro,2,1,H,3,1
2024-12-20,E3,Gillingham,Cheltenham,2,2,D,7,2
2024-12-20,E2,Cambridge,Huddersfield,0,4,A,3,10
2024-12-20,E2,Wycombe,Bolton,0,0,D,5,3
2024-12-20,E1,Luton,Derby,2,1,H,5,3
2024-12-21,E2,Wigan,Shrewsbury,2,2,D,3,3
2024-12-21,E3,Port Vale,Carlisle,0,0,D,2,2
2024-12-21,E3,Notts County,Bradford,3,0,H,7,3
2024-12-21,E3,Newport County,Milton Keynes Dons,6,3,H,9,4
2024-12-21,E3,Morecambe,Bromley,0,2,A,0,4
2024-12-21,E3,Harrogate,Walsall,0,2,A,1,8
2024-12-21,E3,Chesterfield,AFC Wimbledon,1,0,H,3,1
2024-12-21,E3,Accrington,Salford,0,2,A,2,3
2024-12-21,E3,Doncaster,Tranmere,3,1,H,10,4
2024-12-21,E3,Barrow,Fleetwood Town,2,0,H,8,1
2024-12-21,E1,Sunderland,Norwich,2,1,H,4,4
2024-12-21,E1,QPR,Preston,2,1,H,4,2
2024-12-21,E1,Plymouth,Middlesbrough,3,3,D,5,6
2024-12-21,E1,Millwall,Blackburn,1,0,H,4,1
2024-12-21,E1,Leeds,Oxford,4,0,H,9,0
2024-12-21,E1,Cardiff,Sheffield United,0,2,A,2,5
2024-12-21,E1,Burnley,Watford,2,1,H,5,2
2024-12-21,E1,Sheffield Weds,Stoke,2,0,H,4,4
2024-12-21,E3,Swindon,Grimsby,3,1,H,4,4
2024-12-21,E1,Portsmouth,Coventry,4,1,H,7,3
2024-12-21,E1,Hull,Swansea,2,1,H,5,2
2024-12-21,E0,Aston Villa,Man City,2,1,H,6,6
2024-12-21,E0,Brentford,Nott'm Forest,0,2,A,3,6
2024-12-21,E0,Ipswich,Newcastle,0,4,A,2,7
2024-12-21,E0,West Ham,Brighton,1,1,D,4,6
2024-12-21,E0,Crystal Palace,Arsenal,1,5,A,6,6
2024-12-21,E2,Lincoln,Reading,2,0,H,7,1
2024-12-21,E2,Barnsley,Leyton Orient,0,4,A,1,7
2024-12-21,E2,Bristol Rvs,Wrexham,1,1,D,1,2
2024-12-21,E2,Burton,Exeter,1,2,A,3,3
2024-12-21,E2,Mansfield,Rotherham,1,0,H,3,1
2024-12-21,E2,Northampton,Charlton,0,5,A,1,7
2024-12-21,E2,Blackpool,Stevenage,0,0,D,2,3
2024-12-22,E0,Fulham,Southampton,0,0,D,5,1
2024-12-22,E1,West Brom,Bristol City,2,0,H,4,2
2024-12-22,E0,Everton,Chelsea,0,0,D,4,5
2024-12-22,E0,Leicester,Wolves,0,3,A,5,4
2024-12-22,E0,Man United,Bournemouth,0,3,A,7,5
2024-12-22,E0,Tottenham,Liverpool,3,6,A,5,12
2024-12-23,E2,Crawley Town,Birmingham,0,1,A,0,4
2024-12-26,E2,Wrexham,Blackpool,2,1,H,4,3
2024-12-26,E0,Wolves,Man United,2,0,H,4,4
2024-12-26,E2,Rotherham,Wigan,0,1,A,3,5
2024-12-26,E2,Shrewsbury,Lincoln,1,0,H,5,4
2024-12-26,E2,Stevenage,Wycombe,0,3,A,1,6
2024-12-26,E0,Man City,Everton,1,1,D,5,3
2024-12-26,E0,Chelsea,Fulham,1,2,A,8,7
2024-12-26,E0,Southampton,West Ham,0,1,A,5,2
2024-12-26,E0,Bournemouth,Crystal Palace,0,0,D,4,4
2024-12-26,E0,Liverpool,Leicester,3,1,H,7,1
2024-12-26,E3,AFC Wimbledon,Swindon,1,1,D,3,2
2024-12-26,E3,Bradford,Port Vale,2,1,H,5,3
2024-12-26,E3,Bromley,Newport County,5,2,H,6,3
2024-12-26,E3,Carlisle,Morecambe,0,1,A,2,6
2024-12-26,E3,Cheltenham,Crewe,2,1,H,5,4
2024-12-26,E3,Fleetwood Town,Chesterfield,2,0,H,3,7
2024-12-26,E3,Grimsby,Harrogate,2,1,H,3,2
2024-12-26,E3,Milton Keynes Dons,Notts County,0,2,A,5,5
2024-12-26,E3,Salford,Barrow,3,0,H,5,2
2024-12-26,E3,Walsall,Doncaster,2,0,H,3,1
2024-12-26,E0,Newcastle,Aston Villa,3,0,H,8,1
2024-12-26,E3,Colchester,Gillingham,2,0,H,4,4
2024-12-26,E0,Nott'm Forest,Tottenham,1,0,H,3,4
2024-12-26,E1,Blackburn,Sunderland,2,2,D,3,4
2024-12-26,E1,Oxford,Cardiff,3,2,H,5,3
2024-12-26,E1,Preston,Hull,1,0,H,2,4
2024-12-26,E2,Reading,Northampton,4,1,H,5,1
2024-12-26,E1,Sheffield United,Burnley,0,2,A,3,4
2024-12-26,E1,Swansea,QPR,3,0,H,8,0
2024-12-26,E1,Watford,Portsmouth,2,1,H,6,1
2024-12-26,E1,Derby,West Brom,2,1,H,4,3
2024-12-26,E1,Stoke,Leeds,0,2,A,2,5
2024-12-26,E2,Peterboro,Mansfield,0,3,A,2,11
2024-12-26,E1,Norwich,Millwall,2,1,H,4,2
2024-12-26,E2,Bolton,Barnsley,1,2,A,4,7
2024-12-26,E1,Bristol City,Luton,1,0,H,3,2
2024-12-26,E1,Coventry,Plymouth,4,0,H,9,1
2024-12-26,E2,Exeter,Bristol Rvs,3,1,H,5,6
2024-12-26,E2,Charlton,Cambridge,2,1,H,6,1
2024-12-26,E2,Huddersfield,Stockport,1,0,H,1,3
2024-12-26,E2,Birmingham,Burton,2,0,H,2,0
2024-12-26,E2,Leyton Orient,Crawley Town,3,0,H,8,2
2024-12-26,E1,Middlesbrough,Sheffield Weds,3,3,D,4,5
2024-12-27,E0,Arsenal,Ipswich,1,0,H,5,0
2024-12-27,E0,Brighton,Brentford,0,0,D,7,3
2024-12-29,E3,Bromley,Swindon,1,1,D,1,3
2024-12-29,E1,Swansea,Luton,2,1,H,9,1
2024-12-29,E3,Carlisle,Accrington,2,1,H,2,5
2024-12-29,E1,Watford,Cardiff,1,2,A,1,3
2024-12-29,E1,Middlesbrough,Burnley,0,0,D,3,1
2024-12-29,E1,Derby,Leeds,0,1,A,1,6
2024-12-29,E3,Salford,Morecambe,1,0,H,8,2
2024-12-29,E3,Cheltenham,Notts County,3,5,A,6,6
2024-12-29,E3,Colchester,Doncaster,1,1,D,2,7
2024-12-29,E3,Fleetwood Town,Harrogate,1,1,D,4,4
2024-12-29,E3,Grimsby,Port Vale,3,0,H,8,2
2024-12-29,E1,Stoke,Sunderland,1,0,H,4,7
2024-12-29,E3,Tranmere,Barrow,1,1,D,5,6
2024-12-29,E3,Walsall,Newport County,2,0,H,6,1
2024-12-29,E0,Leicester,Man City,0,2,A,4,5
2024-12-29,E0,Crystal Palace,Southampton,2,1,H,10,3
2024-12-29,E0,Everton,Nott'm Forest,0,2,A,2,7
2024-12-29,E0,Fulham,Bournemouth,2,2,D,6,9
2024-12-29,E0,Tottenham,Wolves,2,2,D,3,3
2024-12-29,E0,West Ham,Liverpool,0,5,A,0,13
2024-12-29,E3,Bradford,Chesterfield,2,1,H,2,4
2024-12-29,E1,Oxford,Plymouth,2,0,H,5,2
2024-12-29,E3,Milton Keynes Dons,Crewe,1,1,D,2,3
2024-12-29,E1,Bristol City,Portsmouth,3,0,H,7,2
2024-12-29,E2,Shrewsbury,Northampton,1,1,D,3,2
2024-12-29,E2,Reading,Mansfield,2,1,H,5,2
2024-12-29,E2,Peterboro,Barnsley,1,3,A,2,6
2024-12-29,E1,Coventry,Millwall,0,0,D,1,2
2024-12-29,E2,Stevenage,Bristol Rvs,3,0,H,5,2
2024-12-29,E2,Leyton Orient,Cambridge,2,0,H,4,2
2024-12-29,E2,Huddersfield,Burton,1,1,D,7,3
2024-12-29,E2,Exeter,Crawley Town,4,4,D,7,5
2024-12-29,E2,Wrexham,Wigan,2,1,H,3,1
2024-12-29,E2,Birmingham,Blackpool,0,0,D,4,2
2024-12-29,E2,Rotherham,Stockport,1,1,D,2,4
2024-12-29,E1,Blackburn,Hull,0,1,A,2,3
2024-12-29,E2,Charlton,Wycombe,2,1,H,3,2
2024-12-29,E1,Sheffield United,West Brom,1,1,D,2,6
2024-12-29,E1,Preston,Sheffield Weds,3,1,H,7,3
2024-12-29,E1,Norwich,QPR,1,1,D,4,0
2024-12-29,E2,Bolton,Lincoln,3,0,H,3,2
2024-12-30,E0,Aston Villa,Brighton,2,2,D,4,4
2024-12-30,E0,Ipswich,Chelsea,2,0,H,6,5
2024-12-30,E3,AFC Wimbledon,Gillingham,1,0,H,2,3
2024-12-30,E0,Man United,Newcastle,0,2,A,0,4
2025-01-01,E2,Blackpool,Shrewsbury,1,1,D,4,2
2025-01-01,E2,Bristol Rvs,Leyton Orient,2,3,A,5,6
2025-01-01,E1,Luton,Norwich,0,1,A,3,2
2025-01-01,E1,Cardiff,Coventry,1,1,D,2,7
2025-01-01,E1,Leeds,Blackburn,1,1,D,4,2
2025-01-01,E0,Brentford,Arsenal,1,3,A,2,5
2025-01-01,E1,Portsmouth,Swansea,4,0,H,6,3
2025-01-01,E1,Sheffield Weds,Derby,4,2,H,8,8
2025-01-01,E1,West Brom,Preston,3,1,H,7,5
2025-01-01,E1,Hull,Middlesbrough,0,1,A,0,6
2025-01-01,E1,Sunderland,Sheffield United,2,1,H,6,3
2025-01-01,E2,Barnsley,Wrexham,2,1,H,3,6
2025-01-01,E1,Millwall,Oxford,0,1,A,4,2
2025-01-01,E1,Burnley,Stoke,0,0,D,2,3
2025-01-01,E3,Chesterfield,Milton Keynes Dons,1,2,A,5,4
2025-01-01,E2,Mansfield,Bolton,2,1,H,5,3
2025-01-01,E2,Northampton,Stevenage,0,0,D,2,2
2025-01-01,E2,Stockport,Birmingham,1,1,D,5,3
2025-01-01,E2,Wycombe,Exeter,2,1,H,4,3
2025-01-01,E2,Burton,Peterboro,2,2,D,3,6
2025-01-01,E3,Accrington,Grimsby,3,2,H,6,6
2025-01-01,E3,Barrow,Bradford,2,2,D,3,3
2025-01-01,E2,Cambridge,Reading,1,3,A,5,6
2025-01-01,E3,Crewe,Carlisle,3,2,H,8,6
2025-01-01,E2,Lincoln,Rotherham,0,1,A,2,9
2025-01-01,E3,Harrogate,Salford,0,2,A,1,6
2025-01-01,E3,Morecambe,Tranmere,2,0,H,7,4
2025-01-01,E3,Notts County,Walsall,1,2,A,5,7
2025-01-01,E3,Port Vale,Cheltenham,0,0,D,4,4
2025-01-01,E3,Swindon,Colchester,3,2,H,6,4
2025-01-01,E1,QPR,Watford,3,1,H,5,3
2025-01-01,E1,Plymouth,Bristol City,2,2,D,7,6
2025-01-01,E3,Doncaster,Fleetwood Town,2,1,H,6,3
2025-01-02,E3,Gillingham,Bromley,0,3,A,2,6
2025-01-02,E3,Newport County,AFC Wimbledon,1,2,A,7,5
2025-01-04,E2,Exeter,Bolton,1,2,A,3,4
2025-01-04,E2,Charlton,Reading,0,0,D,6,1
2025-01-04,E2,Barnsley,Crawley Town,3,0,H,8,6
2025-01-04,E2,Burton,Northampton,0,1,A,2,2
2025-01-04,E2,Lincoln,Stevenage,0,0,D,3,4
2025-01-04,E0,Bournemouth,Everton,1,0,H,8,0
2025-01-04,E0,Brighton,Arsenal,1,1,D,4,3
2025-01-04,E0,Southampton,Brentford,0,5,A,1,11
2025-01-04,E0,Man City,West Ham,4,1,H,7,4
2025-01-04,E0,Crystal Palace,Chelsea,1,1,D,6,1
2025-01-04,E2,Stockport,Mansfield,1,2,A,4,4
2025-01-04,E0,Aston Villa,Leicester,2,1,H,5,2
2025-01-04,E0,Tottenham,Newcastle,1,2,A,4,4
2025-01-04,E2,Huddersfield,Rotherham,0,0,D,9,3
2025-01-04,E2,Leyton Orient,Shrewsbury,1,0,H,5,0
2025-01-04,E2,Wycombe,Blackpool,1,1,D,1,3
2025-01-04,E2,Cambridge,Bristol Rvs,0,1,A,7,2
2025-01-04,E3,Milton Keynes Dons,Salford,0,1,A,5,3
2025-01-04,E2,Wrexham,Peterboro,1,0,H,4,1
2025-01-04,E1,Preston,Oxford,1,1,D,5,3
2025-01-04,E1,Norwich,Coventry,2,1,H,9,2
2025-01-04,E1,Middlesbrough,Cardiff,1,1,D,3,2
2025-01-04,E1,Hull,Leeds,3,3,D,6,9
2025-01-04,E1,Bristol City,Derby,1,0,H,2,3
2025-01-04,E1,Swansea,West Brom,1,1,D,2,4
2025-01-04,E1,Sheffield Weds,Millwall,2,2,D,2,6
2025-01-04,E1,Stoke,Plymouth,0,0,D,3,1
2025-01-04,E3,Notts County,Swindon,2,0,H,5,2
2025-01-04,E3,Bradford,Grimsby,3,1,H,7,4
2025-01-04,E3,Barrow,Harrogate,0,2,A,3,3
2025-01-04,E3,Colchester,Accrington,0,2,A,0,4
2025-01-04,E2,Wigan,Birmingham,0,3,A,4,5
2025-01-04,E3,Tranmere,Carlisle,1,0,H,5,5
2025-01-04,E1,Blackburn,Burnley,0,1,A,1,2
2025-01-04,E1,Watford,Sheffield United,1,2,A,4,6
2025-01-04,E3,Doncaster,Port Vale,1,2,A,6,3
2025-01-05,E1,Sunderland,Portsmouth,1,0,H,8,1
2025-01-05,E0,Fulham,Ipswich,2,2,D,4,3
2025-01-05,E0,Liverpool,Man United,2,2,D,6,4
2025-01-05,E3,Crewe,Bromley,4,1,H,8,3
2025-01-06,E1,QPR,Luton,2,1,H,6,4
2025-01-06,E0,Wolves,Nott'm Forest,0,3,A,6,3
2025-01-07,E2,Wycombe,Huddersfield,0,1,A,3,1
2025-01-11,E2,Rotherham,Bolton,3,1,H,7,2
2025-01-11,E3,Swindon,Crewe,0,0,D,3,1
2025-01-11,E3,Walsall,Tranmere,5,1,H,10,1
2025-01-14,E0,West Ham,Fulham,3,2,H,3,5
2025-01-14,E0,Nott'm Forest,Liverpool,1,1,D,3,7
2025-01-14,E1,Plymouth,Oxford,1,1,D,2,3
2025-01-14,E1,Cardiff,Watford,1,1,D,4,2
2025-01-14,E0,Chelsea,Bournemouth,2,2,D,10,3
2025-01-14,E0,Brentford,Man City,2,2,D,6,8
2025-01-15,E0,Everton,Aston Villa,0,1,A,3,3
2025-01-15,E0,Leicester,Crystal Palace,0,2,A,4,4
2025-01-15,E0,Newcastle,Wolves,3,0,H,5,7
2025-01-15,E0,Arsenal,Tottenham,2,1,H,4,2
2025-01-15,E1,Blackburn,Portsmouth,3,0,H,6,2
2025-01-16,E0,Ipswich,Brighton,0,2,A,3,5
2025-01-16,E0,Man United,Southampton,3,1,H,9,5
2025-01-16,E2,Shrewsbury,Wrexham,2,1,H,3,2
2025-01-17,E3,Harrogate,Cheltenham,2,0,H,2,3
2025-01-17,E1,Burnley,Sunderland,0,0,D,4,3
2025-01-18,E1,Cardiff,Swansea,3,0,H,6,2
2025-01-18,E1,Millwall,Hull,0,1,A,1,2
2025-01-18,E1,Plymouth,QPR,0,1,A,1,7
2025-01-18,E1,Coventry,Bristol City,1,0,H,4,2
2025-01-18,E1,Derby,Watford,0,2,A,3,5
2025-01-18,E1,Luton,Preston,0,0,D,4,0
2025-01-18,E1,Oxford,Blackburn,1,0,H,7,4
2025-01-18,E1,West Brom,Stoke,1,1,D,4,2
2025-01-18,E3,Port Vale,Newport County,3,2,H,10,3
2025-01-18,E3,Morecambe,Crewe,0,1,A,3,2
2025-01-18,E3,Grimsby,Chesterfield,1,1,D,2,3
2025-01-18,E3,Bromley,Colchester,0,1,A,1,5
2025-01-18,E3,AFC Wimbledon,Tranmere,2,0,H,4,2
2025-01-18,E3,Accrington,Notts County,0,3,A,2,4
2025-01-18,E3,Gillingham,Doncaster,0,1,A,2,4
2025-01-18,E3,Carlisle,Bradford,0,1,A,3,2
2025-01-18,E1,Portsmouth,Middlesbrough,2,1,H,5,5
2025-01-18,E1,Sheffield United,Norwich,2,0,H,6,0
2025-01-18,E3,Salford,Fleetwood Town,0,2,A,5,4
2025-01-18,E3,Walsall,Milton Keynes Dons,4,2,H,9,3
2025-01-18,E3,Swindon,Barrow,2,0,H,4,2
2025-01-18,E0,Brentford,Liverpool,0,2,A,6,8
2025-01-18,E2,Stevenage,Wigan,1,2,A,4,4
2025-01-18,E0,Newcastle,Bournemouth,1,4,A,5,10
2025-01-18,E2,Reading,Stockport,1,3,A,1,11
2025-01-18,E2,Mansfield,Wycombe,1,2,A,3,4
2025-01-18,E2,Crawley Town,Burton,1,1,D,4,2
2025-01-18,E2,Bristol Rvs,Barnsley,3,1,H,7,9
2025-01-18,E2,Bolton,Cambridge,2,2,D,4,2
2025-01-18,E2,Birmingham,Exeter,1,0,H,3,0
2025-01-18,E2,Northampton,Lincoln,0,1,A,3,3
2025-01-18,E2,Peterboro,Leyton Orient,0,0,D,4,1
2025-01-18,E2,Blackpool,Huddersfield,2,2,D,4,7
2025-01-18,E2,Rotherham,Charlton,4,2,H,8,5
2025-01-18,E0,Arsenal,Aston Villa,2,2,D,6,4
2025-01-18,E0,West Ham,Crystal Palace,0,2,A,0,7
2025-01-18,E0,Leicester,Fulham,0,2,A,4,2
2025-01-19,E0,Everton,Tottenham,3,2,H,6,6
2025-01-19,E1,Leeds,Sheffield Weds,3,0,H,5,3
2025-01-19,E0,Man United,Brighton,1,3,A,1,3
2025-01-19,E0,Ipswich,Man City,0,6,A,4,9
2025-01-19,E0,Nott'm Forest,Southampton,3,2,H,5,4
2025-01-20,E0,Chelsea,Wolves,3,1,H,7,4
2025-01-21,E2,Peterboro,Exeter,1,1,D,3,5
2025-01-21,E2,Wigan,Burton,1,2,A,4,4
2025-01-21,E3,Harrogate,Colchester,0,0,D,1,1
2025-01-21,E1,Blackburn,Coventry,0,2,A,7,4
2025-01-21,E1,Derby,Sunderland,0,1,A,3,3
2025-01-21,E1,Hull,QPR,1,2,A,3,4
2025-01-21,E1,Middlesbrough,West Brom,2,0,H,4,1
2025-01-21,E1,Oxford,Luton,3,2,H,5,3
2025-01-21,E1,Swansea,Sheffield United,1,2,A,5,3
2025-01-21,E2,Bolton,Charlton,1,2,A,8,3
2025-01-21,E3,Fleetwood Town,Milton Keynes Dons,2,1,H,6,3
2025-01-21,E1,Watford,Preston,1,2,A,4,8
2025-01-21,E1,Millwall,Cardiff,2,2,D,3,5
2025-01-22,E1,Leeds,Norwich,2,0,H,7,0
2025-01-22,E1,Portsmouth,Stoke,3,1,H,7,2
2025-01-22,E1,Sheffield Weds,Bristol City,2,2,D,5,3
2025-01-22,E1,Plymouth,Burnley,0,5,A,1,9
2025-01-23,E2,Wrexham,Birmingham,1,1,D,7,1
2025-01-24,E3,Newport County,Swindon,1,2,A,3,4
2025-01-24,E1,Sheffield United,Hull,0,3,A,2,5
2025-01-25,E2,Burton,Rotherham,4,2,H,7,2
2025-01-25,E1,West Brom,Portsmouth,5,1,H,11,4
2025-01-25,E1,Sunderland,Plymouth,2,2,D,5,3
2025-01-25,E1,QPR,Sheffield Weds,0,2,A,2,5
2025-01-25,E1,Preston,Middlesbrough,2,1,H,4,6
2025-01-25,E1,Coventry,Watford,2,1,H,2,3
2025-01-25,E1,Norwich,Swansea,5,1,H,8,3
2025-01-25,E1,Bristol City,Blackburn,2,1,H,5,3
2025-01-25,E1,Stoke,Oxford,0,0,D,4,4
2025-01-25,E2,Charlton,Shrewsbury,1,0,H,3,1
2025-01-25,E2,Exeter,Blackpool,1,3,A,5,6
2025-01-25,E2,Leyton Orient,Reading,2,0,H,7,2
2025-01-25,E1,Luton,Millwall,0,1,A,2,6
2025-01-25,E1,Cardiff,Derby,2,1,H,9,6
2025-01-25,E2,Barnsley,Stevenage,0,1,A,1,7
2025-01-25,E2,Cambridge,Mansfield,3,2,H,4,3
2025-01-25,E2,Wigan,Bristol Rvs,2,0,H,2,3
2025-01-25,E2,Stockport,Crawley Town,2,0,H,5,0
2025-01-25,E0,Bournemouth,Nott'm Forest,5,0,H,10,4
2025-01-25,E0,Brighton,Everton,0,1,A,1,1
2025-01-25,E0,Liverpool,Ipswich,4,1,H,6,3
2025-01-25,E0,Southampton,Newcastle,1,3,A,5,9
2025-01-25,E0,Wolves,Arsenal,0,1,A,4,3
2025-01-25,E0,Man City,Chelsea,3,1,H,6,4
2025-01-25,E2,Huddersfield,Bolton,0,1,A,1,3
2025-01-25,E3,Cheltenham,Salford,2,1,H,6,3
2025-01-25,E3,Bradford,Walsall,3,0,H,7,3
2025-01-25,E3,Milton Keynes Dons,AFC Wimbledon,0,0,D,2,1
2025-01-25,E3,Barrow,Grimsby,3,0,H,6,4
2025-01-25,E2,Lincoln,Peterboro,5,1,H,5,2
2025-01-25,E3,Colchester,Morecambe,1,0,H,4,2
2025-01-25,E3,Crewe,Accrington,0,1,A,4,3
2025-01-25,E3,Doncaster,Harrogate,1,0,H,2,3
2025-01-25,E2,Wycombe,Northampton,0,0,D,4,1
2025-01-25,E3,Chesterfield,Port Vale,1,1,D,5,3
2025-01-25,E3,Fleetwood Town,Carlisle,1,2,A,5,4
2025-01-25,E3,Tranmere,Gillingham,1,1,D,5,1
2025-01-25,E3,Notts County,Bromley,1,1,D,5,2
2025-01-26,E0,Tottenham,Leicester,1,2,A,6,3
2025-01-26,E0,Aston Villa,West Ham,1,1,D,4,4
2025-01-26,E0,Fulham,Man United,0,1,A,3,1
2025-01-26,E0,Crystal Palace,Brentford,1,2,A,5,6
2025-01-27,E1,Burnley,Leeds,0,0,D,0,1
2025-01-28,E2,Exeter,Leyton Orient,2,6,A,4,9
2025-01-28,E2,Charlton,Bristol Rvs,2,0,H,10,1
2025-01-28,E2,Burton,Reading,3,2,H,6,5
2025-01-28,E2,Lincoln,Blackpool,0,2,A,5,6
2025-01-28,E2,Mansfield,Crawley Town,0,1,A,3,6
2025-01-28,E2,Peterboro,Wigan,1,0,H,4,0
2025-01-28,E2,Rotherham,Cambridge,2,1,H,7,2
2025-01-28,E2,Stockport,Shrewsbury,1,0,H,3,2
2025-01-28,E2,Wrexham,Stevenage,2,3,A,6,4
2025-01-28,E2,Wycombe,Barnsley,2,1,H,8,2
2025-01-28,E2,Huddersfield,Birmingham,0,1,A,1,2
2025-01-28,E2,Bolton,Northampton,3,1,H,6,2
2025-01-28,E3,Bradford,Morecambe,1,0,H,6,1
2025-01-28,E3,Chesterfield,Bromley,3,0,H,6,2
2025-01-28,E3,Crewe,AFC Wimbledon,1,1,D,2,4
2025-01-28,E3,Fleetwood Town,Walsall,2,0,H,2,3
2025-01-28,E3,Grimsby,Gillingham,1,1,D,4,1
2025-01-28,E3,Milton Keynes Dons,Harrogate,2,1,H,3,4
2025-01-28,E3,Notts County,Carlisle,1,0,H,5,4
2025-01-28,E3,Salford,Newport County,1,1,D,4,2
2025-01-28,E3,Swindon,Tranmere,3,1,H,3,3
2025-01-28,E1,Portsmouth,Millwall,0,1,A,3,1
2025-01-28,E3,Accrington,Cheltenham,0,0,D,1,0
2025-01-29,E3,Barrow,Doncaster,1,3,A,2,5
2025-01-31,E1,Blackburn,Preston,2,1,H,2,2
2025-02-01,E2,Crawley Town,Wrexham,1,2,A,1,4
2025-02-01,E1,Swansea,Coventry,0,2,A,1,5
2025-02-01,E1,Sheffield Weds,Luton,1,1,D,4,1
2025-02-01,E1,Portsmouth,Burnley,0,0,D,3,6
2025-02-01,E1,Millwall,QPR,2,1,H,4,5
2025-02-01,E2,Wigan,Lincoln,1,1,D,2,4
2025-02-01,E2,Shrewsbury,Mansfield,2,1,H,5,6
2025-02-01,E2,Reading,Bolton,1,0,H,2,4
2025-02-01,E2,Leyton Orient,Stockport,0,1,A,0,5
2025-02-01,E1,Oxford,Bristol City,1,1,D,4,2
2025-02-01,E1,Watford,Norwich,0,1,A,1,5
2025-02-01,E1,Derby,Sheffield United,0,1,A,2,3
2025-02-01,E1,Hull,Stoke,1,2,A,8,5
2025-02-01,E2,Northampton,Huddersfield,3,2,H,6,6
2025-02-01,E2,Barnsley,Burton,0,0,D,10,1
2025-02-01,E2,Stevenage,Exeter,4,1,H,8,3
2025-02-01,E2,Birmingham,Rotherham,2,1,H,8,2
2025-02-01,E2,Blackpool,Charlton,2,2,D,5,2
2025-02-01,E2,Cambridge,Wycombe,1,1,D,4,3
2025-02-01,E1,Plymouth,West Brom,2,1,H,4,4
2025-02-01,E1,Leeds,Cardiff,7,0,H,12,2
2025-02-01,E0,Bournemouth,Liverpool,0,2,A,3,7
2025-02-01,E3,Cheltenham,Chesterfield,1,0,H,4,3
2025-02-01,E0,Everton,Leicester,4,0,H,7,1
2025-02-01,E0,Ipswich,Southampton,1,2,A,6,4
2025-02-01,E0,Newcastle,Fulham,1,2,A,4,4
2025-02-01,E0,Wolves,Aston Villa,2,0,H,5,3
2025-02-01,E0,Nott'm Forest,Brighton,7,0,H,9,5
2025-02-01,E3,Walsall,Salford,2,2,D,4,4
2025-02-01,E3,Tranmere,Colchester,1,3,A,2,4
2025-02-01,E3,Carlisle,Swindon,1,5,A,4,8
2025-02-01,E3,Newport County,Barrow,1,0,H,2,5
2025-02-01,E3,Morecambe,Fleetwood Town,4,2,H,6,6
2025-02-01,E3,Gillingham,Notts County,1,2,A,4,3
2025-02-01,E3,AFC Wimbledon,Bradford,1,0,H,3,2
2025-02-01,E3,Harrogate,Crewe,1,1,D,1,4
2025-02-01,E3,Port Vale,Accrington,2,1,H,3,4
2025-02-01,E3,Doncaster,Milton Keynes Dons,2,1,H,7,4
2025-02-01,E3,Bromley,Grimsby,0,2,A,2,4
2025-02-02,E0,Arsenal,Man City,5,1,H,7,4
2025-02-02,E0,Man United,Crystal Palace,0,2,A,2,3
2025-02-02,E0,Brentford,Tottenham,0,2,A,4,2
2025-02-02,E2,Bristol Rvs,Peterboro,3,1,H,6,7
2025-02-03,E1,Middlesbrough,Sunderland,2,3,A,4,9
2025-02-03,E0,Chelsea,West Ham,2,1,H,3,5
2025-02-04,E3,Salford,Bromley,3,3,D,8,4
2025-02-04,E3,Newport County,Morecambe,2,1,H,5,9
2025-02-04,E1,Burnley,Oxford,1,0,H,7,0
2025-02-04,E1,QPR,Blackburn,2,1,H,6,4
2025-02-05,E1,Coventry,Leeds,0,2,A,4,8
2025-02-06,E3,Chesterfield,Doncaster,5,2,H,7,4
2025-02-07,E2,Mansfield,Northampton,0,1,A,5,5
2025-02-08,E1,Sheffield United,Portsmouth,2,1,H,3,5
2025-02-08,E2,Lincoln,Cambridge,1,1,D,2,4
2025-02-08,E1,Norwich,Derby,1,1,D,3,2
2025-02-08,E1,West Brom,Sheffield Weds,2,1,H,5,4
2025-02-08,E1,Sunderland,Watford,2,2,D,7,5
2025-02-08,E3,Bradford,Harrogate,1,0,H,3,1
2025-02-08,E3,Swindon,Port Vale,3,3,D,6,5
2025-02-08,E3,Accrington,AFC Wimbledon,0,0,D,0,1
2025-02-08,E3,Barrow,Gillingham,3,0,H,7,1
2025-02-08,E3,Colchester,Walsall,2,1,H,3,4
2025-02-08,E2,Rotherham,Shrewsbury,1,2,A,2,3
2025-02-08,E3,Fleetwood Town,Cheltenham,2,0,H,6,0
2025-02-08,E3,Crewe,Newport County,0,3,A,4,4
2025-02-08,E3,Milton Keynes Dons,Bromley,0,1,A,2,5
2025-02-08,E3,Notts County,Morecambe,2,0,H,8,5
2025-02-08,E3,Salford,Tranmere,2,0,H,6,4
2025-02-08,E2,Charlton,Stevenage,2,0,H,5,0
2025-02-08,E2,Stockport,Barnsley,2,1,H,4,5
2025-02-08,E2,Bolton,Crawley Town,4,3,H,5,4
2025-02-08,E2,Burton,Blackpool,1,1,D,5,3
2025-02-08,E2,Huddersfield,Reading,0,0,D,5,1
2025-02-08,E3,Grimsby,Carlisle,2,1,H,11,3
2025-02-09,E1,Bristol City,Swansea,0,1,A,3,5
2025-02-11,E3,AFC Wimbledon,Crewe,3,0,H,7,0
2025-02-11,E3,Tranmere,Fleetwood Town,0,0,D,4,0
2025-02-11,E3,Barrow,Milton Keynes Dons,2,1,H,5,2
2025-02-11,E3,Walsall,Gillingham,1,1,D,2,4
2025-02-11,E3,Newport County,Carlisle,1,0,H,1,6
2025-02-11,E1,Derby,Oxford,0,0,D,4,1
2025-02-11,E2,Reading,Shrewsbury,1,1,D,2,4
2025-02-11,E2,Leyton Orient,Mansfield,3,0,H,7,4
2025-02-11,E2,Crawley Town,Stevenage,3,1,H,7,4
2025-02-11,E2,Charlton,Peterboro,2,1,H,8,3
2025-02-11,E2,Bristol Rvs,Stockport,1,1,D,2,5
2025-02-11,E2,Blackpool,Rotherham,0,0,D,3,8
2025-02-11,E2,Birmingham,Cambridge,4,0,H,12,0
2025-02-11,E1,Coventry,QPR,1,0,H,6,3
2025-02-11,E1,Portsmouth,Cardiff,2,1,H,8,6
2025-02-11,E1,Watford,Leeds,0,4,A,2,7
2025-02-11,E1,Norwich,Preston,0,1,A,1,1
2025-02-11,E3,Bradford,Accrington,1,0,H,1,1
2025-02-12,E1,Burnley,Hull,2,0,H,5,3
2025-02-12,E1,Plymouth,Millwall,5,1,H,7,6
2025-02-12,E1,Sheffield United,Middlesbrough,3,1,H,9,4
2025-02-12,E1,Swansea,Sheffield Weds,0,1,A,1,5
2025-02-12,E1,Sunderland,Luton,2,0,H,3,1
2025-02-12,E1,West Brom,Blackburn,0,2,A,3,4
2025-02-12,E1,Bristol City,Stoke,2,0,H,6,0
2025-02-12,E0,Everton,Liverpool,2,2,D,3,4
2025-02-13,E3,Port Vale,Notts County,1,0,H,1,4
2025-02-14,E0,Brighton,Chelsea,3,0,H,5,0
2025-02-14,E1,QPR,Derby,4,0,H,5,1
2025-02-15,E3,Morecambe,Accrington,2,0,H,5,1
2025-02-15,E3,Harrogate,Swindon,1,0,H,4,5
2025-02-15,E3,Gillingham,Crewe,0,0,D,5,1
2025-02-15,E3,Cheltenham,Barrow,3,2,H,6,2
2025-02-15,E3,Carlisle,Colchester,0,0,D,5,2
2025-02-15,E3,Bromley,Fleetwood Town,1,0,H,2,4
2025-02-15,E3,Doncaster,Grimsby,1,2,A,5,3
2025-02-15,E3,AFC Wimbledon,Salford,1,0,H,6,3
2025-02-15,E3,Newport County,Bradford,0,0,D,3,5
2025-02-15,E3,Walsall,Chesterfield,3,1,H,3,2
2025-02-15,E1,Stoke,Swansea,3,1,H,5,2
2025-02-15,E1,Sheffield Weds,Coventry,1,2,A,8,4
2025-02-15,E1,Cardiff,Bristol City,1,1,D,6,4
2025-02-15,E1,Oxford,Portsmouth,0,2,A,1,4
2025-02-15,E1,Preston,Burnley,0,0,D,1,2
2025-02-15,E1,Blackburn,Plymouth,2,0,H,7,3
2025-02-15,E1,Hull,Norwich,1,1,D,4,3
2025-02-15,E1,Luton,Sheffield United,0,1,A,5,4
2025-02-15,E3,Tranmere,Milton Keynes Dons,1,1,D,4,4
2025-02-15,E1,Middlesbrough,Watford,0,1,A,5,6
2025-02-15,E1,Millwall,West Brom,1,1,D,6,3
2025-02-15,E2,Reading,Rotherham,2,1,H,8,4
2025-02-15,E2,Northampton,Wrexham,0,2,A,0,3
2025-02-15,E2,Barnsley,Huddersfield,1,2,A,4,7
2025-02-15,E2,Birmingham,Charlton,1,0,H,2,1
2025-02-15,E2,Blackpool,Mansfield,3,3,D,4,5
2025-02-15,E2,Bristol Rvs,Burton,3,1,H,4,3
2025-02-15,E2,Crawley Town,Wycombe,1,1,D,4,4
2025-02-15,E2,Leyton Orient,Lincoln,3,2,H,4,6
2025-02-15,E2,Shrewsbury,Bolton,2,3,A,3,6
2025-02-15,E2,Stevenage,Peterboro,1,1,D,3,2
2025-02-15,E0,Leicester,Arsenal,0,2,A,2,5
2025-02-15,E0,Aston Villa,Ipswich,1,1,D,6,3
2025-02-15,E0,Fulham,Nott'm Forest,2,1,H,10,2
2025-02-15,E0,Man City,Newcastle,4,0,H,7,1
2025-02-15,E0,Southampton,Bournemouth,1,3,A,4,7
2025-02-15,E0,West Ham,Brentford,0,1,A,3,5
2025-02-15,E0,Crystal Palace,Everton,1,2,A,6,6
2025-02-15,E2,Wigan,Stockport,0,2,A,6,6
2025-02-15,E2,Cambridge,Exeter,0,1,A,1,2
2025-02-16,E0,Tottenham,Man United,1,0,H,7,6
2025-02-16,E0,Liverpool,Wolves,2,1,H,3,4
2025-02-17,E1,Leeds,Sunderland,2,1,H,4,6
2025-02-18,E2,Shrewsbury,Huddersfield,0,1,A,1,4
2025-02-18,E1,Preston,Millwall,1,1,D,4,3
2025-02-18,E2,Mansfield,Lincoln,0,3,A,0,5
2025-02-18,E2,Wrexham,Leyton Orient,1,2,A,4,5
2025-02-18,E3,Notts County,Colchester,1,1,D,2,5
2025-02-18,E3,Morecambe,Doncaster,0,1,A,1,2
2025-02-18,E3,Fleetwood Town,AFC Wimbledon,0,0,D,4,1
2025-02-18,E2,Stevenage,Burton,0,1,A,2,3
2025-02-18,E2,Crawley Town,Wigan,1,1,D,5,4
2025-02-18,E2,Wycombe,Bristol Rvs,2,0,H,6,1
2025-02-19,E0,Aston Villa,Liverpool,2,2,D,4,3
2025-02-19,E1,Luton,Plymouth,1,1,D,2,1
2025-02-21,E0,Leicester,Brentford,0,4,A,3,6
2025-02-21,E1,Bristol City,Middlesbrough,2,1,H,7,4
2025-02-21,E1,Burnley,Sheffield Weds,4,0,H,4,2
2025-02-22,E3,Swindon,Chesterfield,1,0,H,1,1
2025-02-22,E3,Port Vale,Salford,2,1,H,5,1
2025-02-22,E3,Notts County,Tranmere,2,1,H,5,6
2025-02-22,E3,Newport County,Cheltenham,0,3,A,2,4
2025-02-22,E3,Grimsby,Fleetwood Town,2,1,H,4,2
2025-02-22,E3,Colchester,AFC Wimbledon,1,1,D,4,1
2025-02-22,E1,Portsmouth,QPR,2,1,H,3,4
2025-02-22,E1,West Brom,Oxford,2,0,H,5,0
2025-02-22,E1,Norwich,Stoke,4,2,H,7,4
2025-02-22,E1,Sunderland,Hull,0,1,A,2,4
2025-02-22,E1,Plymouth,Cardiff,1,1,D,1,3
2025-02-22,E1,Derby,Millwall,0,1,A,0,4
2025-02-22,E1,Swansea,Blackburn,3,0,H,5,2
2025-02-22,E1,Coventry,Preston,2,1,H,9,3
2025-02-22,E2,Huddersfield,Peterboro,0,1,A,0,4
2025-02-22,E3,Bromley,Harrogate,2,0,H,3,3
2025-02-22,E2,Lincoln,Burton,0,1,A,2,1
2025-02-22,E2,Northampton,Bristol Rvs,2,1,H,3,4
2025-02-22,E2,Shrewsbury,Stevenage,0,1,A,2,0
2025-02-22,E2,Wycombe,Wigan,0,0,D,3,1
2025-02-22,E2,Charlton,Exeter,3,0,H,5,1
2025-02-22,E0,Aston Villa,Chelsea,2,1,H,6,7
2025-02-22,E0,Southampton,Brighton,0,4,A,1,12
2025-02-22,E0,Ipswich,Tottenham,1,4,A,5,6
2025-02-22,E0,Fulham,Crystal Palace,0,2,A,0,5
2025-02-22,E0,Bournemouth,Wolves,0,1,A,3,5
2025-02-22,E3,Carlisle,Gillingham,0,0,D,5,3
2025-02-22,E0,Everton,Man United,2,2,D,8,3
2025-02-22,E0,Arsenal,West Ham,0,1,A,2,2
2025-02-22,E3,Bradford,Milton Keynes Dons,2,0,H,5,3
2025-02-22,E3,Accrington,Doncaster,1,2,A,1,1
2025-02-22,E2,Reading,Birmingham,0,0,D,4,3
2025-02-22,E2,Rotherham,Barnsley,0,1,A,2,3
2025-02-22,E2,Blackpool,Crawley Town,3,1,H,5,5
2025-02-22,E2,Bolton,Leyton Orient,2,1,H,5,2
2025-02-22,E2,Cambridge,Stockport,2,0,H,2,5
2025-02-22,E3,Morecambe,Walsall,0,2,A,3,4
2025-02-22,E3,Crewe,Barrow,3,0,H,8,2
2025-02-23,E1,Watford,Luton,2,0,H,5,2
2025-02-23,E2,Mansfield,Wrexham,1,2,A,4,2
2025-02-23,E0,Man City,Liverpool,0,2,A,5,4
2025-02-23,E0,Newcastle,Nott'm Forest,4,3,H,5,5
2025-02-24,E1,Sheffield United,Leeds,1,3,A,4,8
2025-02-25,E0,Brighton,Bournemouth,2,1,H,4,5
2025-02-25,E1,Stoke,Middlesbrough,1,3,A,3,6
2025-02-25,E1,Cardiff,Hull,1,0,H,4,1
2025-02-25,E3,Cheltenham,Walsall,2,2,D,5,2
2025-02-25,E3,Gillingham,Fleetwood Town,1,2,A,5,5
2025-02-25,E3,Tranmere,Accrington,0,1,A,4,5
2025-02-25,E3,Bromley,Bradford,0,1,A,2,3
2025-02-25,E2,Northampton,Barnsley,1,2,A,6,5
2025-02-25,E2,Birmingham,Leyton Orient,2,0,H,10,0
2025-02-25,E2,Wigan,Huddersfield,2,1,H,5,2
2025-02-25,E0,Chelsea,Southampton,4,0,H,10,2
2025-02-25,E0,Wolves,Fulham,1,2,A,5,5
2025-02-25,E0,Crystal Palace,Aston Villa,4,1,H,6,2
2025-02-26,E0,Liverpool,Newcastle,2,0,H,3,0
2025-02-26,E0,Tottenham,Man City,0,1,A,6,5
2025-02-26,E0,Nott'm Forest,Arsenal,0,0,D,2,1
2025-02-26,E0,Man United,Ipswich,3,2,H,6,3
2025-02-26,E0,Brentford,Everton,1,1,D,3,4
2025-02-27,E3,Barrow,Carlisle,0,1,A,5,2
2025-02-27,E0,West Ham,Leicester,2,0,H,2,2
2025-02-28,E1,Sheffield Weds,Sunderland,1,2,A,4,4
2025-03-01,E3,Gillingham,Morecambe,1,0,H,4,0
2025-03-01,E2,Bristol Rvs,Rotherham,2,3,A,4,8
2025-03-01,E2,Burton,Mansfield,1,1,D,2,4
2025-03-01,E2,Exeter,Northampton,1,1,D,2,3
2025-03-01,E2,Leyton Orient,Charlton,1,2,A,5,9
2025-03-01,E2,Peterboro,Shrewsbury,3,1,H,6,4
2025-03-01,E2,Stevenage,Huddersfield,1,2,A,6,5
2025-03-01,E2,Stockport,Blackpool,2,1,H,5,3
2025-03-01,E1,Stoke,Watford,0,0,D,2,1
2025-03-01,E1,QPR,Sheffield United,1,2,A,4,2
2025-03-01,E1,Middlesbrough,Derby,1,0,H,6,1
2025-03-01,E1,Luton,Portsmouth,1,0,H,2,1
2025-03-01,E1,Oxford,Coventry,2,3,A,4,6
2025-03-01,E1,Leeds,West Brom,1,1,D,2,3
2025-03-01,E1,Blackburn,Norwich,1,1,D,1,3
2025-03-01,E3,Harrogate,Accrington,2,1,H,2,3
2025-03-01,E2,Crawley Town,Cambridge,0,2,A,1,4
2025-03-01,E2,Barnsley,Lincoln,4,3,H,5,5
2025-03-01,E2,Wigan,Reading,1,2,A,4,7
2025-03-01,E2,Birmingham,Wycombe,1,0,H,5,1
2025-03-01,E3,Fleetwood Town,Notts County,2,2,D,5,5
2025-03-01,E3,Doncaster,Newport County,3,0,H,8,1
2025-03-01,E3,Chesterfield,Crewe,1,3,A,3,6
2025-03-01,E3,Cheltenham,Grimsby,1,1,D,4,7
2025-03-01,E3,AFC Wimbledon,Bromley,0,1,A,4,2
2025-03-01,E3,Tranmere,Port Vale,1,1,D,5,2
2025-03-01,E3,Salford,Bradford,1,2,A,2,6
2025-03-01,E2,Wrexham,Bolton,0,0,D,1,1
2025-03-01,E3,Walsall,Swindon,0,1,A,2,4
2025-03-01,E3,Milton Keynes Dons,Colchester,0,1,A,0,2
2025-03-04,E2,Rotherham,Leyton Orient,1,0,H,5,4
2025-03-04,E3,Morecambe,AFC Wimbledon,1,0,H,1,4
2025-03-04,E2,Charlton,Barnsley,1,0,H,4,3
2025-03-04,E2,Huddersfield,Wrexham,0,1,A,2,4
2025-03-04,E2,Lincoln,Crawley Town,4,1,H,7,2
2025-03-04,E2,Mansfield,Wigan,0,0,D,5,0
2025-03-04,E2,Northampton,Stockport,1,1,D,1,4
2025-03-04,E3,Port Vale,Harrogate,0,0,D,4,3
2025-03-04,E2,Shrewsbury,Bristol Rvs,0,0,D,5,3
2025-03-04,E2,Reading,Exeter,0,0,D,3,1
2025-03-04,E2,Wycombe,Burton,2,0,H,8,4
2025-03-04,E3,Bradford,Cheltenham,3,0,H,7,2
2025-03-04,E3,Swindon,Salford,2,2,D,7,6
2025-03-04,E3,Newport County,Gillingham,3,1,H,6,8
2025-03-04,E3,Accrington,Milton Keynes Dons,2,0,H,3,0
2025-03-04,E1,Cardiff,Burnley,1,2,A,2,5
2025-03-04,E1,Hull,Plymouth,2,0,H,5,0
2025-03-04,E1,Millwall,Bristol City,0,2,A,1,5
2025-03-04,E1,Preston,Swansea,0,0,D,5,1
2025-03-04,E3,Carlisle,Walsall,1,1,D,3,6
2025-03-04,E3,Colchester,Chesterfield,1,0,H,4,0
2025-03-04,E3,Crewe,Fleetwood Town,1,4,A,3,5
2025-03-04,E3,Grimsby,Tranmere,1,1,D,3,3
2025-03-04,E2,Blackpool,Peterboro,0,0,D,2,4
2025-03-04,E2,Bolton,Birmingham,3,1,H,6,5
2025-03-04,E2,Cambridge,Stevenage,0,1,A,0,4
2025-03-04,E3,Bromley,Doncaster,1,0,H,2,8
2025-03-04,E3,Notts County,Barrow,1,2,A,4,2
2025-03-07,E1,Norwich,Oxford,1,1,D,6,2
2025-03-08,E1,Sunderland,Cardiff,2,1,H,4,2
2025-03-08,E1,West Brom,QPR,1,0,H,1,1
2025-03-08,E3,Tranmere,Bromley,2,1,H,3,3
2025-03-08,E1,Coventry,Stoke,3,2,H,3,4
2025-03-08,E1,Watford,Millwall,1,2,A,5,4
2025-03-08,E1,Bristol City,Hull,1,1,D,10,1
2025-03-08,E1,Burnley,Luton,4,0,H,3,2
2025-03-08,E1,Derby,Blackburn,2,1,H,2,4
2025-03-08,E1,Plymouth,Sheffield Weds,0,3,A,2,3
2025-03-08,E1,Sheffield United,Preston,1,0,H,4,3
2025-03-08,E1,Swansea,Middlesbrough,1,0,H,4,1
2025-03-08,E3,Salford,Crewe,1,1,D,5,6
2025-03-08,E3,Cheltenham,Colchester,0,1,A,4,4
2025-03-08,E3,Harrogate,Carlisle,1,0,H,5,2
2025-03-08,E3,Milton Keynes Dons,Morecambe,2,1,H,5,2
2025-03-08,E0,Wolves,Everton,1,1,D,3,4
2025-03-08,E0,Brentford,Aston Villa,0,1,A,3,4
2025-03-08,E0,Liverpool,Southampton,3,1,H,7,4
2025-03-08,E0,Crystal Palace,Ipswich,1,0,H,4,8
2025-03-08,E0,Brighton,Fulham,2,1,H,4,1
2025-03-08,E0,Nott'm Forest,Man City,1,0,H,4,3
2025-03-08,E2,Wrexham,Rotherham,1,0,H,3,3
2025-03-08,E2,Wigan,Cambridge,1,0,H,5,4
2025-03-08,E2,Stevenage,Mansfield,1,1,D,1,2
2025-03-08,E2,Peterboro,Wycombe,1,1,D,3,2
2025-03-08,E2,Leyton Orient,Northampton,1,2,A,2,6
2025-03-08,E2,Exeter,Shrewsbury,2,0,H,5,2
2025-03-08,E2,Bristol Rvs,Huddersfield,1,0,H,4,3
2025-03-08,E2,Birmingham,Lincoln,1,0,H,4,0
2025-03-08,E2,Burton,Bolton,1,2,A,6,2
2025-03-08,E2,Stockport,Charlton,0,0,D,1,1
2025-03-08,E2,Crawley Town,Reading,1,1,D,1,2
2025-03-08,E3,AFC Wimbledon,Notts County,2,0,H,4,1
2025-03-08,E3,Walsall,Grimsby,1,3,A,2,5
2025-03-08,E3,Barrow,Accrington,2,0,H,3,1
2025-03-08,E3,Chesterfield,Newport County,2,1,H,3,2
2025-03-08,E3,Doncaster,Swindon,2,2,D,5,5
2025-03-08,E3,Fleetwood Town,Port Vale,1,1,D,2,4
2025-03-08,E2,Barnsley,Blackpool,0,3,A,3,8
2025-03-08,E3,Gillingham,Bradford,1,0,H,3,4
2025-03-09,E0,Tottenham,Bournemouth,2,2,D,4,8
2025-03-09,E0,Chelsea,Leicester,1,0,H,7,3
2025-03-09,E1,Portsmouth,Leeds,1,0,H,3,4
2025-03-09,E0,Man United,Arsenal,1,1,D,6,6
2025-03-10,E0,West Ham,Newcastle,0,1,A,2,3
2025-03-11,E1,Derby,Coventry,2,0,H,2,4
2025-03-11,E1,Middlesbrough,QPR,2,1,H,5,5
2025-03-11,E1,Norwich,Sheffield Weds,2,3,A,3,5
2025-03-11,E1,Sunderland,Preston,1,1,D,2,2
2025-03-11,E1,Burnley,West Brom,1,1,D,2,3
2025-03-11,E1,Sheffield United,Bristol City,1,1,D,5,4
2025-03-11,E1,Cardiff,Luton,1,2,A,4,4
2025-03-11,E2,Reading,Wrexham,2,0,H,4,3
2025-03-11,E3,Salford,Chesterfield,0,4,A,4,11
2025-03-11,E3,AFC Wimbledon,Cheltenham,1,2,A,2,5
2025-03-11,E3,Colchester,Port Vale,2,1,H,6,3
2025-03-11,E3,Grimsby,Notts County,0,2,A,4,6
2025-03-11,E2,Birmingham,Stevenage,2,1,H,2,4
2025-03-11,E3,Accrington,Newport County,5,0,H,7,0
2025-03-11,E2,Blackpool,Cambridge,2,1,H,7,3
2025-03-11,E2,Crawley Town,Charlton,0,1,A,1,5
2025-03-11,E2,Exeter,Mansfield,2,0,H,6,0
2025-03-11,E2,Bristol Rvs,Bolton,3,2,H,5,3
2025-03-12,E1,Portsmouth,Plymouth,1,2,A,3,3
2025-03-12,E1,Leeds,Millwall,2,0,H,2,0
2025-03-12,E1,Watford,Swansea,1,0,H,2,3
2025-03-12,E1,Stoke,Blackburn,1,0,H,3,2
2025-03-12,E1,Hull,Oxford,2,1,H,2,3
2025-03-13,E3,Bromley,Walsall,2,2,D,3,5
2025-03-14,E1,Bristol City,Norwich,2,1,H,5,6
2025-03-15,E1,Oxford,Watford,1,0,H,3,4
2025-03-15,E1,Coventry,Sunderland,3,0,H,5,1
2025-03-15,E1,Preston,Portsmouth,2,1,H,6,2
2025-03-15,E1,Plymouth,Derby,2,3,A,3,5
2025-03-15,E1,Luton,Middlesbrough,0,0,D,5,0
2025-03-15,E1,Blackburn,Cardiff,1,2,A,2,4
2025-03-15,E0,Ipswich,Nott'm Forest,2,4,A,4,6
2025-03-15,E1,Millwall,Stoke,1,0,H,4,1
2025-03-15,E1,Swansea,Burnley,0,2,A,1,5
2025-03-15,E0,Everton,West Ham,1,1,D,5,5
2025-03-15,E0,Man City,Brighton,2,2,D,3,3
2025-03-15,E0,Southampton,Wolves,1,2,A,3,3
2025-03-15,E0,Bournemouth,Brentford,1,2,A,5,4
2025-03-15,E1,QPR,Leeds,2,2,D,4,3
2025-03-15,E1,West Brom,Hull,1,1,D,3,4
2025-03-15,E3,Notts County,Chesterfield,1,2,A,5,5
2025-03-15,E3,Newport County,Harrogate,3,0,H,5,7
2025-03-15,E3,Accrington,Gillingham,1,1,D,4,1
2025-03-15,E3,Bradford,Tranmere,0,1,A,3,2
2025-03-15,E3,Crewe,Doncaster,1,1,D,8,3
2025-03-15,E3,Carlisle,AFC Wimbledon,1,2,A,3,7
2025-03-15,E3,Colchester,Fleetwood Town,3,0,H,7,7
2025-03-15,E3,Grimsby,Salford,0,1,A,0,5
2025-03-15,E2,Wycombe,Wrexham,0,1,A,3,2
2025-03-15,E2,Shrewsbury,Burton,0,2,A,4,3
2025-03-15,E2,Rotherham,Exeter,1,1,D,9,3
2025-03-15,E2,Reading,Stevenage,1,1,D,2,5
2025-03-15,E2,Northampton,Birmingham,1,1,D,2,3
2025-03-15,E2,Mansfield,Barnsley,2,1,H,5,6
2025-03-15,E2,Lincoln,Bristol Rvs,5,0,H,11,2
2025-03-15,E2,Huddersfield,Crawley Town,5,1,H,9,2
2025-03-15,E2,Charlton,Wigan,2,1,H,5,3
2025-03-15,E2,Blackpool,Leyton Orient,1,2,A,8,4
2025-03-15,E3,Port Vale,Milton Keynes Dons,3,0,H,8,1
2025-03-15,E2,Cambridge,Peterboro,0,1,A,3,2
2025-03-15,E2,Bolton,Stockport,0,1,A,3,5
2025-03-15,E3,Morecambe,Barrow,2,2,D,2,11
2025-03-15,E3,Swindon,Cheltenham,3,3,D,6,2
2025-03-16,E1,Sheffield Weds,Sheffield United,0,1,A,3,2
2025-03-16,E0,Arsenal,Chelsea,1,0,H,4,2
2025-03-16,E0,Fulham,Tottenham,2,0,H,4,4
2025-03-16,E0,Leicester,Man United,0,3,A,3,5
2025-03-18,E2,Rotherham,Wycombe,2,3,A,3,5
2025-03-22,E3,Cheltenham,Milton Keynes Dons,0,1,A,2,5
2025-03-22,E3,Carlisle,Bromley,2,1,H,9,3
2025-03-22,E3,Bradford,Colchester,4,1,H,7,2
2025-03-22,E3,AFC Wimbledon,Barrow,2,2,D,6,2
2025-03-22,E3,Fleetwood Town,Tranmere,0,0,D,1,3
2025-03-22,E3,Notts County,Crewe,0,0,D,4,0
2025-03-22,E3,Gillingham,Walsall,0,0,D,3,4
2025-03-22,E3,Grimsby,Newport County,1,0,H,5,1
2025-03-22,E3,Chesterfield,Harrogate,0,0,D,4,3
2025-03-22,E3,Port Vale,Morecambe,1,0,H,4,2
2025-03-22,E2,Wrexham,Stockport,1,0,H,3,2
2025-03-22,E2,Peterboro,Charlton,3,0,H,8,6
2025-03-22,E2,Northampton,Blackpool,0,2,A,2,5
2025-03-22,E2,Lincoln,Exeter,0,0,D,3,0
2025-03-22,E2,Crawley Town,Bristol Rvs,1,0,H,7,1
2025-03-22,E2,Barnsley,Cambridge,1,1,D,5,2
2025-03-22,E3,Swindon,Accrington,0,0,D,3,1
2025-03-25,E3,Carlisle,Milton Keynes Dons,2,2,D,3,4
2025-03-25,E3,Port Vale,Barrow,0,1,A,4,3
2025-03-27,E2,Leyton Orient,Stevenage,1,0,H,1,3
2025-03-28,E3,Colchester,Grimsby,1,2,A,2,6
2025-03-28,E3,Tranmere,Cheltenham,2,0,H,5,2
2025-03-28,E1,Sheffield United,Coventry,3,1,H,6,4
2025-03-29,E2,Cambridge,Northampton,1,1,D,2,1
2025-03-29,E3,Crewe,Port Vale,0,1,A,3,4
2025-03-29,E3,Accrington,Bradford,0,0,D,1,0
2025-03-29,E2,Bristol Rvs,Mansfield,1,2,A,5,6
2025-03-29,E2,Exeter,Wrexham,0,2,A,1,6
2025-03-29,E2,Reading,Peterboro,3,1,H,7,4
2025-03-29,E2,Rotherham,Crawley Town,0,4,A,2,9
2025-03-29,E3,Barrow,Chesterfield,0,1,A,3,1
2025-03-29,E3,Bromley,Salford,2,3,A,4,3
2025-03-29,E1,Middlesbrough,Oxford,2,1,H,4,3
2025-03-29,E3,Harrogate,Gillingham,1,1,D,5,3
2025-03-29,E3,Milton Keynes Dons,Fleetwood Town,2,4,A,3,9
2025-03-29,E2,Wigan,Barnsley,1,1,D,7,4
2025-03-29,E3,Morecambe,Swindon,1,0,H,5,3
2025-03-29,E3,Newport County,Notts County,0,2,A,0,3
2025-03-29,E3,Walsall,AFC Wimbledon,1,1,D,2,4
2025-03-29,E2,Blackpool,Bolton,2,1,H,3,4
2025-03-29,E2,Birmingham,Shrewsbury,4,1,H,6,1
2025-03-29,E2,Stockport,Burton,2,1,H,5,4
2025-03-29,E2,Charlton,Huddersfield,4,0,H,6,2
2025-03-29,E3,Doncaster,Carlisle,3,0,H,7,4
2025-03-29,E1,Norwich,West Brom,1,0,H,3,7
2025-03-29,E2,Wycombe,Lincoln,1,0,H,3,1
2025-03-29,E1,Cardiff,Sheffield Weds,1,1,D,5,2
2025-03-29,E1,Sunderland,Millwall,1,0,H,6,2
2025-03-29,E1,Stoke,QPR,3,1,H,6,3
2025-03-29,E1,Portsmouth,Blackburn,1,0,H,2,3
2025-03-29,E1,Hull,Luton,0,1,A,3,2
2025-03-29,E1,Watford,Plymouth,0,0,D,1,1
2025-03-29,E1,Burnley,Bristol City,1,0,H,3,1
2025-03-29,E1,Leeds,Swansea,2,2,D,7,6
2025-04-01,E3,Harrogate,Tranmere,3,2,H,4,6
2025-04-01,E3,Gillingham,Colchester,1,1,D,6,3
2025-04-01,E0,Nott'm Forest,Man United,1,0,H,2,6
2025-04-01,E0,Wolves,West Ham,1,0,H,2,1
2025-04-01,E3,Port Vale,Bradford,2,0,H,6,3
2025-04-01,E3,Morecambe,Cheltenham,2,0,H,6,2
2025-04-01,E3,Doncaster,Walsall,2,2,D,4,5
2025-04-01,E3,Accrington,Fleetwood Town,1,4,A,2,5
2025-04-01,E3,Barrow,Salford,1,1,D,3,4
2025-04-01,E0,Arsenal,Fulham,2,1,H,4,3
2025-04-01,E3,Newport County,Bromley,1,1,D,3,4
2025-04-01,E3,Crewe,Grimsby,2,0,H,4,3
2025-04-01,E3,Swindon,AFC Wimbledon,2,1,H,8,4
2025-04-01,E2,Bristol Rvs,Birmingham,1,2,A,2,3
2025-04-01,E2,Wycombe,Shrewsbury,0,0,D,7,0
2025-04-01,E2,Wigan,Bolton,0,1,A,1,2
2025-04-01,E2,Stockport,Stevenage,3,0,H,3,1
2025-04-01,E2,Northampton,Rotherham,0,2,A,3,6
2025-04-01,E3,Chesterfield,Carlisle,2,1,H,15,3
2025-04-01,E2,Mansfield,Charlton,1,2,A,5,5
2025-04-01,E2,Crawley Town,Peterboro,3,4,A,6,7
2025-04-01,E2,Cambridge,Wrexham,2,2,D,4,6
2025-04-01,E2,Burton,Leyton Orient,2,1,H,6,6
2025-04-01,E2,Blackpool,Reading,3,0,H,10,0
2025-04-01,E2,Barnsley,Exeter,1,2,A,6,4
2025-04-01,E2,Lincoln,Huddersfield,1,0,H,2,0
2025-04-02,E3,Notts County,Milton Keynes Dons,3,0,H,5,0
2025-04-02,E1,Derby,Preston,2,0,H,2,1
2025-04-02,E0,Southampton,Crystal Palace,1,1,D,2,3
2025-04-02,E0,Liverpool,Everton,1,0,H,3,0
2025-04-02,E0,Bournemouth,Ipswich,1,2,A,7,2
2025-04-02,E0,Brighton,Aston Villa,0,3,A,4,5
2025-04-02,E0,Man City,Leicester,2,0,H,5,0
2025-04-02,E0,Newcastle,Brentford,2,1,H,4,3
2025-04-03,E0,Chelsea,Tottenham,1,0,H,5,2
2025-04-04,E1,Blackburn,Middlesbrough,0,2,A,2,3
2025-04-05,E0,Ipswich,Wolves,1,2,A,2,7
2025-04-05,E0,Crystal Palace,Brighton,2,1,H,3,5
2025-04-05,E0,Everton,Arsenal,1,1,D,2,5
2025-04-05,E0,Aston Villa,Nott'm Forest,2,1,H,8,3
2025-04-05,E1,Sheffield Weds,Hull,0,1,A,4,2
2025-04-05,E1,Coventry,Burnley,1,2,A,4,6
2025-04-05,E1,Luton,Leeds,1,1,D,3,5
2025-04-05,E1,West Brom,Sunderland,0,1,A,3,3
2025-04-05,E1,Bristol City,Watford,2,1,H,4,3
2025-04-05,E1,Millwall,Portsmouth,2,1,H,3,3
2025-04-05,E1,Oxford,Sheffield United,1,0,H,3,4
2025-04-05,E1,Plymouth,Norwich,2,1,H,4,4
2025-04-05,E1,Preston,Stoke,1,1,D,2,5
2025-04-05,E1,QPR,Cardiff,0,0,D,4,2
2025-04-05,E0,West Ham,Bournemouth,2,2,D,3,4
2025-04-05,E1,Swansea,Derby,1,0,H,1,2
2025-04-05,E2,Birmingham,Barnsley,6,2,H,9,6
2025-04-05,E3,Colchester,Notts County,1,0,H,1,1
2025-04-05,E2,Rotherham,Blackpool,2,1,H,10,4
2025-04-05,E2,Peterboro,Northampton,0,4,A,3,13
2025-04-05,E2,Leyton Orient,Wigan,0,0,D,3,0
2025-04-05,E3,Cheltenham,Doncaster,0,2,A,1,6
2025-04-05,E3,Walsall,Port Vale,2,3,A,5,4
2025-04-05,E3,Tranmere,Chesterfield,4,0,H,6,2
2025-04-05,E3,AFC Wimbledon,Harrogate,1,0,H,4,2
2025-04-05,E2,Shrewsbury,Cambridge,0,1,A,1,3
2025-04-05,E3,Bromley,Accrington,4,0,H,7,0
2025-04-05,E3,Carlisle,Newport County,3,2,H,6,9
2025-04-05,E3,Bradford,Crewe,2,0,H,7,2
2025-04-05,E3,Fleetwood Town,Swindon,0,4,A,4,3
2025-04-05,E3,Grimsby,Morecambe,3,1,H,8,1
2025-04-05,E3,Milton Keynes Dons,Barrow,0,3,A,7,5
2025-04-05,E3,Salford,Gillingham,2,2,D,4,2
2025-04-05,E2,Huddersfield,Mansfield,2,1,H,2,1
2025-04-05,E2,Exeter,Stockport,0,2,A,2,4
2025-04-05,E2,Charlton,Lincoln,2,2,D,6,3
2025-04-05,E2,Reading,Wycombe,1,0,H,3,4
2025-04-05,E2,Wrexham,Burton,3,0,H,5,2
2025-04-05,E2,Bolton,Bristol Rvs,1,0,H,4,1
2025-04-05,E2,Stevenage,Crawley Town,3,1,H,4,3
2025-04-06,E0,Brentford,Chelsea,0,0,D,2,5
2025-04-06,E0,Fulham,Liverpool,3,2,H,6,6
2025-04-06,E0,Tottenham,Southampton,3,1,H,8,4
2025-04-06,E0,Man United,Man City,0,0,D,2,5
2025-04-07,E0,Leicester,Newcastle,0,3,A,2,5
2025-04-08,E1,Derby,Burnley,0,0,D,1,2
2025-04-08,E2,Exeter,Wigan,1,1,D,3,3
2025-04-08,E2,Huddersfield,Wycombe,0,1,A,2,3
2025-04-08,E2,Mansfield,Leyton Orient,2,3,A,3,3
2025-04-08,E2,Peterboro,Birmingham,1,2,A,3,4
2025-04-08,E1,Norwich,Sunderland,0,0,D,4,3
2025-04-08,E1,Middlesbrough,Leeds,0,1,A,2,3
2025-04-08,E1,Watford,Hull,1,0,H,2,5
2025-04-08,E1,Stoke,Luton,1,1,D,4,3
2025-04-08,E3,Chesterfield,Gillingham,1,1,D,2,2
2025-04-08,E1,Sheffield United,Millwall,0,1,A,5,2
2025-04-08,E1,Preston,Cardiff,2,2,D,4,6
2025-04-08,E1,Blackburn,Sheffield Weds,2,2,D,5,3
2025-04-08,E1,Bristol City,West Brom,2,1,H,7,5
2025-04-08,E2,Bolton,Rotherham,0,1,A,7,1
2025-04-08,E2,Shrewsbury,Reading,1,3,A,3,7
2025-04-09,E1,Oxford,QPR,1,3,A,5,6
2025-04-09,E1,Swansea,Plymouth,3,0,H,8,3
2025-04-09,E1,Coventry,Portsmouth,1,0,H,3,1
2025-04-10,E3,Crewe,Cheltenham,2,3,A,5,4
2025-04-11,E3,Notts County,Salford,1,3,A,2,6
2025-04-11,E1,Burnley,Norwich,2,1,H,2,2
2025-04-12,E0,Brighton,Leicester,2,2,D,7,6
2025-04-12,E3,Doncaster,AFC Wimbledon,1,1,D,3,1
2025-04-12,E1,Leeds,Preston,2,1,H,5,2
2025-04-12,E1,Plymouth,Sheffield United,2,1,H,3,3
2025-04-12,E1,Cardiff,Stoke,0,1,A,3,5
2025-04-12,E1,Luton,Blackburn,0,1,A,3,2
2025-04-12,E1,Millwall,Middlesbrough,1,0,H,4,4
2025-04-12,E1,Portsmouth,Derby,2,2,D,5,4
2025-04-12,E1,Sheffield Weds,Oxford,0,1,A,2,5
2025-04-12,E1,Sunderland,Swansea,0,1,A,3,2
2025-04-12,E1,West Brom,Watford,2,1,H,5,3
2025-04-12,E2,Stockport,Rotherham,3,1,H,7,2
2025-04-12,E2,Northampton,Reading,0,0,D,2,2
2025-04-12,E2,Lincoln,Shrewsbury,1,1,D,2,3
2025-04-12,E2,Crawley Town,Leyton Orient,1,3,A,4,5
2025-04-12,E2,Cambridge,Charlton,0,1,A,0,5
2025-04-12,E2,Burton,Huddersfield,3,0,H,6,0
2025-04-12,E2,Bristol Rvs,Exeter,1,2,A,2,3
2025-04-12,E2,Barnsley,Bolton,4,1,H,9,1
2025-04-12,E2,Wycombe,Stevenage,1,0,H,4,2
2025-04-12,E2,Wigan,Wrexham,0,0,D,2,0
2025-04-12,E0,Man City,Crystal Palace,5,2,H,9,3
2025-04-12,E3,Accrington,Tranmere,3,3,D,3,4
2025-04-12,E3,Swindon,Bradford,5,4,H,12,6
2025-04-12,E3,Chesterfield,Fleetwood Town,3,0,H,3,3
2025-04-12,E0,Nott'm Forest,Everton,0,1,A,5,5
2025-04-12,E0,Southampton,Aston Villa,0,3,A,2,10
2025-04-12,E0,Arsenal,Brentford,1,1,D,3,2
2025-04-12,E3,Barrow,Walsall,2,0,H,5,0
2025-04-12,E1,QPR,Bristol City,1,1,D,4,1
2025-04-12,E3,Gillingham,Milton Keynes Dons,1,0,H,5,0
2025-04-12,E3,Harrogate,Grimsby,2,2,D,2,5
2025-04-12,E3,Morecambe,Carlisle,0,2,A,3,3
2025-04-12,E3,Newport County,Colchester,0,2,A,4,3
2025-04-12,E3,Port Vale,Bromley,5,0,H,6,1
2025-04-13,E0,Chelsea,Ipswich,2,2,D,9,4
2025-04-13,E0,Liverpool,West Ham,2,1,H,6,4
2025-04-13,E0,Wolves,Tottenham,4,2,H,5,4
2025-04-13,E0,Newcastle,Man United,4,1,H,6,5
2025-04-14,E1,Hull,Coventry,1,1,D,3,8
2025-04-14,E0,Bournemouth,Fulham,1,0,H,3,7
2025-04-15,E3,Salford,Doncaster,1,1,D,3,6
2025-04-16,E0,Newcastle,Crystal Palace,5,0,H,7,4
2025-04-17,E3,Bradford,Notts County,1,1,D,2,4
2025-04-18,E3,Walsall,Harrogate,2,2,D,5,7
2025-04-18,E3,Tranmere,Doncaster,0,3,A,3,6
2025-04-18,E3,Fleetwood Town,Barrow,0,0,D,2,1
2025-04-18,E3,Colchester,Crewe,0,0,D,4,1
2025-04-18,E3,Cheltenham,Gillingham,1,1,D,4,5
2025-04-18,E3,Carlisle,Port Vale,3,2,H,4,6
2025-04-18,E3,Bromley,Morecambe,1,0,H,6,9
2025-04-18,E3,AFC Wimbledon,Chesterfield,0,0,D,4,0
2025-04-18,E3,Salford,Accrington,1,2,A,2,6
2025-04-18,E3,Milton Keynes Dons,Newport County,0,0,D,2,2
2025-04-18,E3,Grimsby,Swindon,0,4,A,2,6
2025-04-18,E1,Derby,Luton,0,1,A,5,1
2025-04-18,E1,Bristol City,Sunderland,2,1,H,7,2
2025-04-18,E1,Coventry,West Brom,2,0,H,4,0
2025-04-18,E1,Watford,Burnley,1,2,A,5,7
2025-04-18,E1,Swansea,Hull,1,0,H,3,3
2025-04-18,E1,Stoke,Sheffield Weds,2,0,H,3,1
2025-04-18,E1,Preston,QPR,1,2,A,2,5
2025-04-18,E1,Norwich,Portsmouth,3,5,A,6,10
2025-04-18,E1,Middlesbrough,Plymouth,2,1,H,8,5
2025-04-18,E1,Blackburn,Millwall,4,1,H,6,6
2025-04-18,E2,Exeter,Burton,0,0,D,3,1
2025-04-18,E2,Bolton,Wycombe,0,2,A,1,3
2025-04-18,E2,Charlton,Northampton,2,1,H,4,3
2025-04-18,E2,Huddersfield,Cambridge,1,2,A,5,2
2025-04-18,E2,Leyton Orient,Barnsley,4,3,H,9,7
2025-04-18,E2,Wrexham,Bristol Rvs,1,1,D,5,2
2025-04-18,E2,Stevenage,Blackpool,1,3,A,3,8
2025-04-18,E2,Shrewsbury,Wigan,0,1,A,2,2
2025-04-18,E2,Rotherham,Mansfield,3,3,D,4,7
2025-04-18,E2,Birmingham,Crawley Town,0,0,D,3,2
2025-04-18,E2,Reading,Lincoln,0,1,A,2,5
2025-04-18,E2,Peterboro,Stockport,1,1,D,3,3
2025-04-18,E1,Oxford,Leeds,0,1,A,2,4
2025-04-18,E1,Sheffield United,Cardiff,2,0,H,5,3
2025-04-19,E0,Aston Villa,Newcastle,4,1,H,9,3
2025-04-19,E0,West Ham,Southampton,1,1,D,4,4
2025-04-19,E0,Everton,Man City,0,2,A,3,7
2025-04-19,E0,Crystal Palace,Bournemouth,0,0,D,0,4
2025-04-19,E0,Brentford,Brighton,4,2,H,8,3
2025-04-20,E0,Ipswich,Arsenal,0,4,A,0,7
2025-04-20,E0,Fulham,Chelsea,1,2,A,1,8
2025-04-20,E0,Man United,Wolves,0,1,A,2,2
2025-04-20,E0,Leicester,Liverpool,0,1,A,0,10
2025-04-21,E0,Tottenham,Nott'm Forest,1,2,A,6,3
2025-04-21,E1,Plymouth,Coventry,3,1,H,5,3
2025-04-21,E1,Sheffield Weds,Middlesbrough,2,1,H,11,6
2025-04-21,E1,Sunderland,Blackburn,0,1,A,2,1
2025-04-21,E1,West Brom,Derby,1,3,A,2,4
2025-04-21,E1,Millwall,Norwich,3,1,H,5,1
2025-04-21,E1,Luton,Bristol City,3,1,H,7,4
2025-04-21,E1,Leeds,Stoke,6,0,H,11,1
2025-04-21,E1,Hull,Preston,2,1,H,6,2
2025-04-21,E1,Cardiff,Oxford,1,1,D,3,1
2025-04-21,E1,Portsmouth,Watford,1,0,H,10,3
2025-04-21,E1,QPR,Swansea,1,2,A,2,2
2025-04-21,E2,Blackpool,Wrexham,1,2,A,2,6
2025-04-21,E1,Burnley,Sheffield United,2,1,H,4,4
2025-04-21,E3,Chesterfield,Bradford,3,3,D,4,5
2025-04-21,E3,Crewe,Milton Keynes Dons,0,1,A,1,1
2025-04-21,E3,Doncaster,Colchester,3,0,H,4,2
2025-04-21,E3,Gillingham,AFC Wimbledon,1,0,H,1,0
2025-04-21,E3,Harrogate,Fleetwood Town,3,1,H,9,3
2025-04-21,E3,Morecambe,Salford,1,3,A,2,13
2025-04-21,E3,Notts County,Cheltenham,1,2,A,5,3
2025-04-21,E3,Port Vale,Grimsby,2,2,D,8,4
2025-04-21,E3,Swindon,Bromley,0,1,A,5,5
2025-04-21,E2,Barnsley,Peterboro,1,1,D,4,4
2025-04-21,E3,Barrow,Tranmere,0,0,D,1,4
2025-04-21,E3,Newport County,Walsall,0,0,D,3,3
2025-04-21,E2,Wycombe,Charlton,0,4,A,2,7
2025-04-21,E2,Wigan,Rotherham,1,0,H,8,0
2025-04-21,E2,Stockport,Huddersfield,2,1,H,6,5
2025-04-21,E2,Northampton,Shrewsbury,4,1,H,7,3
2025-04-21,E2,Mansfield,Reading,1,5,A,3,5
2025-04-21,E2,Lincoln,Bolton,4,2,H,5,4
2025-04-21,E2,Crawley Town,Exeter,3,1,H,7,2
2025-04-21,E2,Cambridge,Leyton Orient,1,2,A,6,4
2025-04-21,E2,Burton,Birmingham,1,2,A,3,3
2025-04-21,E2,Bristol Rvs,Stevenage,0,1,A,3,2
2025-04-21,E3,Accrington,Carlisle,1,1,D,1,4
2025-04-22,E0,Man City,Aston Villa,2,1,H,6,3
2025-04-23,E0,Arsenal,Crystal Palace,2,2,D,6,4
2025-04-24,E2,Stevenage,Birmingham,0,1,A,2,2
2025-04-25,E1,Stoke,Sheffield United,0,2,A,3,5
2025-04-26,E3,Doncaster,Bradford,2,1,H,4,4
2025-04-26,E3,AFC Wimbledon,Port Vale,0,2,A,1,2
2025-04-26,E1,Millwall,Swansea,1,0,H,4,4
2025-04-26,E1,QPR,Burnley,0,5,A,2,10
2025-04-26,E2,Leyton Orient,Wycombe,1,0,H,6,2
2025-04-26,E2,Barnsley,Shrewsbury,1,2,A,7,5
2025-04-26,E1,Luton,Coventry,1,0,H,8,0
2025-04-26,E2,Crawley Town,Northampton,3,0,H,4,5
2025-04-26,E2,Exeter,Huddersfield,3,1,H,6,5
2025-04-26,E2,Peterboro,Bolton,1,1,D,4,5
2025-04-26,E2,Bristol Rvs,Reading,0,2,A,5,6
2025-04-26,E2,Stockport,Lincoln,3,2,H,8,4
2025-04-26,E2,Wrexham,Charlton,3,0,H,4,3
2025-04-26,E0,Chelsea,Everton,1,0,H,7,3
2025-04-26,E0,Brighton,West Ham,3,2,H,9,4
2025-04-26,E0,Newcastle,Ipswich,3,0,H,5,0
2025-04-26,E0,Southampton,Fulham,1,2,A,3,5
2025-04-26,E0,Wolves,Leicester,3,0,H,6,2
2025-04-26,E2,Wigan,Blackpool,1,1,D,1,7
2025-04-26,E3,Walsall,Accrington,0,1,A,3,2
2025-04-26,E2,Burton,Cambridge,2,1,H,5,5
2025-04-26,E3,Salford,Colchester,4,1,H,5,3
2025-04-26,E1,Blackburn,Watford,2,1,H,4,2
2025-04-26,E1,Cardiff,West Brom,0,0,D,5,5
2025-04-26,E1,Hull,Derby,0,1,A,2,2
2025-04-26,E1,Middlesbrough,Norwich,0,0,D,5,4
2025-04-26,E1,Oxford,Sunderland,2,0,H,4,0
2025-04-26,E3,Tranmere,Crewe,2,0,H,9,0
2025-04-26,E1,Preston,Plymouth,1,2,A,7,3
2025-04-26,E3,Cheltenham,Carlisle,3,2,H,8,4
2025-04-26,E3,Fleetwood Town,Newport County,2,0,H,7,1
2025-04-26,E3,Harrogate,Notts County,1,3,A,7,9
2025-04-26,E3,Barrow,Bromley,3,3,D,6,8
2025-04-26,E3,Chesterfield,Morecambe,4,1,H,10,2
2025-04-26,E1,Sheffield Weds,Portsmouth,1,1,D,5,1
2025-04-26,E3,Gillingham,Swindon,1,1,D,3,3
2025-04-26,E3,Milton Keynes Dons,Grimsby,0,0,D,4,0
2025-04-27,E2,Stevenage,Rotherham,1,1,D,7,1
2025-04-27,E2,Birmingham,Mansfield,4,0,H,7,3
2025-04-27,E0,Liverpool,Tottenham,5,1,H,8,3
2025-04-27,E0,Bournemouth,Man United,1,1,D,1,6
2025-04-28,E1,Leeds,Bristol City,4,0,H,12,1
2025-04-29,E2,Burton,Wigan,1,1,D,5,3
2025-04-30,E2,Blackpool,Birmingham,0,2,A,2,6
2025-04-30,E2,Mansfield,Peterboro,4,2,H,7,4
2025-05-01,E0,Nott'm Forest,Brentford,0,2,A,5,3
2025-05-02,E0,Man City,Wolves,1,0,H,2,1
2025-05-03,E2,Shrewsbury,Crawley Town,1,2,A,4,6
2025-05-03,E3,Accrington,Chesterfield,0,1,A,3,6
2025-05-03,E3,Bradford,Fleetwood Town,1,0,H,4,1
2025-05-03,E3,Bromley,Cheltenham,3,0,H,4,1
2025-05-03,E3,Carlisle,Salford,2,2,D,3,8
2025-05-03,E3,Colchester,Barrow,0,0,D,4,3
2025-05-03,E3,Crewe,Walsall,0,1,A,3,5
2025-05-03,E3,Grimsby,AFC Wimbledon,0,1,A,4,3
2025-05-03,E3,Morecambe,Harrogate,1,2,A,2,3
2025-05-03,E3,Newport County,Tranmere,1,4,A,3,5
2025-05-03,E3,Notts County,Doncaster,1,2,A,4,4
2025-05-03,E3,Port Vale,Gillingham,0,1,A,4,2
2025-05-03,E3,Swindon,Milton Keynes Dons,0,0,D,0,1
2025-05-03,E0,Aston Villa,Fulham,1,0,H,3,3
2025-05-03,E0,Everton,Ipswich,2,2,D,3,5
2025-05-03,E2,Wycombe,Stockport,1,3,A,4,3
2025-05-03,E0,Arsenal,Bournemouth,1,2,A,4,2
2025-05-03,E1,Burnley,Millwall,3,1,H,9,4
2025-05-03,E1,Coventry,Middlesbrough,2,0,H,4,6
2025-05-03,E1,Derby,Stoke,0,0,D,4,1
2025-05-03,E1,Norwich,Cardiff,4,2,H,8,6
2025-05-03,E1,Plymouth,Leeds,1,2,A,0,4
2025-05-03,E1,Portsmouth,Hull,1,1,D,2,4
2025-05-03,E1,Sheffield United,Blackburn,1,1,D,5,2
2025-05-03,E1,Sunderland,QPR,0,1,A,5,1
2025-05-03,E1,Swansea,Oxford,3,3,D,5,7
2025-05-03,E1,Watford,Sheffield Weds,1,1,D,5,2
2025-05-03,E1,West Brom,Luton,5,3,H,5,4
2025-05-03,E2,Blackpool,Bristol Rvs,4,1,H,8,4
2025-05-03,E2,Bolton,Stevenage,1,1,D,5,5
2025-05-03,E2,Cambridge,Birmingham,1,2,A,4,6
2025-05-03,E2,Charlton,Burton,3,1,H,5,3
2025-05-03,E2,Huddersfield,Leyton Orient,1,4,A,6,7
2025-05-03,E2,Lincoln,Wrexham,0,2,A,4,6
2025-05-03,E2,Mansfield,Exeter,3,0,H,4,1
2025-05-03,E2,Northampton,Wigan,1,1,D,2,5
2025-05-03,E1,Bristol City,Preston,2,2,D,2,5
2025-05-03,E2,Reading,Barnsley,2,4,A,4,9
2025-05-03,E2,Rotherham,Peterboro,2,1,H,5,3
2025-05-03,E0,Leicester,Southampton,2,0,H,4,2
2025-05-04,E0,Brentford,Man United,4,3,H,6,5
2025-05-04,E0,Brighton,Newcastle,1,1,D,2,5
2025-05-04,E0,West Ham,Tottenham,1,1,D,2,2
2025-05-04,E0,Chelsea,Liverpool,3,1,H,7,2
2025-05-05,E0,Crystal Palace,Nott'm Forest,1,1,D,3,4
2025-05-10,E0,Bournemouth,Aston Villa,0,1,A,4,3
2025-05-10,E0,Wolves,Brighton,0,2,A,3,2
2025-05-10,E0,Southampton,Man City,0,0,D,0,5
2025-05-10,E0,Ipswich,Brentford,0,1,A,4,5
2025-05-10,E0,Fulham,Everton,1,3,A,6,7
2025-05-11,E0,Newcastle,Chelsea,2,0,H,6,3
2025-05-11,E0,Man United,West Ham,0,2,A,5,4
2025-05-11,E0,Nott'm Forest,Leicester,2,2,D,4,6
2025-05-11,E0,Tottenham,Crystal Palace,0,2,A,1,10
2025-05-11,E0,Liverpool,Arsenal,2,2,D,5,7
2025-05-16,E0,Aston Villa,Tottenham,2,0,H,7,1
2025-05-16,E0,Chelsea,Man United,1,0,H,3,1
2025-05-18,E0,Arsenal,Newcastle,1,0,H,4,5
2025-05-18,E0,West Ham,Nott'm Forest,1,2,A,5,5
2025-05-18,E0,Brentford,Fulham,2,3,A,6,7
2025-05-18,E0,Leicester,Ipswich,2,0,H,3,2
2025-05-18,E0,Everton,Southampton,2,0,H,5,2
2025-05-19,E0,Brighton,Liverpool,3,2,H,12,5
2025-05-20,E0,Crystal Palace,Wolves,4,2,H,10,3
2025-05-20,E0,Man City,Bournemouth,3,1,H,5,2
2025-05-25,E0,Bournemouth,Leicester,2,0,H,7,0
2025-05-25,E0,Fulham,Man City,0,2,A,3,5
2025-05-25,E0,Liverpool,Crystal Palace,1,1,D,3,5
2025-05-25,E0,Newcastle,Everton,0,1,A,6,6
2025-05-25,E0,Nott'm Forest,Chelsea,0,1,A,2,2
2025-05-25,E0,Southampton,Arsenal,1,2,A,2,8
2025-05-25,E0,Tottenham,Brighton,1,4,A,2,8
2025-05-25,E0,Wolves,Brentford,1,1,D,6,7
2025-05-25,E0,Man United,Aston Villa,2,0,H,10,1
2025-05-25,E0,Ipswich,West Ham,1,3,A,4,6
2025-08-01,E2,Luton,AFC Wimbledon,1,0,H,1,0
2025-08-02,E3,Accrington,Gillingham,1,1,D,3,0
2025-08-02,E3,Barnet,Fleetwood Town,0,2,A,6,7
2025-08-02,E2,Cardiff,Peterboro,2,1,H,6,3
2025-08-02,E3,Newport County,Notts County,1,1,D,1,5
2025-08-02,E2,Wigan,Northampton,3,1,H,8,4
2025-08-02,E2,Plymouth,Barnsley,1,3,A,3,7
2025-08-02,E2,Lincoln,Reading,2,0,H,2,2
2025-08-02,E2,Huddersfield,Leyton Orient,3,0,H,8,3
2025-08-02,E2,Doncaster,Exeter,1,0,H,3,0
2025-08-02,E2,Burton,Mansfield,2,1,H,4,3
2025-08-02,E2,Bradford,Wycombe,2,1,H,6,3
2025-08-02,E2,Rotherham,Port Vale,2,1,H,4,4
2025-08-02,E3,Walsall,Swindon,2,1,H,4,5
2025-08-02,E3,Shrewsbury,Bromley,0,0,D,2,2
2025-08-02,E3,Salford,Crewe,1,3,A,5,10
2025-08-02,E3,Milton Keynes Dons,Oldham,0,0,D,0,1
2025-08-02,E3,Grimsby,Crawley Town,3,0,H,6,1
2025-08-02,E3,Bristol Rvs,Harrogate,0,1,A,2,3
2025-08-02,E3,Colchester,Tranmere,1,1,D,2,2
2025-08-02,E3,Chesterfield,Barrow,1,0,H,3,1
2025-08-02,E3,Cambridge,Cheltenham,1,0,H,4,2
2025-08-02,E2,Blackpool,Stevenage,2,3,A,2,4
2025-08-03,E2,Stockport,Bolton,2,0,H,2,2
2025-08-07,E2,Port Vale,Cardiff,0,0,D,1,1
2025-08-08,E1,Birmingham,Ipswich,1,1,D,3,1
2025-08-09,E3,Bromley,Barnet,2,0,H,3,2
2025-08-09,E3,Cheltenham,Chesterfield,0,2,A,2,8
2025-08-09,E3,Crawley Town,Newport County,1,2,A,6,3
2025-08-09,E3,Notts County,Salford,1,2,A,3,5
2025-08-09,E3,Oldham,Colchester,1,1,D,7,3
2025-08-09,E3,Fleetwood Town,Bristol Rvs,2,1,H,3,2
2025-08-09,E3,Gillingham,Walsall,1,0,H,2,2
2025-08-09,E3,Harrogate,Grimsby,3,3,D,3,4
2025-08-09,E3,Barrow,Milton Keynes Dons,0,2,A,0,5
2025-08-09,E3,Tranmere,Shrewsbury,4,0,H,6,3
2025-08-09,E3,Crewe,Accrington,2,0,H,4,3
2025-08-09,E1,Charlton,Watford,1,0,H,5,1
2025-08-09,E1,Sheffield United,Bristol City,1,4,A,6,5
2025-08-09,E1,West Brom,Blackburn,1,0,H,5,1
2025-08-09,E1,Stoke,Derby,3,1,H,7,2
2025-08-09,E1,QPR,Preston,1,1,D,3,3
2025-08-09,E1,Oxford,Portsmouth,0,1,A,4,4
2025-08-09,E1,Norwich,Millwall,1,2,A,3,3
2025-08-09,E1,Middlesbrough,Swansea,1,0,H,3,1
2025-08-09,E1,Southampton,Wrexham,2,1,H,10,2
2025-08-09,E3,Swindon,Cambridge,3,2,H,5,4
2025-08-09,E2,Peterboro,Luton,0,2,A,2,3
2025-08-09,E2,AFC Wimbledon,Lincoln,2,0,H,3,0
2025-08-09,E2,Barnsley,Burton,3,2,H,7,3
2025-08-09,E2,Bolton,Plymouth,2,0,H,2,0
2025-08-09,E2,Exeter,Blackpool,4,1,H,7,3
2025-08-09,E2,Leyton Orient,Wigan,2,0,H,5,0
2025-08-09,E2,Mansfield,Doncaster,1,2,A,3,2
2025-08-09,E2,Stevenage,Rotherham,1,0,H,2,0
2025-08-09,E2,Wycombe,Stockport,1,2,A,6,3
2025-08-09,E1,Coventry,Hull,0,0,D,3,3
2025-08-09,E2,Reading,Huddersfield,0,2,A,2,6
2025-08-09,E2,Northampton,Bradford,0,0,D,1,2
2025-08-10,E1,Leicester,Sheffield Weds,2,1,H,13,3
2025-08-15,E0,Liverpool,Bournemouth,4,2,H,10,3
2025-08-16,E3,Chesterfield,Bristol Rvs,3,1,H,10,3
2025-08-16,E1,Sheffield Weds,Stoke,0,3,A,5,6
2025-08-16,E1,Preston,Leicester,2,1,H,4,2
2025-08-16,E1,Millwall,Middlesbrough,0,3,A,1,5
2025-08-16,E1,Bristol City,Charlton,0,0,D,1,2
2025-08-16,E1,Blackburn,Birmingham,1,2,A,2,4
2025-08-16,E1,Wrexham,West Brom,2,3,A,3,5
2025-08-16,E1,Portsmouth,Norwich,1,2,A,3,5
2025-08-16,E1,Derby,Coventry,3,5,A,4,10
2025-08-16,E3,Tranmere,Gillingham,1,1,D,2,1
2025-08-16,E3,Shrewsbury,Colchester,0,2,A,1,4
2025-08-16,E3,Salford,Accrington,2,1,H,3,4
2025-08-16,E3,Milton Keynes Dons,Cheltenham,5,0,H,8,2
2025-08-16,E3,Grimsby,Newport County,2,1,H,6,3
2025-08-16,E3,Crewe,Crawley Town,1,0,H,2,4
2025-08-16,E3,Cambridge,Harrogate,1,1,D,5,1
2025-08-16,E3,Bromley,Fleetwood Town,2,2,D,5,4
2025-08-16,E3,Barrow,Notts County,2,1,H,5,3
2025-08-16,E3,Barnet,Walsall,1,2,A,3,2
2025-08-16,E3,Oldham,Swindon,1,2,A,5,3
2025-08-16,E1,Swansea,Sheffield United,1,0,H,4,0
2025-08-16,E0,Aston Villa,Newcastle,0,0,D,3,3
2025-08-16,E1,Watford,QPR,2,1,H,4,3
2025-08-16,E2,Lincoln,Plymouth,3,2,H,8,4
2025-08-16,E2,Reading,AFC Wimbledon,1,2,A,3,2
2025-08-16,E2,Leyton Orient,Stockport,2,2,D,2,4
2025-08-16,E2,Doncaster,Wycombe,1,1,D,1,3
2025-08-16,E2,Cardiff,Rotherham,3,0,H,6,1
2025-08-16,E2,Bradford,Luton,2,1,H,7,3
2025-08-16,E2,Blackpool,Huddersfield,3,2,H,4,3
2025-08-16,E2,Barnsley,Bolton,1,1,D,2,7
2025-08-16,E2,Stevenage,Northampton,2,0,H,3,0
2025-08-16,E2,Exeter,Mansfield,1,2,A,4,3
2025-08-16,E0,Wolves,Man City,0,4,A,3,4
2025-08-16,E0,Tottenham,Burnley,3,0,H,6,4
2025-08-16,E0,Sunderland,West Ham,3,0,H,5,4
2025-08-16,E0,Brighton,Fulham,1,1,D,4,2
2025-08-16,E2,Burton,Port Vale,0,0,D,3,0
2025-08-16,E2,Wigan,Peterboro,2,0,H,4,2
2025-08-17,E0,Man United,Arsenal,0,1,A,7,3
2025-08-17,E0,Nott'm Forest,Brentford,3,1,H,5,3
2025-08-17,E0,Chelsea,Crystal Palace,0,0,D,3,4
2025-08-17,E1,Ipswich,Southampton,1,1,D,1,3
2025-08-17,E1,Hull,Oxford,3,2,H,7,6
2025-08-18,E0,Leeds,Everton,1,0,H,3,1
2025-08-19,E2,Port Vale,Stevenage,1,2,A,6,3
2025-08-19,E3,Harrogate,Barrow,1,0,H,5,1
2025-08-19,E3,Gillingham,Chesterfield,4,1,H,6,3
2025-08-19,E3,Fleetwood Town,Crewe,1,4,A,3,10
2025-08-19,E3,Newport County,Salford,0,1,A,2,3
2025-08-19,E2,AFC Wimbledon,Cardiff,0,1,A,2,1
2025-08-19,E2,Huddersfield,Doncaster,2,0,H,7,3
2025-08-19,E2,Luton,Wigan,1,0,H,4,3
2025-08-19,E3,Walsall,Grimsby,0,1,A,2,5
2025-08-19,E2,Mansfield,Blackpool,2,0,H,6,1
2025-08-19,E2,Peterboro,Barnsley,0,1,A,1,5
2025-08-19,E2,Plymouth,Leyton Orient,0,1,A,5,5
2025-08-19,E3,Crawley Town,Milton Keynes Dons,1,1,D,6,6
2025-08-19,E2,Stockport,Bradford,1,2,A,8,3
2025-08-19,E2,Wycombe,Exeter,0,1,A,8,1
2025-08-19,E3,Colchester,Cambridge,1,2,A,3,4
2025-08-19,E3,Cheltenham,Bromley,1,2,A,6,4
2025-08-19,E3,Bristol Rvs,Oldham,0,0,D,4,1
2025-08-19,E2,Northampton,Lincoln,0,1,A,3,1
2025-08-19,E3,Swindon,Barnet,0,2,A,4,5
2025-08-20,E2,Bolton,Reading,1,1,D,4,2
2025-08-20,E3,Notts County,Shrewsbury,4,1,H,8,2
2025-08-22,E0,West Ham,Chelsea,1,5,A,4,7
2025-08-22,E1,Derby,Bristol City,1,1,D,2,3
2025-08-23,E3,Walsall,Salford,1,0,H,6,3
2025-08-23,E3,Accrington,Grimsby,1,1,D,3,4
2025-08-23,E3,Cheltenham,Barnet,0,1,A,1,6
2025-08-23,E3,Colchester,Barrow,0,2,A,6,4
2025-08-23,E3,Crawley Town,Tranmere,0,2,A,3,2
2025-08-23,E3,Fleetwood Town,Oldham,1,1,D,4,3
2025-08-23,E3,Gillingham,Crewe,1,0,H,5,2
2025-08-23,E3,Harrogate,Chesterfield,1,2,A,3,5
2025-08-23,E3,Newport County,Milton Keynes Dons,1,2,A,3,4
2025-08-23,E3,Bristol Rvs,Cambridge,1,0,H,3,0
2025-08-23,E2,Bolton,Lincoln,1,1,D,6,3
2025-08-23,E1,Hull,Blackburn,0,3,A,2,6
2025-08-23,E2,AFC Wimbledon,Barnsley,2,0,H,5,3
2025-08-23,E2,Rotherham,Wigan,2,2,D,5,5
2025-08-23,E2,Luton,Cardiff,0,1,A,7,3
2025-08-23,E3,Notts County,Bromley,2,2,D,3,2
2025-08-23,E2,Mansfield,Leyton Orient,4,1,H,5,3
2025-08-23,E2,Northampton,Exeter,2,0,H,3,1
2025-08-23,E2,Peterboro,Bradford,1,1,D,4,4
2025-08-23,E2,Plymouth,Blackpool,1,0,H,3,2
2025-08-23,E2,Port Vale,Doncaster,0,1,A,3,1
2025-08-23,E1,Charlton,Leicester,0,1,A,7,2
2025-08-23,E2,Stockport,Burton,2,1,H,5,3
2025-08-23,E1,Wrexham,Sheffield Weds,2,2,D,4,7
2025-08-23,E1,West Brom,Portsmouth,1,1,D,3,4
2025-08-23,E1,Southampton,Stoke,1,2,A,2,4
2025-08-23,E1,Sheffield United,Millwall,0,1,A,4,6
2025-08-23,E1,Preston,Ipswich,1,0,H,1,2
2025-08-23,E2,Huddersfield,Stevenage,1,0,H,6,4
2025-08-23,E1,Coventry,QPR,7,1,H,8,1
2025-08-23,E1,Birmingham,Oxford,1,0,H,1,1
2025-08-23,E1,Swansea,Watford,1,1,D,2,4
2025-08-23,E2,Wycombe,Reading,2,2,D,6,6
2025-08-23,E1,Norwich,Middlesbrough,1,2,A,3,4
2025-08-23,E3,Swindon,Shrewsbury,2,1,H,7,3
2025-08-23,E0,Man City,Tottenham,0,2,A,4,5
2025-08-23,E0,Bournemouth,Wolves,1,0,H,4,1
2025-08-23,E0,Brentford,Aston Villa,1,0,H,2,2
2025-08-23,E0,Burnley,Sunderland,2,0,H,2,1
2025-08-23,E0,Arsenal,Leeds,5,0,H,5,1
2025-08-24,E0,Crystal Palace,Nott'm Forest,1,1,D,4,1
2025-08-24,E0,Everton,Brighton,2,0,H,3,4
2025-08-24,E0,Fulham,Man United,1,1,D,4,3
2025-08-25,E0,Newcastle,Liverpool,2,3,A,3,4
2025-08-29,E1,Leicester,Birmingham,2,0,H,2,1
2025-08-29,E3,Salford,Cheltenham,1,1,D,7,3
2025-08-30,E0,Sunderland,Brentford,2,1,H,3,4
2025-08-30,E1,Middlesbrough,Sheffield United,1,0,H,6,0
2025-08-30,E1,QPR,Charlton,3,1,H,6,3
2025-08-30,E1,Stoke,West Brom,0,1,A,3,3
2025-08-30,E1,Blackburn,Norwich,0,2,A,3,4
2025-08-30,E1,Bristol City,Hull,4,2,H,5,9
2025-08-30,E1,Ipswich,Derby,2,2,D,5,2
2025-08-30,E0,Leeds,Newcastle,0,0,D,1,2
2025-08-30,E0,Wolves,Everton,2,3,A,4,4
2025-08-30,E0,Tottenham,Bournemouth,0,1,A,1,6
2025-08-30,E1,Oxford,Coventry,2,2,D,3,6
2025-08-30,E2,Cardiff,Plymouth,4,0,H,10,3
2025-08-30,E3,Cambridge,Newport County,2,0,H,3,2
2025-08-30,E3,Crewe,Swindon,0,3,A,3,9
2025-08-30,E3,Barnet,Colchester,1,1,D,6,2
2025-08-30,E3,Bromley,Harrogate,2,0,H,6,3
2025-08-30,E2,Doncaster,Rotherham,1,0,H,3,3
2025-08-30,E3,Chesterfield,Crawley Town,2,2,D,3,3
2025-08-30,E3,Grimsby,Bristol Rvs,0,1,A,2,3
2025-08-30,E3,Milton Keynes Dons,Walsall,0,1,A,5,2
2025-08-30,E3,Oldham,Gillingham,0,1,A,3,2
2025-08-30,E3,Shrewsbury,Accrington,0,0,D,5,4
2025-08-30,E3,Tranmere,Notts County,1,2,A,2,4
2025-08-30,E1,Watford,Southampton,2,2,D,4,7
2025-08-30,E1,Sheffield Weds,Swansea,0,2,A,1,8
2025-08-30,E1,Portsmouth,Preston,1,0,H,2,2
2025-08-30,E3,Barrow,Fleetwood Town,0,1,A,1,6
2025-08-30,E2,Barnsley,Huddersfield,3,1,H,5,1
2025-08-30,E1,Millwall,Wrexham,0,2,A,2,3
2025-08-30,E2,Bradford,AFC Wimbledon,3,2,H,6,4
2025-08-30,E0,Man United,Burnley,3,2,H,6,3
2025-08-30,E0,Chelsea,Fulham,2,0,H,6,3
2025-08-30,E2,Wigan,Stockport,1,1,D,3,3
2025-08-30,E2,Stevenage,Wycombe,1,0,H,5,0
2025-08-30,E2,Blackpool,Bolton,1,1,D,1,4
2025-08-30,E2,Lincoln,Mansfield,1,1,D,2,4
2025-08-30,E2,Leyton Orient,Northampton,0,1,A,4,4
2025-08-30,E2,Exeter,Peterboro,3,0,H,5,1
2025-08-30,E2,Burton,Luton,0,3,A,3,6
2025-08-30,E2,Reading,Port Vale,1,0,H,5,3
2025-08-31,E0,Brighton,Man City,2,1,H,7,3
2025-08-31,E0,Nott'm Forest,West Ham,0,3,A,3,8
2025-08-31,E0,Liverpool,Arsenal,1,0,H,3,1
2025-08-31,E0,Aston Villa,Crystal Palace,0,3,A,4,4
2025-09-06,E2,Port Vale,Leyton Orient,2,3,A,8,4
2025-09-06,E3,Walsall,Chesterfield,1,0,H,2,0
2025-09-06,E3,Bromley,Gillingham,2,2,D,6,5
2025-09-06,E3,Newport County,Bristol Rvs,2,3,A,5,4
2025-09-06,E2,Plymouth,Stockport,4,2,H,5,3
2025-09-06,E2,Wycombe,Mansfield,2,0,H,3,2
2025-09-06,E3,Salford,Tranmere,3,1,H,8,4
2025-09-06,E3,Barnet,Shrewsbury,1,3,A,6,4
2025-09-06,E2,Lincoln,Wigan,2,2,D,6,7
2025-09-06,E3,Barrow,Swindon,1,3,A,2,3
2025-09-06,E2,Bolton,AFC Wimbledon,3,0,H,8,1
2025-09-06,E3,Notts County,Fleetwood Town,1,0,H,4,6
2025-09-06,E3,Milton Keynes Dons,Grimsby,2,3,A,2,8
2025-09-06,E3,Harrogate,Crawley Town,0,1,A,6,3
2025-09-06,E3,Colchester,Crewe,1,1,D,7,1
2025-09-06,E2,Huddersfield,Peterboro,3,2,H,5,3
2025-09-06,E2,Rotherham,Exeter,1,0,H,5,1
2025-09-06,E2,Doncaster,Bradford,3,1,H,5,1
2025-09-06,E3,Cheltenham,Accrington,1,0,H,3,1
2025-09-06,E3,Cambridge,Oldham,0,1,A,3,4
2025-09-12,E1,Ipswich,Sheffield United,5,0,H,11,2
2025-09-13,E3,Fleetwood Town,Walsall,1,1,D,2,2
2025-09-13,E3,Gillingham,Notts County,1,0,H,3,1
2025-09-13,E3,Chesterfield,Milton Keynes Dons,1,1,D,4,1
2025-09-13,E3,Oldham,Bromley,1,0,H,6,3
2025-09-13,E3,Shrewsbury,Salford,1,3,A,3,3
2025-09-13,E3,Crawley Town,Cheltenham,2,0,H,6,3
2025-09-13,E3,Accrington,Colchester,1,0,H,8,0
2025-09-13,E3,Crewe,Barnet,1,2,A,5,5
2025-09-13,E3,Grimsby,Cambridge,1,1,D,5,4
2025-09-13,E0,Fulham,Leeds,1,0,H,3,3
2025-09-13,E0,Bournemouth,Brighton,2,1,H,5,2
2025-09-13,E2,Bradford,Huddersfield,3,1,H,4,2
2025-09-13,E2,Northampton,Blackpool,1,0,H,4,4
2025-09-13,E2,AFC Wimbledon,Rotherham,2,1,H,5,3
2025-09-13,E2,Barnsley,Reading,3,2,H,5,5
2025-09-13,E2,Burton,Lincoln,0,1,A,2,3
2025-09-13,E2,Exeter,Port Vale,0,2,A,4,2
2025-09-13,E2,Leyton Orient,Bolton,1,1,D,1,4
2025-09-13,E2,Luton,Plymouth,2,3,A,7,3
2025-09-13,E2,Mansfield,Stevenage,1,1,D,2,4
2025-09-13,E2,Peterboro,Wycombe,2,1,H,6,5
2025-09-13,E2,Stockport,Cardiff,1,1,D,3,2
2025-09-13,E2,Wigan,Doncaster,3,0,H,8,3
2025-09-13,E0,Brentford,Chelsea,2,2,D,4,6
2025-09-13,E0,West Ham,Tottenham,0,3,A,4,5
2025-09-13,E0,Newcastle,Wolves,1,0,H,4,3
2025-09-13,E3,Swindon,Harrogate,3,1,H,7,4
2025-09-13,E0,Crystal Palace,Sunderland,0,0,D,6,0
2025-09-13,E0,Arsenal,Nott'm Forest,3,0,H,5,1
2025-09-13,E3,Tranmere,Newport County,1,1,D,4,4
2025-09-13,E0,Everton,Aston Villa,0,0,D,2,1
2025-09-13,E3,Bristol Rvs,Barrow,2,1,H,3,2
2025-09-13,E1,Wrexham,QPR,1,3,A,8,6
2025-09-13,E1,West Brom,Derby,0,1,A,3,1
2025-09-13,E1,Watford,Blackburn,0,1,A,1,5
2025-09-13,E1,Swansea,Hull,2,2,D,2,6
2025-09-13,E1,Stoke,Birmingham,1,0,H,3,0
2025-09-13,E1,Sheffield Weds,Bristol City,0,3,A,0,4
2025-09-13,E1,Coventry,Norwich,1,1,D,4,1
2025-09-13,E1,Preston,Middlesbrough,2,2,D,2,3
2025-09-13,E1,Oxford,Leicester,2,2,D,2,5
2025-09-13,E1,Charlton,Millwall,1,1,D,3,3
2025-09-14,E1,Southampton,Portsmouth,0,0,D,1,1
2025-09-14,E0,Burnley,Liverpool,0,1,A,0,4
2025-09-14,E0,Man City,Man United,3,0,H,6,2
2025-09-19,E1,Middlesbrough,West Brom,2,1,H,4,3
2025-09-20,E0,Wolves,Leeds,1,3,A,6,4
2025-09-20,E2,Reading,Leyton Orient,2,1,H,6,6
2025-09-20,E2,Blackpool,Barnsley,1,0,H,3,1
2025-09-20,E2,Bolton,Wigan,4,1,H,7,1
2025-09-20,E2,Lincoln,Luton,3,1,H,6,2
2025-09-20,E2,Cardiff,Bradford,1,3,A,5,6
2025-09-20,E2,Doncaster,AFC Wimbledon,1,2,A,1,4
2025-09-20,E2,Huddersfield,Burton,0,0,D,4,3
2025-09-20,E2,Plymouth,Peterboro,0,1,A,4,4
2025-09-20,E1,Sheffield United,Charlton,0,1,A,1,4
2025-09-20,E0,Man United,Chelsea,2,1,H,4,1
2025-09-20,E1,Portsmouth,Sheffield Weds,0,2,A,5,8
2025-09-20,E3,Barnet,Grimsby,3,0,H,5,1
2025-09-20,E2,Rotherham,Stockport,0,1,A,1,5
2025-09-20,E2,Stevenage,Exeter,2,1,H,5,6
2025-09-20,E2,Wycombe,Northampton,2,0,H,6,1
2025-09-20,E0,Fulham,Brentford,3,1,H,3,3
2025-09-20,E2,Port Vale,Mansfield,2,1,H,8,1
2025-09-20,E0,Liverpool,Everton,2,1,H,3,2
2025-09-20,E0,Brighton,Tottenham,2,2,D,4,3
2025-09-20,E0,Burnley,Nott'm Forest,1,1,D,5,8
2025-09-20,E0,West Ham,Crystal Palace,1,2,A,3,3
2025-09-20,E1,Norwich,Wrexham,2,3,A,5,8
2025-09-20,E1,Hull,Southampton,3,1,H,4,4
2025-09-20,E3,Harrogate,Shrewsbury,2,0,H,9,2
2025-09-20,E1,QPR,Stoke,1,0,H,7,1
2025-09-20,E1,Derby,Preston,0,1,A,2,6
2025-09-20,E3,Walsall,Tranmere,4,2,H,7,3
2025-09-20,E3,Salford,Swindon,3,2,H,7,6
2025-09-20,E3,Notts County,Crawley Town,4,0,H,8,2
2025-09-20,E3,Newport County,Gillingham,1,3,A,7,6
2025-09-20,E3,Colchester,Bristol Rvs,1,1,D,4,1
2025-09-20,E3,Milton Keynes Dons,Accrington,1,2,A,3,6
2025-09-20,E3,Bromley,Chesterfield,2,2,D,6,2
2025-09-20,E3,Barrow,Crewe,1,0,H,3,5
2025-09-20,E3,Cambridge,Fleetwood Town,2,1,H,5,3
2025-09-20,E1,Birmingham,Swansea,1,0,H,7,2
2025-09-20,E1,Leicester,Coventry,0,0,D,9,3
2025-09-20,E3,Cheltenham,Oldham,0,3,A,2,9
2025-09-21,E0,Arsenal,Man City,1,1,D,3,3
2025-09-21,E1,Bristol City,Oxford,1,3,A,2,6
2025-09-21,E0,Bournemouth,Newcastle,0,0,D,2,1
2025-09-21,E0,Sunderland,Aston Villa,1,1,D,4,2
2025-09-22,E1,Millwall,Watford,1,0,H,2,4
2025-09-26,E1,West Brom,Leicester,1,1,D,5,1
2025-09-27,E3,Chesterfield,Newport County,4,1,H,4,3
2025-09-27,E2,Luton,Doncaster,1,0,H,3,1
2025-09-27,E2,Exeter,Huddersfield,0,1,A,3,1
2025-09-27,E2,Burton,Plymouth,0,4,A,3,9
2025-09-27,E1,Coventry,Birmingham,3,0,H,5,0
2025-09-27,E2,Bradford,Blackpool,1,0,H,3,3
2025-09-27,E3,Crawley Town,Barrow,1,2,A,6,8
2025-09-27,E2,Leyton Orient,Stevenage,2,3,A,2,8
2025-09-27,E2,AFC Wimbledon,Wycombe,2,1,H,2,1
2025-09-27,E3,Shrewsbury,Milton Keynes Dons,1,2,A,4,4
2025-09-27,E1,Swansea,Millwall,1,1,D,2,3
2025-09-27,E1,Wrexham,Derby,1,1,D,5,3
2025-09-27,E1,Charlton,Blackburn,3,0,H,7,2
2025-09-27,E1,Ipswich,Portsmouth,2,1,H,5,4
2025-09-27,E1,Oxford,Sheffield United,0,1,A,3,2
2025-09-27,E1,Preston,Bristol City,0,0,D,2,7
2025-09-27,E1,Sheffield Weds,QPR,1,1,D,5,4
2025-09-27,E1,Southampton,Middlesbrough,1,1,D,2,1
2025-09-27,E1,Stoke,Norwich,1,1,D,6,3
2025-09-27,E1,Watford,Hull,2,1,H,8,4
2025-09-27,E3,Swindon,Bromley,2,0,H,6,2
2025-09-27,E3,Tranmere,Cambridge,0,0,D,1,1
2025-09-27,E2,Mansfield,Rotherham,2,1,H,7,3
2025-09-27,E3,Grimsby,Cheltenham,7,1,H,13,1
2025-09-27,E2,Barnsley,Port Vale,0,2,A,0,8
2025-09-27,E3,Accrington,Walsall,1,3,A,5,5
2025-09-27,E3,Bristol Rvs,Salford,2,1,H,2,6
2025-09-27,E3,Oldham,Barnet,1,1,D,4,3
2025-09-27,E3,Crewe,Notts County,2,1,H,3,6
2025-09-27,E3,Fleetwood Town,Colchester,4,2,H,7,4
2025-09-27,E3,Gillingham,Harrogate,0,1,A,2,2
2025-09-27,E0,Brentford,Man United,3,1,H,8,6
2025-09-27,E0,Chelsea,Brighton,1,3,A,3,3
2025-09-27,E0,Crystal Palace,Liverpool,2,1,H,7,4
2025-09-27,E0,Leeds,Bournemouth,2,2,D,8,5
2025-09-27,E0,Nott'm Forest,Sunderland,0,1,A,6,3
2025-09-27,E0,Man City,Burnley,5,1,H,8,2
2025-09-27,E2,Northampton,Bolton,2,0,H,3,7
2025-09-27,E2,Peterboro,Lincoln,0,3,A,0,5
2025-09-27,E2,Stockport,Reading,1,1,D,5,4
2025-09-27,E2,Wigan,Cardiff,0,2,A,1,5
2025-09-27,E0,Tottenham,Wolves,1,1,D,3,3
2025-09-28,E0,Aston Villa,Fulham,3,1,H,4,4
2025-09-28,E0,Newcastle,Arsenal,1,2,A,3,7
2025-09-29,E0,Everton,West Ham,1,1,D,6,3
2025-09-30,E1,Hull,Preston,2,2,D,5,5
2025-09-30,E1,Sheffield United,Southampton,1,2,A,3,5
2025-09-30,E1,Middlesbrough,Stoke,0,0,D,4,5
2025-09-30,E1,Leicester,Wrexham,1,1,D,1,1
2025-09-30,E1,Derby,Charlton,1,1,D,3,3
2025-09-30,E1,Bristol City,Ipswich,1,1,D,3,3
2025-09-30,E2,Cardiff,Burton,0,1,A,8,2
2025-09-30,E1,Birmingham,Sheffield Weds,2,2,D,5,3
2025-09-30,E1,Blackburn,Swansea,1,2,A,3,4
2025-09-30,E2,Blackpool,Luton,2,2,D,3,3
2025-10-01,E1,Portsmouth,Watford,2,2,D,5,6
2025-10-01,E1,Norwich,West Brom,0,1,A,5,1
2025-10-01,E1,QPR,Oxford,0,0,D,1,0
2025-10-01,E1,Millwall,Coventry,0,4,A,3,5
2025-10-02,E2,Rotherham,Bradford,2,2,D,5,5
2025-10-03,E0,Bournemouth,Fulham,3,1,H,6,4
2025-10-03,E1,Wrexham,Birmingham,1,1,D,4,3
2025-10-04,E1,Watford,Oxford,2,1,H,10,5
2025-10-04,E1,Sheffield Weds,Coventry,0,5,A,0,10
2025-10-04,E1,Bristol City,QPR,1,2,A,1,2
2025-10-04,E1,Derby,Southampton,1,1,D,5,6
2025-10-04,E1,Millwall,West Brom,3,0,H,4,1
2025-10-04,E1,Portsmouth,Middlesbrough,1,0,H,1,1
2025-10-04,E1,Preston,Charlton,2,0,H,3,0
2025-10-04,E1,Swansea,Leicester,1,3,A,7,7
2025-10-04,E1,Hull,Sheffield United,1,0,H,2,4
2025-10-04,E3,Milton Keynes Dons,Gillingham,3,2,H,4,4
2025-10-04,E3,Bromley,Tranmere,3,3,D,8,4
2025-10-04,E3,Barrow,Shrewsbury,0,0,D,2,1
2025-10-04,E3,Barnet,Accrington,2,0,H,5,2
2025-10-04,E3,Newport County,Swindon,0,1,A,1,3
2025-10-04,E2,Doncaster,Burton,1,1,D,3,5
2025-10-04,E1,Blackburn,Stoke,1,1,D,5,6
2025-10-04,E0,Leeds,Tottenham,1,2,A,4,3
2025-10-04,E0,Arsenal,West Ham,2,0,H,5,0
2025-10-04,E0,Man United,Sunderland,2,0,H,6,3
2025-10-04,E0,Chelsea,Liverpool,2,1,H,6,2
2025-10-04,E3,Colchester,Chesterfield,6,2,H,13,2
2025-10-04,E3,Cambridge,Crawley Town,3,1,H,5,3
2025-10-04,E3,Notts County,Oldham,3,1,H,11,4
2025-10-04,E3,Walsall,Bristol Rvs,2,1,H,2,3
2025-10-04,E2,Reading,Mansfield,1,1,D,3,2
2025-10-04,E2,Stevenage,Luton,2,0,H,5,3
2025-10-04,E2,Port Vale,Northampton,0,0,D,2,2
2025-10-04,E2,Plymouth,Wigan,1,1,D,1,5
2025-10-04,E2,Lincoln,Exeter,0,1,A,3,2
2025-10-04,E2,Huddersfield,Stockport,1,2,A,5,7
2025-10-04,E2,Cardiff,Leyton Orient,4,3,H,7,11
2025-10-04,E2,Bolton,Peterboro,2,1,H,6,2
2025-10-04,E2,Blackpool,AFC Wimbledon,0,2,A,2,4
2025-10-04,E2,Wycombe,Barnsley,2,2,D,2,4
2025-10-04,E3,Salford,Grimsby,0,2,A,4,3
2025-10-04,E3,Cheltenham,Fleetwood Town,2,0,H,5,6
2025-10-05,E0,Brentford,Man City,0,1,A,1,4
2025-10-05,E0,Everton,Crystal Palace,2,1,H,7,8
2025-10-05,E0,Wolves,Brighton,1,1,D,3,6
2025-10-05,E0,Newcastle,Nott'm Forest,2,0,H,9,4
2025-10-05,E1,Ipswich,Norwich,3,1,H,9,4
2025-10-05,E0,Aston Villa,Burnley,2,1,H,7,2
2025-10-06,E3,Harrogate,Crewe,1,2,A,1,3
2025-10-11,E2,Northampton,Rotherham,1,2,A,1,2
2025-10-11,E2,AFC Wimbledon,Port Vale,1,1,D,4,3
2025-10-11,E2,Burton,Bolton,3,0,H,6,7
2025-10-11,E2,Exeter,Reading,1,1,D,2,1
2025-10-11,E2,Leyton Orient,Doncaster,4,0,H,6,5
2025-10-11,E2,Stockport,Blackpool,1,0,H,5,2
2025-10-11,E2,Wigan,Wycombe,0,1,A,2,3
2025-10-11,E3,Oldham,Barrow,0,0,D,4,2
2025-10-11,E3,Fleetwood Town,Harrogate,3,2,H,5,5
2025-10-11,E3,Shrewsbury,Cambridge,2,0,H,2,1
2025-10-11,E3,Grimsby,Colchester,1,2,A,2,6
2025-10-11,E3,Gillingham,Cheltenham,1,1,D,10,1
2025-10-11,E3,Crewe,Bromley,0,1,A,1,5
2025-10-11,E3,Crawley Town,Walsall,1,1,D,8,4
2025-10-11,E3,Chesterfield,Salford,2,0,H,3,1
2025-10-11,E3,Bristol Rvs,Milton Keynes Dons,0,4,A,1,7
2025-10-11,E3,Accrington,Newport County,0,1,A,2,2
2025-10-11,E3,Tranmere,Barnet,0,2,A,0,4
2025-10-16,E2,Huddersfield,Bolton,1,2,A,2,7
2025-10-17,E1,Middlesbrough,Ipswich,2,1,H,5,5
2025-10-18,E2,Bradford,Barnsley,2,2,D,7,4
2025-10-18,E2,Cardiff,Reading,2,1,H,3,10
2025-10-18,E2,Stockport,Exeter,1,0,H,5,2
2025-10-18,E2,Luton,Mansfield,0,2,A,4,4
2025-10-18,E2,Plymouth,AFC Wimbledon,1,2,A,4,2
2025-10-18,E2,Rotherham,Leyton Orient,1,0,H,2,3
2025-10-18,E2,Wigan,Port Vale,1,0,H,4,2
2025-10-18,E2,Doncaster,Northampton,1,2,A,4,5
2025-10-18,E2,Blackpool,Wycombe,1,1,D,1,6
2025-10-18,E1,Charlton,Sheffield Weds,2,1,H,5,4
2025-10-18,E2,Burton,Peterboro,0,1,A,4,4
2025-10-18,E1,Oxford,Derby,1,0,H,7,1
2025-10-18,E1,Coventry,Blackburn,2,0,H,5,3
2025-10-18,E1,Norwich,Bristol City,0,1,A,4,6
2025-10-18,E1,Sheffield United,Watford,1,0,H,6,1
2025-10-18,E1,Stoke,Wrexham,1,0,H,3,3
2025-10-18,E1,West Brom,Preston,2,1,H,6,5
2025-10-18,E1,Leicester,Portsmouth,1,1,D,6,3
2025-10-18,E1,Southampton,Swansea,0,0,D,8,1
2025-10-18,E2,Lincoln,Stevenage,1,0,H,5,1
2025-10-18,E1,QPR,Millwall,1,2,A,3,5
2025-10-18,E1,Birmingham,Hull,2,3,A,8,7
2025-10-18,E0,Nott'm Forest,Chelsea,0,3,A,2,6
2025-10-18,E3,Cambridge,Bromley,2,1,H,4,2
2025-10-18,E3,Walsall,Barrow,1,2,A,11,2
2025-10-18,E3,Shrewsbury,Crawley Town,1,0,H,4,3
2025-10-18,E3,Newport County,Cheltenham,0,2,A,3,4
2025-10-18,E3,Milton Keynes Dons,Crewe,3,1,H,7,2
2025-10-18,E3,Grimsby,Gillingham,1,0,H,9,2
2025-10-18,E3,Chesterfield,Fleetwood Town,1,1,D,5,2
2025-10-18,E3,Bristol Rvs,Tranmere,1,4,A,2,9
2025-10-18,E3,Barnet,Notts County,0,1,A,5,1
2025-10-18,E3,Accrington,Swindon,4,0,H,6,3
2025-10-18,E3,Colchester,Harrogate,3,1,H,8,2
2025-10-18,E0,Brighton,Newcastle,2,1,H,5,3
2025-10-18,E0,Fulham,Arsenal,0,1,A,0,5
2025-10-18,E0,Sunderland,Wolves,2,0,H,2,3
2025-10-18,E0,Man City,Everton,2,0,H,7,1
2025-10-18,E0,Crystal Palace,Bournemouth,3,3,D,7,5
2025-10-18,E0,Burnley,Leeds,2,0,H,3,4
2025-10-18,E3,Salford,Oldham,1,0,H,8,5
2025-10-19,E0,Liverpool,Man United,1,2,A,6,4
2025-10-19,E0,Tottenham,Aston Villa,1,2,A,3,2
2025-10-20,E0,West Ham,Brentford,0,2,A,1,7
2025-10-21,E1,Bristol City,Southampton,3,1,H,4,7
2025-10-21,E1,Preston,Birmingham,0,1,A,6,2
2025-10-21,E1,Portsmouth,Coventry,1,2,A,5,7
2025-10-21,E1,Derby,Norwich,1,0,H,3,3
2025-10-21,E1,Ipswich,Charlton,0,3,A,5,8
2025-10-21,E1,Hull,Leicester,2,1,H,6,4
2025-10-21,E1,Blackburn,Sheffield United,1,3,A,3,5
2025-10-21,E3,Swindon,Notts County,2,2,D,5,5
2025-10-21,E1,Millwall,Stoke,2,0,H,7,3
2025-10-21,E2,Reading,Northampton,1,0,H,5,1
2025-10-22,E1,Watford,West Brom,2,1,H,5,4
2025-10-22,E1,Sheffield Weds,Middlesbrough,0,1,A,3,7
2025-10-22,E1,Swansea,QPR,0,1,A,2,4
2025-10-22,E1,Wrexham,Oxford,1,0,H,6,2
2025-10-23,E2,Exeter,Plymouth,2,0,H,5,2
2025-10-24,E0,Leeds,West Ham,2,1,H,5,3
2025-10-24,E1,Preston,Sheffield United,3,2,H,3,3
2025-10-25,E3,Oldham,Shrewsbury,2,2,D,4,3
2025-10-25,E2,Northampton,Luton,0,1,A,5,4
2025-10-25,E2,Peterboro,Blackpool,1,2,A,6,2
2025-10-25,E2,Reading,Doncaster,1,1,D,4,7
2025-10-25,E2,Stevenage,Bradford,1,1,D,2,2
2025-10-25,E2,Wycombe,Huddersfield,3,0,H,10,1
2025-10-25,E2,AFC Wimbledon,Burton,0,1,A,3,2
2025-10-25,E2,Mansfield,Wigan,1,1,D,2,1
2025-10-25,E2,Bolton,Cardiff,1,0,H,1,0
2025-10-25,E3,Tranmere,Chesterfield,1,1,D,6,4
2025-10-25,E3,Cheltenham,Walsall,1,0,H,1,6
2025-10-25,E3,Fleetwood Town,Accrington,2,1,H,7,2
2025-10-25,E3,Barrow,Barnet,2,2,D,3,9
2025-10-25,E3,Bromley,Milton Keynes Dons,2,1,H,4,3
2025-10-25,E3,Crawley Town,Bristol Rvs,4,0,H,6,3
2025-10-25,E3,Crewe,Grimsby,3,2,H,5,2
2025-10-25,E3,Gillingham,Salford,1,2,A,7,2
2025-10-25,E3,Harrogate,Newport County,0,3,A,3,8
2025-10-25,E3,Notts County,Cambridge,2,0,H,3,1
2025-10-25,E3,Swindon,Colchester,0,0,D,1,1
2025-10-25,E2,Leyton Orient,Lincoln,1,0,H,4,0
2025-10-25,E2,Barnsley,Rotherham,0,1,A,5,2
2025-10-25,E1,Bristol City,Birmingham,1,0,H,1,1
2025-10-25,E1,Hull,Charlton,1,1,D,4,5
2025-10-25,E1,Derby,QPR,1,0,H,4,1
2025-10-25,E1,Sheffield Weds,Oxford,1,2,A,5,4
2025-10-25,E1,Swansea,Norwich,2,1,H,3,3
2025-10-25,E1,Blackburn,Southampton,2,1,H,6,5
2025-10-25,E1,Portsmouth,Stoke,0,1,A,3,2
2025-10-25,E1,Middlesbrough,Wrexham,1,1,D,4,2
2025-10-25,E1,Coventry,Watford,3,1,H,3,8
2025-10-25,E1,Ipswich,West Brom,1,0,H,4,1
2025-10-25,E1,Millwall,Leicester,1,0,H,4,3
2025-10-25,E0,Chelsea,Sunderland,1,2,A,7,4
2025-10-25,E0,Newcastle,Fulham,2,1,H,7,5
2025-10-25,E0,Man United,Brighton,4,2,H,9,5
2025-10-25,E0,Brentford,Liverpool,3,2,H,8,5
2025-10-26,E0,Arsenal,Crystal Palace,1,0,H,3,1
2025-10-26,E0,Aston Villa,Man City,1,0,H,3,4
2025-10-26,E0,Bournemouth,Nott'm Forest,2,0,H,5,4
2025-10-26,E0,Wolves,Burnley,2,3,A,7,7
2025-10-26,E0,Everton,Tottenham,0,3,A,2,4
2025-10-27,E2,Port Vale,Stockport,0,3,A,1,6
2025-10-28,E3,Accrington,Tranmere,1,1,D,4,3
2025-10-28,E2,Mansfield,Plymouth,2,0,H,4,4
2025-10-28,E2,Bradford,Lincoln,0,0,D,3,4
2025-10-31,E1,Wrexham,Coventry,3,2,H,7,5
2025-11-01,E1,Leicester,Blackburn,0,2,A,1,5
2025-11-01,E1,Norwich,Hull,0,2,A,3,4
2025-11-01,E1,Birmingham,Portsmouth,4,0,H,7,0
2025-11-01,E1,Charlton,Swansea,1,1,D,4,2
2025-11-01,E1,Southampton,Preston,0,2,A,2,3
2025-11-01,E1,Watford,Middlesbrough,3,0,H,4,4
2025-11-01,E1,Stoke,Bristol City,5,1,H,8,5
2025-11-01,E1,West Brom,Sheffield Weds,0,0,D,6,2
2025-11-01,E1,Oxford,Millwall,2,2,D,6,4
2025-11-01,E0,Fulham,Wolves,3,0,H,6,2
2025-11-01,E0,Liverpool,Aston Villa,2,0,H,4,3
2025-11-01,E0,Tottenham,Chelsea,0,1,A,1,9
2025-11-01,E0,Nott'm Forest,Man United,2,2,D,3,7
2025-11-01,E1,Sheffield United,Derby,1,3,A,5,4
2025-11-01,E0,Crystal Palace,Brentford,2,0,H,2,2
2025-11-01,E0,Burnley,Arsenal,0,2,A,0,8
2025-11-01,E0,Brighton,Leeds,3,0,H,7,2
2025-11-01,E1,QPR,Ipswich,1,4,A,5,7
2025-11-02,E0,Man City,Bournemouth,3,1,H,8,5
2025-11-02,E0,West Ham,Newcastle,3,1,H,9,4
2025-11-03,E0,Sunderland,Everton,1,1,D,3,2
2025-11-04,E1,Ipswich,Watford,1,1,D,4,2
2025-11-04,E2,Rotherham,Burton,2,2,D,3,6
2025-11-04,E1,Leicester,Middlesbrough,1,1,D,2,4
2025-11-04,E1,Bristol City,Blackburn,0,1,A,0,5
2025-11-04,E1,Derby,Hull,2,1,H,3,2
2025-11-04,E1,Coventry,Sheffield United,3,1,H,8,4
2025-11-04,E1,Birmingham,Millwall,4,0,H,6,2
2025-11-04,E1,Charlton,West Brom,1,0,H,3,1
2025-11-04,E1,Oxford,Stoke,0,3,A,1,6
2025-11-05,E1,Preston,Swansea,2,1,H,3,5
2025-11-05,E1,QPR,Southampton,1,2,A,5,2
2025-11-05,E1,Sheffield Weds,Norwich,1,1,D,6,3
2025-11-05,E1,Portsmouth,Wrexham,0,0,D,7,3
2025-11-06,E2,Reading,Stevenage,1,0,H,4,2
2025-11-07,E1,Watford,Bristol City,1,1,D,10,4
2025-11-08,E1,Sheffield United,QPR,0,0,D,3,4
2025-11-08,E1,Norwich,Leicester,1,2,A,3,7
2025-11-08,E1,Middlesbrough,Birmingham,2,1,H,4,5
2025-11-08,E1,Millwall,Preston,1,1,D,4,6
2025-11-08,E2,Stockport,Luton,0,3,A,3,6
2025-11-08,E2,Rotherham,Lincoln,3,0,H,5,4
2025-11-08,E2,Peterboro,AFC Wimbledon,5,0,H,5,4
2025-11-08,E2,Huddersfield,Plymouth,3,1,H,9,2
2025-11-08,E2,Bolton,Port Vale,4,0,H,10,4
2025-11-08,E2,Doncaster,Barnsley,1,2,A,5,4
2025-11-08,E2,Bradford,Burton,1,2,A,3,6
2025-11-08,E2,Blackpool,Cardiff,3,1,H,9,11
2025-11-08,E1,Southampton,Sheffield Weds,3,1,H,7,3
2025-11-08,E2,Northampton,Mansfield,2,1,H,4,2
2025-11-08,E1,Hull,Portsmouth,3,2,H,4,5
2025-11-08,E1,Blackburn,Derby,1,2,A,3,4
2025-11-08,E2,Exeter,Wigan,1,1,D,4,7
2025-11-08,E2,Wycombe,Leyton Orient,4,1,H,9,4
2025-11-08,E0,Everton,Fulham,2,0,H,5,4
2025-11-08,E3,Crawley Town,Fleetwood Town,2,1,H,5,1
2025-11-08,E3,Chesterfield,Accrington,3,3,D,5,8
2025-11-08,E3,Barnet,Milton Keynes Dons,2,2,D,5,4
2025-11-08,E3,Crewe,Shrewsbury,3,1,H,6,2
2025-11-08,E3,Colchester,Bromley,0,2,A,2,3
2025-11-08,E1,Stoke,Coventry,0,1,A,2,3
2025-11-08,E1,Swansea,Ipswich,1,4,A,4,4
2025-11-08,E1,West Brom,Oxford,2,1,H,6,4
2025-11-08,E1,Wrexham,Charlton,1,0,H,6,4
2025-11-08,E3,Harrogate,Oldham,0,1,A,2,1
2025-11-08,E3,Newport County,Walsall,2,4,A,3,10
2025-11-08,E3,Bristol Rvs,Gillingham,0,1,A,4,2
2025-11-08,E3,Salford,Cambridge,0,0,D,0,1
2025-11-08,E0,Tottenham,Man United,2,2,D,4,2
2025-11-08,E0,West Ham,Burnley,3,2,H,6,7
2025-11-08,E0,Sunderland,Arsenal,2,2,D,2,7
2025-11-08,E0,Chelsea,Wolves,3,0,H,8,0
2025-11-08,E3,Swindon,Tranmere,2,1,H,7,2
2025-11-08,E3,Barrow,Grimsby,2,2,D,4,6
2025-11-09,E0,Aston Villa,Bournemouth,4,0,H,8,4
2025-11-09,E0,Brentford,Newcastle,3,1,H,7,1
2025-11-09,E0,Crystal Palace,Brighton,0,0,D,2,3
2025-11-09,E0,Nott'm Forest,Leeds,3,1,H,6,3
2025-11-09,E0,Man City,Liverpool,3,0,H,6,1
2025-11-10,E3,Cheltenham,Notts County,1,2,A,2,4
2025-11-15,E3,Cambridge,Barnet,0,0,D,1,4
2025-11-15,E2,Burton,Blackpool,1,0,H,1,3
2025-11-15,E3,Fleetwood Town,Swindon,1,1,D,2,6
2025-11-15,E3,Grimsby,Chesterfield,0,1,A,4,1
2025-11-15,E3,Milton Keynes Dons,Salford,2,0,H,4,4
2025-11-15,E3,Notts County,Harrogate,1,1,D,3,1
2025-11-15,E3,Oldham,Crewe,0,0,D,2,2
2025-11-15,E3,Accrington,Bristol Rvs,3,1,H,5,2
2025-11-15,E3,Tranmere,Cheltenham,3,2,H,4,4
2025-11-15,E3,Walsall,Colchester,0,2,A,3,2
2025-11-15,E3,Gillingham,Crawley Town,2,2,D,9,8
2025-11-15,E2,Port Vale,Wycombe,0,0,D,2,3
2025-11-15,E2,Luton,Rotherham,0,0,D,3,1
2025-11-15,E2,Lincoln,Doncaster,2,1,H,3,5
2025-11-15,E2,Leyton Orient,Exeter,2,1,H,3,2
2025-11-15,E3,Bromley,Barrow,2,1,H,6,2
2025-11-15,E3,Shrewsbury,Newport County,1,0,H,6,2
2025-11-20,E2,Peterboro,Stockport,3,0,H,5,5
2025-11-21,E1,Preston,Blackburn,1,2,A,4,6
2025-11-22,E3,Tranmere,Milton Keynes Dons,2,2,D,4,3
2025-11-22,E2,AFC Wimbledon,Wigan,1,2,A,2,3
2025-11-22,E1,Oxford,Middlesbrough,1,1,D,2,3
2025-11-22,E1,Leicester,Stoke,2,1,H,2,5
2025-11-22,E1,Derby,Watford,2,3,A,2,4
2025-11-22,E1,Birmingham,Norwich,4,1,H,6,7
2025-11-22,E1,Coventry,West Brom,3,2,H,11,5
2025-11-22,E1,Charlton,Southampton,1,5,A,2,8
2025-11-22,E1,Bristol City,Swansea,3,0,H,8,5
2025-11-22,E3,Oldham,Newport County,3,0,H,7,3
2025-11-22,E2,Port Vale,Plymouth,0,1,A,3,2
2025-11-22,E3,Notts County,Colchester,1,3,A,4,4
2025-11-22,E3,Fleetwood Town,Shrewsbury,3,1,H,6,3
2025-11-22,E3,Crewe,Chesterfield,3,3,D,9,7
2025-11-22,E3,Crawley Town,Accrington,1,1,D,4,4
2025-11-22,E3,Cheltenham,Bristol Rvs,1,0,H,1,3
2025-11-22,E3,Bromley,Salford,2,0,H,3,5
2025-11-22,E3,Barrow,Cambridge,0,2,A,3,7
2025-11-22,E3,Harrogate,Walsall,0,2,A,0,6
2025-11-22,E0,Burnley,Chelsea,0,2,A,2,5
2025-11-22,E0,Bournemouth,West Ham,2,2,D,10,2
2025-11-22,E0,Brighton,Brentford,2,1,H,5,4
2025-11-22,E0,Fulham,Sunderland,1,0,H,6,2
2025-11-22,E0,Liverpool,Nott'm Forest,0,3,A,4,7
2025-11-22,E0,Wolves,Crystal Palace,0,2,A,1,4
2025-11-22,E0,Newcastle,Man City,2,1,H,5,4
2025-11-22,E3,Gillingham,Barnet,1,1,D,4,4
2025-11-22,E1,Portsmouth,Millwall,3,1,H,7,2
2025-11-22,E1,QPR,Hull,3,2,H,8,4
2025-11-22,E1,Ipswich,Wrexham,0,0,D,8,0
2025-11-22,E2,Wycombe,Lincoln,3,2,H,7,4
2025-11-22,E2,Stevenage,Doncaster,0,0,D,1,2
2025-11-22,E2,Reading,Rotherham,1,1,D,6,1
2025-11-22,E2,Northampton,Cardiff,1,3,A,4,4
2025-11-22,E2,Mansfield,Huddersfield,1,3,A,1,11
2025-11-22,E3,Swindon,Grimsby,2,2,D,6,6
2025-11-22,E2,Leyton Orient,Blackpool,1,1,D,6,6
2025-11-22,E2,Barnsley,Luton,5,0,H,5,1
2025-11-22,E2,Bolton,Bradford,0,0,D,3,3
2025-11-23,E1,Sheffield Weds,Sheffield United,0,3,A,0,7
2025-11-23,E0,Leeds,Aston Villa,1,2,A,5,3
2025-11-23,E0,Arsenal,Tottenham,4,1,H,8,2
2025-11-24,E0,Man United,Everton,0,1,A,6,1
2025-11-25,E2,Peterboro,Stevenage,0,1,A,2,3
2025-11-25,E1,Southampton,Leicester,3,0,H,8,2
2025-11-25,E1,Middlesbrough,Coventry,2,4,A,2,8
2025-11-25,E1,Swansea,Derby,1,2,A,4,5
2025-11-25,E1,Stoke,Charlton,3,0,H,4,2
2025-11-25,E1,Norwich,Oxford,1,1,D,6,4
2025-11-25,E1,Hull,Ipswich,0,2,A,2,6
2025-11-25,E2,Luton,Huddersfield,2,1,H,5,2
2025-11-25,E1,Watford,Preston,1,1,D,5,3
2025-11-26,E1,Blackburn,QPR,0,1,A,1,3
2025-11-26,E1,Millwall,Sheffield Weds,1,0,H,8,3
2025-11-26,E1,Wrexham,Bristol City,2,0,H,4,3
2025-11-26,E1,West Brom,Birmingham,1,1,D,4,4
2025-11-26,E1,Sheffield United,Portsmouth,3,0,H,5,2
2025-11-27,E3,Grimsby,Tranmere,1,2,A,6,2
2025-11-28,E1,Oxford,Ipswich,2,1,H,8,7
2025-11-29,E2,Burton,Leyton Orient,0,4,A,0,6
2025-11-29,E2,Bradford,Exeter,1,0,H,4,4
2025-11-29,E2,Stockport,Barnsley,1,1,D,2,5
2025-11-29,E2,Blackpool,Reading,0,3,A,5,6
2025-11-29,E3,Bristol Rvs,Notts County,0,1,A,4,1
2025-11-29,E3,Cambridge,Crewe,2,1,H,6,4
2025-11-29,E3,Chesterfield,Swindon,1,2,A,2,5
2025-11-29,E3,Colchester,Cheltenham,2,0,H,5,2
2025-11-29,E3,Salford,Crawley Town,4,3,H,8,5
2025-11-29,E3,Shrewsbury,Gillingham,3,3,D,5,3
2025-11-29,E3,Walsall,Bromley,3,1,H,6,4
2025-11-29,E3,Accrington,Oldham,1,0,H,1,5
2025-11-29,E0,Tottenham,Fulham,1,2,A,2,3
2025-11-29,E0,Everton,Newcastle,1,4,A,2,8
2025-11-29,E0,Sunderland,Bournemouth,3,2,H,6,6
2025-11-29,E0,Man City,Leeds,3,2,H,9,4
2025-11-29,E0,Brentford,Burnley,3,1,H,4,2
2025-11-29,E3,Newport County,Barrow,2,2,D,5,4
2025-11-29,E2,Cardiff,Mansfield,3,0,H,9,1
2025-11-29,E3,Milton Keynes Dons,Fleetwood Town,2,1,H,5,4
2025-11-29,E2,Huddersfield,AFC Wimbledon,3,3,D,10,4
2025-11-29,E1,Wrexham,Blackburn,1,1,D,2,3
2025-11-29,E1,West Brom,Swansea,3,2,H,10,2
2025-11-29,E1,Sheffield Weds,Preston,2,3,A,5,5
2025-11-29,E1,Norwich,QPR,3,1,H,6,5
2025-11-29,E1,Millwall,Southampton,3,2,H,7,8
2025-11-29,E1,Middlesbrough,Derby,2,1,H,4,1
2025-11-29,E1,Coventry,Charlton,3,1,H,8,4
2025-11-29,E1,Stoke,Hull,1,2,A,7,6
2025-11-29,E1,Leicester,Sheffield United,2,3,A,3,3
2025-11-29,E1,Portsmouth,Bristol City,0,1,A,2,5
2025-11-29,E2,Doncaster,Peterboro,2,1,H,4,5
2025-11-29,E3,Barnet,Harrogate,1,1,D,5,2
2025-11-29,E2,Wigan,Stevenage,0,0,D,3,4
2025-11-29,E2,Rotherham,Wycombe,1,1,D,6,4
2025-11-29,E2,Plymouth,Northampton,0,3,A,1,5
2025-11-29,E2,Luton,Bolton,1,1,D,4,1
2025-11-29,E2,Lincoln,Port Vale,1,0,H,3,1
2025-11-30,E0,West Ham,Liverpool,0,2,A,0,5
2025-11-30,E0,Crystal Palace,Man United,1,2,A,3,6
2025-11-30,E0,Aston Villa,Wolves,1,0,H,6,4
2025-11-30,E0,Nott'm Forest,Brighton,0,2,A,3,6
2025-11-30,E0,Chelsea,Arsenal,1,1,D,4,4
2025-12-01,E1,Birmingham,Watford,2,1,H,5,4
2025-12-02,E0,Bournemouth,Everton,0,1,A,2,3
2025-12-02,E1,Blackburn,Ipswich,1,1,D,3,2
2025-12-02,E0,Fulham,Man City,4,5,A,6,4
2025-12-02,E0,Newcastle,Tottenham,2,2,D,7,2
2025-12-02,E2,Wigan,Burton,1,0,H,3,2
2025-12-03,E0,Arsenal,Brentford,2,0,H,7,1
2025-12-03,E0,Brighton,Aston Villa,3,4,A,7,10
2025-12-03,E0,Burnley,Crystal Palace,0,1,A,4,3
2025-12-03,E0,Wolves,Nott'm Forest,0,1,A,1,3
2025-12-03,E0,Leeds,Chelsea,3,1,H,5,2
2025-12-03,E0,Liverpool,Sunderland,1,1,D,4,6
2025-12-04,E0,Man United,West Ham,1,1,D,4,3
2025-12-05,E1,Hull,Middlesbrough,1,4,A,2,5
2025-12-06,E3,Colchester,Gillingham,0,0,D,2,3
2025-12-06,E1,Derby,Leicester,1,3,A,5,4
2025-12-06,E1,Watford,Norwich,3,2,H,6,4
2025-12-06,E2,Plymouth,Bradford,0,1,A,2,3
2025-12-06,E1,Ipswich,Coventry,3,0,H,6,5
2025-12-06,E1,Preston,Wrexham,1,1,D,7,3
2025-12-06,E1,Swansea,Oxford,2,0,H,4,4
2025-12-06,E1,Sheffield United,Stoke,4,0,H,8,1
2025-12-06,E1,Bristol City,Millwall,0,1,A,3,6
2025-12-06,E1,QPR,West Brom,3,1,H,4,5
2025-12-06,E0,Leeds,Liverpool,3,3,D,5,7
2025-12-06,E0,Tottenham,Brentford,2,0,H,7,1
2025-12-06,E0,Newcastle,Burnley,2,1,H,7,3
2025-12-06,E0,Man City,Sunderland,3,0,H,6,1
2025-12-06,E0,Everton,Nott'm Forest,3,0,H,5,3
2025-12-06,E0,Bournemouth,Chelsea,0,0,D,5,4
2025-12-06,E0,Aston Villa,Arsenal,2,1,H,6,9
2025-12-06,E2,Cardiff,Huddersfield,3,2,H,8,3
2025-12-06,E1,Southampton,Birmingham,3,1,H,8,4
2025-12-07,E0,Fulham,Crystal Palace,1,2,A,4,5
2025-12-07,E0,Brighton,West Ham,1,1,D,4,5
2025-12-08,E0,Wolves,Man United,1,4,A,2,10
2025-12-09,E3,Bromley,Crawley Town,3,1,H,5,5
2025-12-09,E2,Mansfield,Bolton,0,1,A,1,5
2025-12-09,E3,Barrow,Tranmere,0,3,A,4,5
2025-12-09,E3,Harrogate,Accrington,0,2,A,1,4
2025-12-09,E3,Notts County,Milton Keynes Dons,3,2,H,7,6
2025-12-09,E3,Shrewsbury,Grimsby,1,1,D,1,4
2025-12-09,E3,Swindon,Cheltenham,0,1,A,0,4
2025-12-09,E2,Stevenage,Cardiff,0,1,A,0,2
2025-12-09,E2,Reading,Peterboro,1,2,A,4,4
2025-12-09,E2,Wycombe,Plymouth,0,1,A,3,4
2025-12-09,E2,Northampton,Huddersfield,1,1,D,2,5
2025-12-09,E2,Lincoln,Barnsley,3,1,H,8,4
2025-12-09,E2,Exeter,AFC Wimbledon,1,0,H,3,2
2025-12-09,E2,Doncaster,Stockport,0,2,A,0,5
2025-12-09,E3,Barnet,Bristol Rvs,4,0,H,9,3
2025-12-09,E2,Leyton Orient,Luton,1,1,D,2,1
2025-12-09,E3,Fleetwood Town,Salford,1,1,D,3,4
2025-12-09,E1,Blackburn,Oxford,1,1,D,5,1
2025-12-09,E1,Charlton,Middlesbrough,1,2,A,3,7
2025-12-09,E1,Watford,Sheffield Weds,1,1,D,9,1
2025-12-09,E1,Swansea,Portsmouth,1,0,H,6,3
2025-12-09,E1,Southampton,West Brom,3,2,H,4,7
2025-12-09,E1,Sheffield United,Norwich,1,1,D,4,6
2025-12-09,E1,QPR,Birmingham,2,1,H,3,1
2025-12-09,E1,Preston,Coventry,1,1,D,2,5
2025-12-09,E3,Cambridge,Chesterfield,1,1,D,7,4
2025-12-10,E1,Bristol City,Leicester,2,2,D,11,5
2025-12-10,E3,Crewe,Newport County,2,2,D,5,3
2025-12-10,E3,Oldham,Walsall,0,1,A,4,1
2025-12-10,E2,Rotherham,Blackpool,0,3,A,4,8
2025-12-10,E1,Ipswich,Stoke,1,0,H,6,1
2025-12-10,E1,Derby,Millwall,1,1,D,4,2
2025-12-10,E1,Hull,Wrexham,2,0,H,6,1
2025-12-12,E1,West Brom,Sheffield United,2,0,H,5,3
2025-12-13,E1,Wrexham,Watford,2,2,D,3,3
2025-12-13,E1,Portsmouth,Blackburn,2,1,H,7,2
2025-12-13,E1,Coventry,Bristol City,1,0,H,4,8
2025-12-13,E1,Birmingham,Charlton,1,1,D,5,1
2025-12-13,E1,Stoke,Swansea,2,1,H,5,6
2025-12-13,E1,Norwich,Southampton,2,1,H,5,4
2025-12-13,E2,Plymouth,Rotherham,1,0,H,2,2
2025-12-13,E2,Peterboro,Northampton,2,1,H,10,3
2025-12-13,E2,Luton,Port Vale,2,2,D,4,3
2025-12-13,E2,Cardiff,Doncaster,4,3,H,9,6
2025-12-13,E2,Burton,Wycombe,0,0,D,5,1
2025-12-13,E2,Bradford,Reading,2,0,H,4,2
2025-12-13,E2,Bolton,Exeter,2,1,H,7,2
2025-12-13,E2,Blackpool,Lincoln,2,2,D,4,2
2025-12-13,E2,Barnsley,Leyton Orient,3,2,H,5,2
2025-12-13,E2,Huddersfield,Wigan,1,1,D,6,3
2025-12-13,E2,AFC Wimbledon,Mansfield,0,0,D,1,1
2025-12-13,E2,Stockport,Stevenage,1,3,A,4,4
2025-12-13,E1,Leicester,Ipswich,3,1,H,4,2
2025-12-13,E3,Milton Keynes Dons,Cambridge,1,1,D,4,3
2025-12-13,E3,Crawley Town,Oldham,2,2,D,5,8
2025-12-13,E0,Chelsea,Everton,2,0,H,5,2
2025-12-13,E0,Liverpool,Brighton,2,0,H,4,1
2025-12-13,E0,Burnley,Fulham,2,3,A,8,4
2025-12-13,E0,Arsenal,Wolves,2,1,H,2,2
2025-12-13,E1,Oxford,Preston,1,2,A,8,2
2025-12-13,E3,Salford,Colchester,4,3,H,10,7
2025-12-13,E3,Accrington,Bromley,0,1,A,1,5
2025-12-13,E3,Bristol Rvs,Swindon,0,3,A,1,6
2025-12-13,E3,Chesterfield,Barnet,3,1,H,6,3
2025-12-13,E3,Walsall,Shrewsbury,1,1,D,4,4
2025-12-13,E3,Tranmere,Crewe,1,4,A,5,5
2025-12-13,E3,Newport County,Fleetwood Town,0,2,A,2,6
2025-12-13,E1,Millwall,Hull,1,3,A,6,6
2025-12-13,E3,Grimsby,Notts County,0,2,A,4,2
2025-12-13,E3,Gillingham,Barrow,2,2,D,4,3
2025-12-13,E3,Cheltenham,Harrogate,1,1,D,2,7
2025-12-13,E1,Middlesbrough,QPR,3,1,H,7,5
2025-12-14,E0,Brentford,Leeds,1,1,D,2,4
2025-12-14,E0,West Ham,Aston Villa,2,3,A,3,4
2025-12-14,E0,Sunderland,Newcastle,1,0,H,1,2
2025-12-14,E0,Nott'm Forest,Tottenham,3,0,H,6,1
2025-12-14,E0,Crystal Palace,Man City,0,3,A,4,6
2025-12-15,E1,Sheffield Weds,Derby,0,3,A,1,7
2025-12-15,E0,Man United,Bournemouth,4,4,D,9,9
2025-12-18,E2,Reading,Luton,3,2,H,4,4
2025-12-19,E2,Northampton,AFC Wimbledon,3,1,H,3,6
2025-12-19,E3,Crewe,Bristol Rvs,1,1,D,3,3
2025-12-19,E3,Barrow,Cheltenham,1,2,A,5,4
2025-12-19,E3,Cambridge,Accrington,2,0,H,4,2
2025-12-19,E1,Swansea,Wrexham,2,1,H,5,1
2025-12-20,E1,Derby,Portsmouth,1,1,D,6,1
2025-12-20,E1,Bristol City,Middlesbrough,2,0,H,8,3
2025-12-20,E1,Southampton,Coventry,1,1,D,7,4
2025-12-20,E1,Preston,Norwich,1,1,D,4,1
2025-12-20,E1,Hull,West Brom,1,0,H,1,1
2025-12-20,E1,Ipswich,Sheffield Weds,3,1,H,8,3
2025-12-20,E1,QPR,Leicester,4,1,H,6,2
2025-12-20,E1,Sheffield United,Birmingham,3,0,H,9,1
2025-12-20,E1,Watford,Stoke,1,0,H,5,1
2025-12-20,E1,Blackburn,Millwall,2,0,H,5,3
2025-12-20,E1,Charlton,Oxford,1,0,H,4,1
2025-12-20,E3,Harrogate,Milton Keynes Dons,0,4,A,2,9
2025-12-20,E3,Colchester,Newport County,4,1,H,7,2
2025-12-20,E0,Newcastle,Chelsea,2,2,D,5,4
2025-12-20,E0,Bournemouth,Burnley,1,1,D,1,1
2025-12-20,E0,Brighton,Sunderland,0,0,D,4,6
2025-12-20,E0,Man City,West Ham,3,0,H,8,3
2025-12-20,E0,Wolves,Brentford,0,2,A,2,6
2025-12-20,E0,Tottenham,Liverpool,1,2,A,4,4
2025-12-20,E3,Barnet,Salford,1,3,A,7,5
2025-12-20,E0,Leeds,Crystal Palace,4,1,H,8,3
2025-12-20,E3,Notts County,Walsall,0,0,D,3,1
2025-12-20,E3,Bromley,Grimsby,2,0,H,6,2
2025-12-20,E2,Wycombe,Bolton,2,1,H,3,1
2025-12-20,E2,Rotherham,Huddersfield,1,3,A,1,6
2025-12-20,E0,Everton,Arsenal,0,1,A,1,2
2025-12-20,E2,Mansfield,Stockport,1,2,A,3,6
2025-12-20,E2,Port Vale,Peterboro,0,1,A,2,6
2025-12-20,E3,Fleetwood Town,Gillingham,2,1,H,6,1
2025-12-20,E3,Oldham,Tranmere,3,1,H,7,5
2025-12-20,E3,Shrewsbury,Chesterfield,0,1,A,2,3
2025-12-20,E2,Stevenage,Burton,2,2,D,4,4
2025-12-20,E2,Wigan,Blackpool,0,2,A,3,3
2025-12-20,E3,Swindon,Crawley Town,1,0,H,2,4
2025-12-20,E2,Exeter,Barnsley,3,0,H,7,1
2025-12-20,E2,Leyton Orient,Bradford,2,1,H,5,8
2025-12-20,E2,Lincoln,Cardiff,2,1,H,7,4
2025-12-20,E2,Doncaster,Plymouth,1,5,A,4,7
2025-12-21,E0,Aston Villa,Man United,2,1,H,4,6
2025-12-22,E0,Fulham,Nott'm Forest,1,0,H,1,2
2025-12-26,E3,Accrington,Barrow,2,1,H,7,6
2025-12-26,E3,Crawley Town,Colchester,1,1,D,4,3
2025-12-26,E3,Chesterfield,Notts County,2,0,H,3,0
2025-12-26,E3,Cheltenham,Shrewsbury,3,1,H,6,3
2025-12-26,E3,Bristol Rvs,Bromley,2,3,A,3,6
2025-12-26,E2,Bradford,Wigan,2,1,H,5,1
2025-12-26,E2,Stockport,Lincoln,1,2,A,5,5
2025-12-26,E2,Cardiff,Exeter,1,0,H,4,1
2025-12-26,E2,Huddersfield,Port Vale,5,0,H,9,0
2025-12-26,E2,Luton,Wycombe,4,0,H,6,1
2025-12-26,E2,Peterboro,Leyton Orient,1,0,H,5,1
2025-12-26,E2,Plymouth,Reading,1,4,A,2,7
2025-12-26,E3,Gillingham,Cambridge,1,1,D,6,1
2025-12-26,E2,Burton,Northampton,5,1,H,8,2
2025-12-26,E3,Grimsby,Oldham,0,0,D,3,7
2025-12-26,E2,Bolton,Rotherham,2,1,H,12,5
2025-12-26,E3,Newport County,Barnet,0,0,D,3,2
2025-12-26,E0,Man United,Newcastle,1,0,H,4,3
2025-12-26,E2,Barnsley,Mansfield,2,3,A,5,4
2025-12-26,E2,AFC Wimbledon,Stevenage,0,0,D,1,1
2025-12-26,E1,Birmingham,Derby,1,1,D,9,1
2025-12-26,E1,Millwall,Ipswich,0,0,D,6,4
2025-12-26,E1,Coventry,Swansea,1,0,H,7,2
2025-12-26,E1,Leicester,Watford,1,2,A,2,3
2025-12-26,E1,Middlesbrough,Blackburn,0,0,D,2,2
2025-12-26,E1,Norwich,Charlton,1,0,H,5,0
2025-12-26,E1,Oxford,Southampton,2,1,H,6,5
2025-12-26,E3,Milton Keynes Dons,Swindon,1,0,H,5,3
2025-12-26,E1,Portsmouth,QPR,1,1,D,2,3
2025-12-26,E1,Sheffield Weds,Hull,2,2,D,3,6
2025-12-26,E1,Stoke,Preston,0,0,D,3,4
2025-12-26,E1,West Brom,Bristol City,1,2,A,4,3
2025-12-26,E2,Blackpool,Doncaster,1,0,H,6,3
2025-12-26,E1,Wrexham,Sheffield United,5,3,H,8,7
2025-12-26,E3,Salford,Harrogate,1,0,H,9,2
2025-12-26,E3,Walsall,Crewe,1,0,H,5,2
2025-12-26,E3,Tranmere,Fleetwood Town,1,0,H,5,6
2025-12-27,E0,West Ham,Fulham,0,1,A,2,4
2025-12-27,E0,Liverpool,Wolves,2,1,H,4,4
2025-12-27,E0,Chelsea,Aston Villa,1,2,A,3,8
2025-12-27,E0,Brentford,Bournemouth,4,1,H,7,10
2025-12-27,E0,Arsenal,Brighton,2,1,H,6,3
2025-12-27,E0,Nott'm Forest,Man City,1,2,A,2,5
2025-12-27,E0,Burnley,Everton,0,0,D,0,6
2025-12-28,E0,Sunderland,Leeds,1,1,D,3,6
2025-12-28,E0,Crystal Palace,Tottenham,0,1,A,2,4
2025-12-29,E1,Portsmouth,Charlton,2,1,H,5,4
2025-12-29,E1,Norwich,Watford,0,1,A,1,2
2025-12-29,E1,Millwall,Bristol City,2,1,H,2,3
2025-12-29,E1,Oxford,Swansea,0,1,A,2,5
2025-12-29,E1,Coventry,Ipswich,0,2,A,3,7
2025-12-29,E1,Sheffield Weds,Blackburn,0,0,D,0,2
2025-12-29,E1,West Brom,QPR,2,1,H,4,0
2025-12-29,E1,Leicester,Derby,2,1,H,2,2
2025-12-29,E1,Middlesbrough,Hull,0,1,A,5,1
2025-12-29,E2,AFC Wimbledon,Exeter,0,1,A,1,6
2025-12-29,E2,Barnsley,Lincoln,0,2,A,2,3
2025-12-29,E2,Blackpool,Rotherham,4,0,H,6,4
2025-12-29,E2,Bolton,Mansfield,0,1,A,4,3
2025-12-29,E1,Stoke,Sheffield United,1,2,A,3,4
2025-12-29,E2,Bradford,Port Vale,1,0,H,2,1
2025-12-29,E1,Wrexham,Preston,2,1,H,6,4
2025-12-29,E2,Huddersfield,Northampton,2,0,H,5,2
2025-12-29,E2,Luton,Leyton Orient,3,0,H,4,3
2025-12-29,E2,Peterboro,Reading,1,1,D,6,3
2025-12-29,E2,Plymouth,Wycombe,1,1,D,5,1
2025-12-29,E2,Stockport,Doncaster,4,2,H,6,5
2025-12-29,E2,Burton,Wigan,0,2,A,5,6
2025-12-29,E2,Cardiff,Stevenage,2,1,H,4,1
2025-12-29,E1,Birmingham,Southampton,1,1,D,4,5
2025-12-29,E3,Bristol Rvs,Barnet,0,2,A,3,3
2025-12-29,E3,Walsall,Oldham,1,2,A,4,6
2025-12-29,E3,Salford,Fleetwood Town,0,0,D,3,5
2025-12-29,E3,Cheltenham,Swindon,0,2,A,0,8
2025-12-29,E3,Milton Keynes Dons,Notts County,1,1,D,3,3
2025-12-29,E3,Grimsby,Shrewsbury,1,0,H,5,1
2025-12-29,E3,Tranmere,Barrow,1,3,A,8,7
2025-12-29,E3,Newport County,Crewe,2,0,H,8,3
2025-12-29,E3,Accrington,Harrogate,1,0,H,8,2
2025-12-29,E3,Gillingham,Colchester,1,1,D,4,5
2025-12-29,E3,Crawley Town,Bromley,1,3,A,4,5
2025-12-29,E3,Chesterfield,Cambridge,0,1,A,1,1
2025-12-30,E0,Burnley,Newcastle,1,3,A,4,9
2025-12-30,E0,Man United,Wolves,1,1,D,6,4
2025-12-30,E0,Arsenal,Aston Villa,4,1,H,7,3
2025-12-30,E0,West Ham,Brighton,2,2,D,4,6
2025-12-30,E0,Nott'm Forest,Everton,0,2,A,6,3
2025-12-30,E0,Chelsea,Bournemouth,2,2,D,3,6
2026-01-01,E1,Southampton,Millwall,0,0,D,2,3
2026-01-01,E3,Shrewsbury,Bristol Rvs,0,3,A,2,5
2026-01-01,E3,Barnet,Crawley Town,2,1,H,7,7
2026-01-01,E1,Blackburn,Wrexham,0,2,A,1,3
2026-01-01,E1,Bristol City,Portsmouth,5,0,H,7,2
2026-01-01,E1,Charlton,Coventry,1,1,D,3,7
2026-01-01,E1,Derby,Middlesbrough,1,0,H,3,5
2026-01-01,E1,Hull,Stoke,0,1,A,1,6
2026-01-01,E1,Ipswich,Oxford,2,1,H,6,1
2026-01-01,E3,Swindon,Gillingham,2,0,H,2,4
2026-01-01,E3,Harrogate,Tranmere,0,2,A,2,7
2026-01-01,E3,Fleetwood Town,Grimsby,0,1,A,3,2
2026-01-01,E3,Crewe,Cheltenham,4,1,H,6,3
2026-01-01,E1,Sheffield United,Leicester,3,1,H,5,1
2026-01-01,E1,Preston,Sheffield Weds,3,0,H,7,1
2026-01-01,E1,QPR,Norwich,1,2,A,2,5
2026-01-01,E1,Watford,Birmingham,3,0,H,6,2
2026-01-01,E1,Swansea,West Brom,1,0,H,3,7
2026-01-01,E0,Brentford,Tottenham,0,0,D,2,3
2026-01-01,E3,Cambridge,Walsall,2,0,H,3,3
2026-01-01,E2,Wycombe,Cardiff,1,1,D,2,6
2026-01-01,E2,Wigan,Barnsley,1,1,D,4,3
2026-01-01,E2,Stevenage,Plymouth,1,1,D,3,2
2026-01-01,E2,Rotherham,Peterboro,0,2,A,3,7
2026-01-01,E2,Reading,Burton,2,0,H,4,2
2026-01-01,E2,Port Vale,Blackpool,5,1,H,6,1
2026-01-01,E2,Northampton,Stockport,0,0,D,5,1
2026-01-01,E2,Mansfield,Bradford,3,0,H,8,2
2026-01-01,E3,Colchester,Milton Keynes Dons,1,0,H,3,4
2026-01-01,E2,Lincoln,Huddersfield,1,1,D,4,3
2026-01-01,E2,Exeter,Luton,1,0,H,5,0
2026-01-01,E2,Doncaster,Bolton,1,1,D,6,1
2026-01-01,E0,Crystal Palace,Fulham,1,1,D,2,5
2026-01-01,E0,Liverpool,Leeds,0,0,D,4,2
2026-01-01,E3,Oldham,Chesterfield,1,1,D,3,5
2026-01-01,E0,Sunderland,Man City,0,0,D,4,4
2026-01-01,E3,Barrow,Salford,1,2,A,4,5
2026-01-01,E3,Bromley,Newport County,2,1,H,6,3
2026-01-01,E2,Leyton Orient,AFC Wimbledon,1,3,A,2,5
2026-01-01,E3,Notts County,Accrington,0,1,A,4,4
2026-01-03,E0,Bournemouth,Arsenal,2,3,A,3,5
2026-01-03,E0,Wolves,West Ham,3,0,H,8,0
2026-01-03,E0,Brighton,Burnley,2,0,H,4,3
2026-01-03,E0,Aston Villa,Nott'm Forest,3,1,H,4,5
2026-01-04,E1,QPR,Sheffield Weds,3,0,H,7,2
2026-01-04,E1,Birmingham,Coventry,3,2,H,4,6
2026-01-04,E1,Derby,Wrexham,1,2,A,5,3
2026-01-04,E1,Bristol City,Preston,0,2,A,2,3
2026-01-04,E1,Blackburn,Charlton,2,2,D,5,4
2026-01-04,E1,Middlesbrough,Southampton,4,0,H,5,5
2026-01-04,E2,Wycombe,AFC Wimbledon,2,0,H,7,0
2026-01-04,E1,Norwich,Stoke,0,2,A,1,4
2026-01-04,E0,Man City,Chelsea,1,1,D,3,3
2026-01-04,E1,Millwall,Swansea,2,1,H,9,7
2026-01-04,E0,Newcastle,Crystal Palace,2,0,H,7,1
2026-01-04,E0,Everton,Brentford,2,4,A,6,7
2026-01-04,E0,Leeds,Man United,1,1,D,3,2
2026-01-04,E2,Bolton,Northampton,0,0,D,0,0
2026-01-04,E2,Lincoln,Peterboro,5,2,H,8,3
2026-01-04,E2,Blackpool,Bradford,1,2,A,3,3
2026-01-04,E2,Cardiff,Wigan,1,0,H,7,1
2026-01-04,E2,Huddersfield,Exeter,2,2,D,4,6
2026-01-04,E2,Plymouth,Burton,3,0,H,5,2
2026-01-04,E2,Reading,Stockport,1,0,H,3,2
2026-01-04,E3,Milton Keynes Dons,Chesterfield,2,2,D,3,3
2026-01-04,E3,Cheltenham,Crawley Town,3,0,H,7,2
2026-01-04,E0,Fulham,Liverpool,2,2,D,2,2
2026-01-04,E0,Tottenham,Sunderland,1,1,D,5,3
2026-01-05,E1,Leicester,West Brom,2,1,H,3,8
2026-01-06,E0,West Ham,Nott'm Forest,1,2,A,3,5
2026-01-07,E0,Brentford,Sunderland,3,0,H,6,3
2026-01-07,E0,Crystal Palace,Aston Villa,0,0,D,5,3
2026-01-07,E0,Everton,Wolves,1,1,D,2,4
2026-01-07,E0,Fulham,Chelsea,2,1,H,5,6
2026-01-07,E0,Man City,Brighton,1,1,D,6,3
2026-01-07,E0,Burnley,Man United,2,2,D,1,10
2026-01-07,E0,Newcastle,Leeds,4,3,H,8,6
2026-01-07,E0,Bournemouth,Tottenham,3,2,H,3,4
2026-01-08,E0,Arsenal,Liverpool,0,0,D,4,0
2026-01-10,E3,Tranmere,Bromley,0,2,A,4,4
2026-01-10,E3,Crewe,Harrogate,1,1,D,4,4
2026-01-10,E2,Luton,Stevenage,2,1,H,7,3
2026-01-10,E2,Leyton Orient,Cardiff,1,1,D,5,4
2026-01-10,E2,Peterboro,Bolton,3,1,H,7,2
2026-01-10,E2,Stockport,Huddersfield,1,0,H,5,3
2026-01-16,E1,West Brom,Middlesbrough,2,3,A,6,5
2026-01-17,E3,Fleetwood Town,Cambridge,1,2,A,4,5
2026-01-17,E3,Accrington,Milton Keynes Dons,0,2,A,4,2
2026-01-17,E3,Bristol Rvs,Colchester,0,1,A,1,2
2026-01-17,E3,Crawley Town,Notts County,1,2,A,3,6
2026-01-17,E3,Crewe,Barrow,3,1,H,3,6
2026-01-17,E0,Leeds,Fulham,1,0,H,5,1
2026-01-17,E3,Gillingham,Newport County,3,2,H,6,7
2026-01-17,E3,Grimsby,Barnet,1,0,H,5,3
2026-01-17,E3,Oldham,Cheltenham,2,1,H,4,7
2026-01-17,E2,Burton,Huddersfield,3,1,H,6,5
2026-01-17,E3,Swindon,Salford,2,3,A,6,4
2026-01-17,E3,Tranmere,Walsall,1,3,A,2,4
2026-01-17,E2,Exeter,Stevenage,3,0,H,5,3
2026-01-17,E2,Leyton Orient,Reading,3,1,H,5,1
2026-01-17,E0,Liverpool,Burnley,1,1,D,11,1
2026-01-17,E2,Luton,Lincoln,2,2,D,5,3
2026-01-17,E2,Mansfield,Port Vale,3,0,H,4,1
2026-01-17,E2,Northampton,Wycombe,1,2,A,3,4
2026-01-17,E3,Shrewsbury,Harrogate,1,0,H,8,1
2026-01-17,E3,Chesterfield,Bromley,0,0,D,2,5
2026-01-17,E2,Peterboro,Plymouth,0,1,A,2,3
2026-01-17,E0,Man United,Man City,2,0,H,7,1
2026-01-17,E2,Stockport,Rotherham,3,2,H,4,3
2026-01-17,E2,Bradford,Cardiff,1,2,A,1,5
2026-01-17,E2,Wigan,Bolton,0,1,A,0,4
2026-01-17,E2,AFC Wimbledon,Doncaster,0,1,A,2,3
2026-01-17,E2,Barnsley,Blackpool,2,1,H,2,5
2026-01-17,E0,Nott'm Forest,Arsenal,0,0,D,0,3
2026-01-17,E1,Coventry,Leicester,2,1,H,6,6
2026-01-17,E1,Ipswich,Blackburn,3,0,H,7,0
2026-01-17,E0,Chelsea,Brentford,2,0,H,2,5
2026-01-17,E1,Watford,Millwall,0,2,A,3,4
2026-01-17,E1,Oxford,Bristol City,0,0,D,3,1
2026-01-17,E1,Preston,Derby,0,1,A,2,4
2026-01-17,E1,Sheffield Weds,Portsmouth,0,1,A,1,3
2026-01-17,E1,Southampton,Hull,1,2,A,7,3
2026-01-17,E1,Stoke,QPR,0,0,D,3,2
2026-01-17,E1,Wrexham,Norwich,1,2,A,3,3
2026-01-17,E1,Swansea,Birmingham,1,1,D,4,1
2026-01-17,E0,Tottenham,West Ham,1,2,A,6,4
2026-01-17,E1,Charlton,Sheffield United,1,0,H,4,2
2026-01-17,E0,Sunderland,Crystal Palace,2,1,H,7,2
2026-01-18,E0,Aston Villa,Everton,0,1,A,5,3
2026-01-18,E0,Wolves,Newcastle,0,0,D,2,2
2026-01-19,E0,Brighton,Bournemouth,1,1,D,5,2
2026-01-20,E2,Stevenage,Bolton,0,0,D,3,4
2026-01-20,E1,Charlton,Derby,1,2,A,4,5
2026-01-20,E1,West Brom,Norwich,0,5,A,2,7
2026-01-20,E1,Swansea,Blackburn,3,1,H,4,2
2026-01-20,E1,Wrexham,Leicester,1,1,D,3,4
2026-01-20,E1,Preston,Hull,0,3,A,5,9
2026-01-20,E1,Oxford,QPR,0,0,D,1,2
2026-01-20,E1,Coventry,Millwall,2,1,H,4,4
2026-01-20,E1,Ipswich,Bristol City,2,0,H,3,3
2026-01-20,E1,Sheffield Weds,Birmingham,0,2,A,1,7
2026-01-21,E1,Southampton,Sheffield United,1,0,H,3,4
2026-01-21,E1,Watford,Portsmouth,1,1,D,4,2
2026-01-21,E1,Stoke,Middlesbrough,1,2,A,4,7
2026-01-22,E2,Lincoln,Burton,2,1,H,4,2
2026-01-23,E1,Derby,West Brom,1,1,D,1,4
2026-01-24,E3,Bromley,Swindon,2,1,H,7,5
2026-01-24,E2,Huddersfield,Bradford,1,0,H,6,2
2026-01-24,E2,Wycombe,Peterboro,0,2,A,4,4
2026-01-24,E2,Stevenage,Mansfield,1,1,D,5,2
2026-01-24,E2,Reading,Barnsley,2,2,D,3,2
2026-01-24,E2,Port Vale,Exeter,1,3,A,3,4
2026-01-24,E2,Doncaster,Wigan,3,3,D,9,7
2026-01-24,E2,Bolton,Leyton Orient,2,1,H,5,1
2026-01-24,E2,Cardiff,Stockport,1,1,D,3,2
2026-01-24,E3,Barnet,Oldham,3,2,H,4,5
2026-01-24,E3,Barrow,Crawley Town,0,1,A,2,3
2026-01-24,E3,Cambridge,Tranmere,4,2,H,6,5
2026-01-24,E3,Cheltenham,Grimsby,0,2,A,2,5
2026-01-24,E3,Colchester,Fleetwood Town,2,1,H,3,2
2026-01-24,E2,Blackpool,Northampton,2,0,H,5,3
2026-01-24,E2,Plymouth,Luton,1,0,H,6,3
2026-01-24,E3,Notts County,Crewe,1,0,H,4,0
2026-01-24,E2,Rotherham,AFC Wimbledon,1,1,D,6,1
2026-01-24,E3,Milton Keynes Dons,Shrewsbury,5,1,H,8,3
2026-01-24,E1,Middlesbrough,Preston,4,0,H,8,1
2026-01-24,E3,Harrogate,Gillingham,0,3,A,4,9
2026-01-24,E0,Bournemouth,Liverpool,3,2,H,5,4
2026-01-24,E0,Man City,Wolves,2,0,H,4,1
2026-01-24,E0,Fulham,Brighton,2,1,H,4,5
2026-01-24,E0,Burnley,Tottenham,2,2,D,4,11
2026-01-24,E0,West Ham,Sunderland,3,1,H,5,2
2026-01-24,E3,Salford,Bristol Rvs,1,0,H,5,2
2026-01-24,E3,Walsall,Accrington,0,0,D,2,3
2026-01-24,E3,Newport County,Chesterfield,2,1,H,4,3
2026-01-24,E1,Birmingham,Stoke,1,1,D,5,1
2026-01-24,E1,Millwall,Charlton,4,0,H,6,1
2026-01-24,E1,Blackburn,Watford,1,1,D,3,4
2026-01-24,E1,Bristol City,Sheffield Weds,2,0,H,7,0
2026-01-24,E1,Hull,Swansea,2,1,H,7,4
2026-01-24,E1,Leicester,Oxford,1,2,A,4,2
2026-01-24,E1,QPR,Wrexham,2,3,A,3,7
2026-01-24,E1,Sheffield United,Ipswich,3,1,H,8,5
2026-01-25,E0,Arsenal,Man United,2,3,A,4,3
2026-01-25,E0,Newcastle,Aston Villa,0,2,A,4,8
2026-01-25,E0,Crystal Palace,Chelsea,1,3,A,7,6
2026-01-25,E0,Brentford,Nott'm Forest,0,2,A,1,2
2026-01-25,E1,Portsmouth,Southampton,1,1,D,3,4
2026-01-26,E0,Everton,Leeds,1,1,D,3,4
2026-01-26,E1,Norwich,Coventry,2,1,H,5,5
2026-01-27,E3,Salford,Chesterfield,0,1,A,2,1
2026-01-27,E2,Cardiff,Barnsley,4,0,H,6,4
2026-01-27,E2,Bolton,Burton,2,1,H,6,1
2026-01-27,E2,Blackpool,Stockport,1,2,A,1,9
2026-01-27,E2,Plymouth,Mansfield,1,1,D,7,3
2026-01-27,E2,Rotherham,Northampton,2,1,H,5,4
2026-01-27,E2,Stevenage,Peterboro,1,0,H,8,0
2026-01-27,E2,Wycombe,Wigan,2,0,H,4,1
2026-01-27,E2,Doncaster,Leyton Orient,3,0,H,7,0
2026-01-27,E2,Reading,Exeter,2,2,D,5,2
2026-01-27,E3,Walsall,Crawley Town,0,0,D,1,5
2026-01-27,E2,Lincoln,Bradford,3,0,H,8,1
2026-01-27,E3,Newport County,Accrington,1,4,A,5,6
2026-01-27,E3,Barnet,Tranmere,1,0,H,6,2
2026-01-27,E3,Bromley,Crewe,2,2,D,5,4
2026-01-27,E3,Cambridge,Shrewsbury,1,0,H,7,0
2026-01-27,E2,Huddersfield,Luton,1,0,H,1,1
2026-01-27,E3,Harrogate,Fleetwood Town,1,2,A,4,5
2026-01-27,E3,Milton Keynes Dons,Bristol Rvs,1,0,H,3,3
2026-01-27,E3,Notts County,Swindon,2,1,H,4,4
2026-01-27,E3,Colchester,Grimsby,0,1,A,4,3
2026-01-30,E1,Bristol City,Derby,0,5,A,1,7
2026-01-31,E2,Leyton Orient,Port Vale,0,1,A,2,3
2026-01-31,E3,Bristol Rvs,Newport County,3,0,H,7,0
2026-01-31,E2,AFC Wimbledon,Bolton,0,1,A,0,6
2026-01-31,E2,Bradford,Doncaster,1,0,H,4,4
2026-01-31,E2,Northampton,Reading,0,2,A,5,6
2026-01-31,E0,Chelsea,West Ham,3,2,H,6,6
2026-01-31,E2,Exeter,Rotherham,0,4,A,2,7
2026-01-31,E3,Accrington,Cheltenham,3,1,H,8,4
2026-01-31,E2,Luton,Blackpool,1,0,H,5,0
2026-01-31,E2,Peterboro,Huddersfield,2,3,A,3,6
2026-01-31,E3,Chesterfield,Walsall,2,2,D,8,2
2026-01-31,E3,Crawley Town,Harrogate,2,0,H,5,4
2026-01-31,E3,Crewe,Colchester,1,0,H,2,3
2026-01-31,E3,Fleetwood Town,Notts County,1,2,A,2,3
2026-01-31,E3,Gillingham,Bromley,1,4,A,11,6
2026-01-31,E3,Oldham,Cambridge,0,3,A,1,6
2026-01-31,E2,Mansfield,Wycombe,0,0,D,1,2
2026-01-31,E3,Shrewsbury,Barnet,0,0,D,1,7
2026-01-31,E3,Tranmere,Salford,0,2,A,7,4
2026-01-31,E0,Brighton,Everton,1,1,D,2,4
2026-01-31,E3,Grimsby,Milton Keynes Dons,2,2,D,3,2
2026-01-31,E0,Wolves,Bournemouth,0,2,A,7,4
2026-01-31,E2,Wigan,Lincoln,0,1,A,4,3
2026-01-31,E2,Stockport,Plymouth,2,1,H,2,4
2026-01-31,E3,Swindon,Barrow,3,1,H,7,4
2026-01-31,E0,Leeds,Arsenal,0,4,A,1,8
2026-01-31,E2,Burton,Cardiff,2,2,D,2,3
2026-01-31,E2,Barnsley,Stevenage,3,1,H,6,1
2026-01-31,E1,Leicester,Charlton,0,2,A,1,5
2026-01-31,E1,Sheffield Weds,Wrexham,0,1,A,2,4
2026-01-31,E1,Stoke,Southampton,0,2,A,3,4
2026-01-31,E1,Blackburn,Hull,0,1,A,3,4
2026-01-31,E1,Ipswich,Preston,1,1,D,5,4
2026-01-31,E1,Middlesbrough,Norwich,1,0,H,5,3
2026-01-31,E1,Millwall,Sheffield United,1,1,D,6,6
2026-01-31,E1,Oxford,Birmingham,0,2,A,4,2
2026-01-31,E1,Portsmouth,West Brom,3,0,H,6,1
2026-01-31,E1,QPR,Coventry,2,1,H,8,2
2026-01-31,E1,Watford,Swansea,0,2,A,5,7
2026-01-31,E0,Liverpool,Newcastle,4,1,H,7,2
2026-02-01,E0,Aston Villa,Brentford,0,1,A,5,2
2026-02-01,E0,Tottenham,Man City,2,2,D,6,3
2026-02-01,E0,Nott'm Forest,Crystal Palace,1,1,D,1,3
2026-02-01,E0,Man United,Fulham,3,2,H,6,6
2026-02-02,E0,Sunderland,Burnley,3,0,H,5,0
2026-02-03,E1,Blackburn,Sheffield Weds,1,0,H,6,1
2026-02-03,E1,Hull,Watford,0,0,D,3,2
2026-02-03,E2,Port Vale,AFC Wimbledon,0,1,A,2,1
2026-02-03,E2,Barnsley,Northampton,2,2,D,5,4
2026-02-03,E2,Burton,Doncaster,1,2,A,4,6
2026-02-03,E1,Sheffield United,Oxford,3,1,H,3,2
2026-02-03,E3,Barnet,Crewe,1,1,D,3,4
2026-02-03,E3,Bristol Rvs,Walsall,2,0,H,6,3
2026-02-03,E3,Harrogate,Swindon,0,1,A,4,8
2026-02-03,E3,Notts County,Gillingham,1,0,H,4,4
2026-02-05,E3,Accrington,Salford,1,0,H,5,6
2026-02-06,E0,Leeds,Nott'm Forest,3,1,H,5,6
2026-02-06,E1,Charlton,QPR,0,0,D,5,4
2026-02-07,E2,Rotherham,Cardiff,0,3,A,1,6
2026-02-07,E1,Hull,Bristol City,2,3,A,5,6
2026-02-07,E1,Coventry,Oxford,0,0,D,5,0
2026-02-07,E2,Port Vale,Burton,2,2,D,5,6
2026-02-07,E1,Southampton,Watford,1,0,H,4,2
2026-02-07,E1,Norwich,Blackburn,2,0,H,3,0
2026-02-07,E1,Derby,Ipswich,1,2,A,1,5
2026-02-07,E2,Luton,Bradford,2,1,H,7,3
2026-02-07,E3,Notts County,Barrow,2,1,H,5,4
2026-02-07,E3,Walsall,Barnet,1,3,A,3,9
2026-02-07,E0,Wolves,Chelsea,1,3,A,3,6
2026-02-07,E0,Fulham,Everton,1,2,A,3,3
2026-02-07,E0,Burnley,West Ham,0,2,A,5,4
2026-02-07,E0,Bournemouth,Aston Villa,1,1,D,9,4
2026-02-07,E0,Arsenal,Sunderland,3,0,H,5,3
2026-02-07,E0,Man United,Tottenham,2,0,H,10,1
2026-02-07,E1,Preston,Portsmouth,1,0,H,3,4
2026-02-07,E2,Plymouth,Lincoln,1,4,A,4,4
2026-02-07,E1,West Brom,Stoke,0,0,D,2,3
2026-02-07,E2,AFC Wimbledon,Reading,3,2,H,7,3
2026-02-07,E2,Stockport,Leyton Orient,0,0,D,2,5
2026-02-07,E2,Wycombe,Doncaster,4,0,H,9,0
2026-02-07,E3,Newport County,Grimsby,0,0,D,5,2
2026-02-07,E3,Harrogate,Cambridge,2,1,H,6,1
2026-02-07,E3,Gillingham,Tranmere,2,1,H,5,6
2026-02-07,E3,Fleetwood Town,Bromley,1,2,A,4,4
2026-02-07,E3,Colchester,Shrewsbury,2,0,H,4,4
2026-02-07,E3,Cheltenham,Milton Keynes Dons,2,3,A,2,9
2026-02-07,E3,Bristol Rvs,Chesterfield,2,3,A,2,8
2026-02-07,E3,Swindon,Oldham,3,0,H,6,5
2026-02-07,E3,Crawley Town,Crewe,0,1,A,3,6
2026-02-07,E2,Peterboro,Wigan,6,1,H,6,5
2026-02-07,E2,Northampton,Stevenage,3,1,H,5,5
2026-02-07,E2,Mansfield,Exeter,0,0,D,5,2
2026-02-07,E2,Huddersfield,Blackpool,2,2,D,3,4
2026-02-07,E2,Bolton,Barnsley,3,2,H,8,6
2026-02-07,E0,Newcastle,Brentford,2,3,A,4,5
2026-02-07,E1,Wrexham,Millwall,0,2,A,5,1
2026-02-07,E1,Birmingham,Leicester,2,1,H,6,2
2026-02-08,E0,Liverpool,Man City,1,2,A,4,7
2026-02-08,E1,Swansea,Sheffield Weds,4,0,H,6,0
2026-02-08,E0,Brighton,Crystal Palace,0,1,A,2,4
2026-02-09,E1,Sheffield United,Middlesbrough,1,2,A,5,9
2026-02-10,E1,Birmingham,West Brom,0,0,D,5,1
2026-02-10,E3,Shrewsbury,Barrow,2,1,H,5,2
2026-02-10,E3,Crawley Town,Cambridge,0,3,A,1,5
2026-02-10,E0,Chelsea,Leeds,2,2,D,4,2
2026-02-10,E0,Everton,Bournemouth,1,2,A,6,4
2026-02-10,E2,Mansfield,Peterboro,1,2,A,10,3
2026-02-10,E2,Wigan,Reading,1,2,A,3,3
2026-02-10,E1,Oxford,Norwich,0,3,A,1,4
2026-02-10,E0,Tottenham,Newcastle,1,2,A,2,5
2026-02-10,E1,Leicester,Southampton,3,4,A,3,7
2026-02-10,E0,West Ham,Man United,1,1,D,3,3
2026-02-11,E0,Aston Villa,Brighton,1,0,H,1,3
2026-02-11,E0,Crystal Palace,Burnley,2,3,A,3,3
2026-02-11,E0,Man City,Fulham,3,0,H,5,3
2026-02-11,E0,Nott'm Forest,Wolves,0,0,D,10,3
2026-02-11,E0,Sunderland,Liverpool,0,1,A,2,3
2026-02-11,E1,Charlton,Stoke,1,0,H,4,2
2026-02-11,E3,Grimsby,Accrington,1,0,H,8,4
2026-02-11,E3,Swindon,Newport County,2,0,H,2,2
2026-02-12,E0,Brentford,Arsenal,1,1,D,3,2
2026-02-14,E1,Derby,Swansea,2,0,H,6,2
2026-02-14,E1,QPR,Blackburn,1,3,A,4,4
2026-02-14,E3,Shrewsbury,Swindon,3,1,H,4,5
2026-02-14,E3,Oldham,Fleetwood Town,1,1,D,3,3
2026-02-14,E3,Milton Keynes Dons,Newport County,1,0,H,9,0
2026-02-14,E3,Crewe,Gillingham,1,0,H,2,5
2026-02-14,E3,Chesterfield,Harrogate,1,1,D,4,4
2026-02-14,E3,Cambridge,Bristol Rvs,3,1,H,5,5
2026-02-14,E3,Bromley,Notts County,1,1,D,1,2
2026-02-14,E3,Barrow,Colchester,1,0,H,2,2
2026-02-14,E1,Sheffield Weds,Millwall,1,2,A,3,6
2026-02-14,E1,Preston,Watford,2,2,D,3,5
2026-02-14,E1,Portsmouth,Sheffield United,0,1,A,7,2
2026-02-14,E3,Barnet,Cheltenham,0,0,D,2,1
2026-02-14,E2,Reading,Wycombe,3,2,H,4,10
2026-02-14,E3,Tranmere,Crawley Town,2,0,H,3,4
2026-02-14,E2,Stevenage,Huddersfield,1,0,H,3,0
2026-02-14,E2,Blackpool,Plymouth,0,4,A,2,11
2026-02-14,E2,Bradford,Peterboro,2,0,H,10,2
2026-02-14,E2,Cardiff,Luton,3,1,H,7,1
2026-02-14,E2,Exeter,Northampton,0,0,D,5,0
2026-02-14,E2,Lincoln,Bolton,1,1,D,10,3
2026-02-14,E2,Barnsley,AFC Wimbledon,3,3,D,7,4
2026-02-16,E1,Coventry,Middlesbrough,3,1,H,4,4
2026-02-17,E2,Blackpool,Mansfield,1,0,H,3,2
2026-02-17,E2,Reading,Bolton,1,1,D,2,5
2026-02-17,E2,Leyton Orient,Plymouth,1,3,A,4,9
2026-02-17,E2,Exeter,Wycombe,1,1,D,5,3
2026-02-17,E2,Bradford,Stockport,1,0,H,2,2
2026-02-17,E2,Cardiff,AFC Wimbledon,4,1,H,8,6
2026-02-17,E2,Burton,Rotherham,1,0,H,3,4
2026-02-17,E2,Stevenage,Port Vale,2,1,H,7,1
2026-02-17,E2,Barnsley,Peterboro,2,1,H,3,7
2026-02-17,E2,Doncaster,Huddersfield,1,0,H,2,0
2026-02-17,E3,Barnet,Swindon,1,2,A,2,4
2026-02-17,E1,Bristol City,Wrexham,2,2,D,5,3
2026-02-17,E3,Bromley,Cheltenham,1,1,D,5,6
2026-02-17,E1,Charlton,Portsmouth,1,3,A,4,6
2026-02-17,E3,Barrow,Harrogate,0,1,A,2,2
2026-02-17,E3,Tranmere,Accrington,0,1,A,2,6
2026-02-17,E3,Shrewsbury,Notts County,1,0,H,5,6
2026-02-17,E3,Salford,Newport County,1,3,A,2,3
2026-02-17,E2,Lincoln,Northampton,4,0,H,13,0
2026-02-17,E3,Milton Keynes Dons,Crawley Town,0,0,D,4,4
2026-02-17,E3,Crewe,Fleetwood Town,0,1,A,0,5
2026-02-17,E3,Oldham,Bristol Rvs,2,0,H,6,4
2026-02-17,E3,Cambridge,Colchester,1,1,D,2,3
2026-02-17,E3,Chesterfield,Gillingham,1,0,H,5,2
2026-02-18,E3,Grimsby,Walsall,2,2,D,8,4
2026-02-18,E2,Wigan,Luton,1,0,H,5,2
2026-02-18,E0,Wolves,Arsenal,2,2,D,2,4
2026-02-20,E1,Blackburn,Preston,1,0,H,3,2
2026-02-21,E1,Norwich,Birmingham,1,2,A,9,5
2026-02-21,E2,Stockport,Wigan,4,2,H,9,4
2026-02-21,E2,Port Vale,Reading,1,1,D,6,2
2026-02-21,E2,Peterboro,Exeter,3,3,D,8,4
2026-02-21,E2,Northampton,Leyton Orient,1,2,A,3,6
2026-02-21,E2,Huddersfield,Barnsley,2,1,H,4,3
2026-02-21,E2,Luton,Burton,1,1,D,2,1
2026-02-21,E1,Millwall,Portsmouth,1,3,A,3,8
2026-02-21,E2,Bolton,Blackpool,2,2,D,6,3
2026-02-21,E2,AFC Wimbledon,Bradford,3,1,H,5,3
2026-02-21,E2,Wycombe,Stevenage,3,1,H,5,3
2026-02-21,E2,Rotherham,Doncaster,1,2,A,2,3
2026-02-21,E2,Plymouth,Cardiff,5,2,H,9,6
2026-02-21,E1,Southampton,Charlton,1,1,D,8,3
2026-02-21,E1,Watford,Derby,2,0,H,8,1
2026-02-21,E2,Mansfield,Lincoln,0,2,A,1,4
2026-02-21,E1,Middlesbrough,Oxford,0,0,D,7,2
2026-02-21,E1,Wrexham,Ipswich,5,3,H,10,6
2026-02-21,E1,Swansea,Bristol City,1,0,H,3,2
2026-02-21,E3,Fleetwood Town,Barrow,3,2,H,6,3
2026-02-21,E0,Man City,Newcastle,2,1,H,7,7
2026-02-21,E0,West Ham,Bournemouth,0,0,D,3,5
2026-02-21,E0,Chelsea,Burnley,1,1,D,2,4
2026-02-21,E0,Brentford,Brighton,0,2,A,3,7
2026-02-21,E0,Aston Villa,Leeds,1,1,D,4,4
2026-02-21,E3,Swindon,Crewe,1,2,A,3,2
2026-02-21,E3,Accrington,Shrewsbury,0,2,A,5,3
2026-02-21,E3,Bristol Rvs,Grimsby,3,1,H,3,6
2026-02-21,E3,Cheltenham,Salford,3,2,H,5,4
2026-02-21,E3,Colchester,Barnet,4,1,H,8,3
2026-02-21,E3,Crawley Town,Chesterfield,1,1,D,4,6
2026-02-21,E3,Gillingham,Oldham,0,3,A,6,8
2026-02-21,E3,Harrogate,Bromley,0,0,D,7,0
2026-02-21,E3,Newport County,Cambridge,0,2,A,1,4
2026-02-21,E1,Hull,QPR,1,3,A,4,8
2026-02-21,E1,Stoke,Leicester,2,2,D,3,5
2026-02-21,E1,West Brom,Coventry,0,2,A,1,3
2026-02-21,E3,Notts County,Tranmere,5,0,H,8,1
2026-02-22,E1,Sheffield United,Sheffield Weds,2,1,H,4,2
2026-02-22,E0,Crystal Palace,Wolves,1,0,H,3,7
2026-02-22,E0,Sunderland,Fulham,1,3,A,2,4
2026-02-22,E0,Tottenham,Arsenal,1,4,A,5,7
2026-02-22,E0,Nott'm Forest,Liverpool,0,1,A,2,4
2026-02-23,E3,Walsall,Milton Keynes Dons,0,2,A,3,3
2026-02-23,E0,Everton,Man United,0,1,A,4,3
2026-02-24,E1,Blackburn,Bristol City,1,2,A,7,5
2026-02-24,E3,Accrington,Barnet,0,1,A,1,4
2026-02-24,E1,Hull,Derby,4,2,H,3,6
2026-02-24,E1,Middlesbrough,Leicester,1,1,D,4,6
2026-02-24,E3,Salford,Shrewsbury,1,2,A,4,6
2026-02-24,E2,Bradford,Rotherham,1,0,H,3,0
2026-02-24,E1,Watford,Ipswich,0,2,A,2,3
2026-02-24,E2,Burton,Stockport,3,0,H,6,3
2026-02-24,E1,Wrexham,Portsmouth,2,1,H,5,1
2026-02-24,E1,Southampton,QPR,5,0,H,9,1
2026-02-24,E2,Northampton,Port Vale,0,1,A,0,2
2026-02-24,E1,West Brom,Charlton,1,1,D,2,2
2026-02-24,E1,Swansea,Preston,1,1,D,2,3
2026-02-25,E1,Millwall,Birmingham,3,0,H,5,2
2026-02-25,E1,Norwich,Sheffield Weds,2,0,H,6,1
2026-02-25,E1,Sheffield United,Coventry,1,2,A,4,5
2026-02-25,E1,Stoke,Oxford,2,1,H,9,2
2026-02-27,E0,Wolves,Aston Villa,2,0,H,2,5
2026-02-27,E3,Harrogate,Cheltenham,1,1,D,5,1
2026-02-27,E1,Bristol City,Watford,1,2,A,4,4
2026-02-28,E0,Bournemouth,Sunderland,1,1,D,5,4
2026-02-28,E0,Burnley,Brentford,3,4,A,3,7
2026-02-28,E0,Leeds,Man City,0,1,A,2,5
2026-02-28,E1,Sheffield Weds,Southampton,1,3,A,3,6
2026-02-28,E3,Oldham,Crawley Town,2,0,H,11,2
2026-02-28,E1,QPR,Sheffield United,0,2,A,2,3
2026-02-28,E1,Preston,Millwall,0,2,A,2,5
2026-02-28,E1,Oxford,West Brom,2,1,H,3,3
2026-02-28,E1,Ipswich,Swansea,3,0,H,6,3
2026-02-28,E1,Coventry,Stoke,2,1,H,8,1
2026-02-28,E1,Leicester,Norwich,0,2,A,3,8
2026-02-28,E1,Portsmouth,Hull,0,1,A,6,2
2026-02-28,E1,Charlton,Wrexham,0,1,A,1,2
2026-02-28,E3,Notts County,Grimsby,0,1,A,5,4
2026-02-28,E1,Derby,Blackburn,3,1,H,6,3
2026-02-28,E0,Liverpool,West Ham,5,2,H,7,4
2026-02-28,E3,Swindon,Bristol Rvs,1,1,D,6,3
2026-02-28,E3,Bromley,Accrington,2,1,H,7,4
2026-02-28,E3,Colchester,Salford,0,1,A,2,4
2026-02-28,E0,Newcastle,Everton,2,3,A,7,5
2026-02-28,E3,Fleetwood Town,Newport County,0,0,D,7,0
2026-02-28,E2,Leyton Orient,Barnsley,1,3,A,4,5
2026-02-28,E2,Northampton,Peterboro,1,1,D,6,4
2026-02-28,E2,Doncaster,Cardiff,0,4,A,1,4
2026-02-28,E2,Exeter,Bolton,1,5,A,4,10
2026-02-28,E3,Barrow,Gillingham,0,1,A,0,3
2026-02-28,E2,Lincoln,Blackpool,4,0,H,7,3
2026-02-28,E2,Port Vale,Luton,1,1,D,5,5
2026-02-28,E2,Reading,Bradford,2,1,H,2,2
2026-02-28,E2,Rotherham,Plymouth,1,0,H,7,4
2026-02-28,E2,Stevenage,Stockport,2,1,H,7,5
2026-02-28,E2,Wigan,Huddersfield,1,0,H,4,4
2026-02-28,E2,Wycombe,Burton,3,0,H,3,3
2026-02-28,E3,Cambridge,Milton Keynes Dons,1,1,D,3,4
2026-02-28,E3,Shrewsbury,Walsall,1,2,A,4,4
2026-02-28,E2,Mansfield,AFC Wimbledon,2,2,D,6,4
2026-02-28,E3,Barnet,Chesterfield,1,0,H,1,2
2026-02-28,E3,Crewe,Tranmere,2,1,H,5,2
2026-03-01,E0,Brighton,Nott'm Forest,2,1,H,7,4
2026-03-01,E0,Fulham,Tottenham,2,1,H,4,1
2026-03-01,E0,Man United,Crystal Palace,2,1,H,11,3
2026-03-01,E0,Arsenal,Chelsea,2,1,H,5,3
2026-03-02,E1,Birmingham,Middlesbrough,1,3,A,7,3
2026-03-03,E3,Walsall,Fleetwood Town,0,1,A,4,1
2026-03-03,E0,Wolves,Liverpool,2,1,H,3,7
2026-03-03,E1,Ipswich,Hull,1,0,H,7,0
2026-03-03,E2,Rotherham,Mansfield,0,0,D,2,3
2026-03-03,E2,Exeter,Burton,1,1,D,3,4
2026-03-03,E2,Barnsley,Wycombe,0,1,A,0,8
2026-03-03,E3,Grimsby,Salford,3,1,H,6,2
2026-03-03,E3,Newport County,Tranmere,3,1,H,6,3
2026-03-03,E3,Chesterfield,Colchester,3,0,H,6,2
2026-03-03,E3,Bromley,Oldham,0,0,D,3,3
2026-03-03,E0,Leeds,Sunderland,0,1,A,4,1
2026-03-03,E0,Everton,Burnley,2,0,H,5,2
2026-03-03,E0,Bournemouth,Brentford,0,0,D,2,2
2026-03-04,E0,Man City,Nott'm Forest,2,2,D,7,4
2026-03-04,E0,Fulham,West Ham,0,1,A,5,3
2026-03-04,E0,Newcastle,Man United,2,1,H,5,5
2026-03-04,E0,Aston Villa,Chelsea,1,4,A,4,8
2026-03-04,E0,Brighton,Arsenal,0,1,A,3,2
2026-03-05,E0,Tottenham,Crystal Palace,1,3,A,4,4
2026-03-06,E3,Cheltenham,Barrow,2,2,D,5,8
2026-03-06,E1,Preston,Oxford,1,3,A,4,7
2026-03-07,E2,Huddersfield,Rotherham,1,0,H,2,5
2026-03-07,E2,Cardiff,Lincoln,0,2,A,3,4
2026-03-07,E2,Blackpool,Wigan,1,1,D,1,2
2026-03-07,E2,Bolton,Wycombe,3,2,H,8,9
2026-03-07,E2,Bradford,Leyton Orient,2,1,H,7,1
2026-03-07,E2,Burton,Stevenage,0,1,A,1,6
2026-03-07,E2,Luton,Reading,2,3,A,2,6
2026-03-07,E2,Plymouth,Doncaster,2,1,H,6,2
2026-03-07,E2,Barnsley,Exeter,2,1,H,4,1
2026-03-07,E3,Milton Keynes Dons,Harrogate,4,1,H,9,4
2026-03-07,E3,Salford,Barnet,2,0,H,6,1
2026-03-07,E1,Swansea,Stoke,2,0,H,4,2
2026-03-07,E1,Sheffield United,West Brom,1,1,D,2,3
2026-03-07,E1,Ipswich,Leicester,1,1,D,3,3
2026-03-07,E1,Derby,Sheffield Weds,2,1,H,4,3
2026-03-07,E1,Charlton,Birmingham,1,0,H,4,1
2026-03-07,E1,Bristol City,Coventry,0,2,A,6,7
2026-03-07,E3,Grimsby,Bromley,1,1,D,8,5
2026-03-07,E1,Blackburn,Portsmouth,1,1,D,1,1
2026-03-07,E1,Hull,Millwall,1,3,A,5,4
2026-03-07,E3,Tranmere,Oldham,1,3,A,1,5
2026-03-07,E3,Newport County,Colchester,1,2,A,3,7
2026-03-07,E3,Gillingham,Fleetwood Town,1,1,D,3,5
2026-03-07,E3,Crawley Town,Swindon,2,2,D,8,6
2026-03-07,E3,Chesterfield,Shrewsbury,2,3,A,8,6
2026-03-07,E3,Bristol Rvs,Crewe,2,1,H,2,3
2026-03-07,E3,Accrington,Cambridge,1,1,D,1,3
2026-03-07,E3,Walsall,Notts County,1,2,A,1,7
2026-03-08,E2,AFC Wimbledon,Northampton,1,0,H,4,3
2026-03-08,E1,QPR,Middlesbrough,0,4,A,3,7
2026-03-10,E2,Exeter,Lincoln,0,1,A,3,3
2026-03-10,E2,Mansfield,Reading,1,0,H,7,2
2026-03-10,E2,Doncaster,Luton,1,1,D,7,2
2026-03-10,E2,Wigan,Plymouth,0,3,A,2,6
2026-03-10,E1,Stoke,Ipswich,3,3,D,6,5
2026-03-10,E1,Wrexham,Hull,1,2,A,2,5
2026-03-10,E1,Sheffield Weds,Watford,1,1,D,4,5
2026-03-10,E1,Portsmouth,Swansea,1,2,A,4,3
2026-03-10,E2,Stevenage,Leyton Orient,1,2,A,4,4
2026-03-10,E1,Leicester,Bristol City,2,0,H,5,1
2026-03-10,E1,Millwall,Derby,1,0,H,4,1
2026-03-10,E3,Fleetwood Town,Cheltenham,2,2,D,3,4
2026-03-10,E3,Barrow,Bristol Rvs,0,2,A,3,5
2026-03-10,E2,Barnsley,Cardiff,1,1,D,2,4
2026-03-10,E3,Salford,Walsall,1,0,H,2,1
2026-03-10,E3,Gillingham,Milton Keynes Dons,1,5,A,5,7
2026-03-11,E1,Coventry,Preston,3,0,H,9,2
2026-03-11,E1,Birmingham,QPR,1,0,H,6,1
2026-03-11,E1,Middlesbrough,Charlton,0,1,A,7,2
2026-03-11,E1,Norwich,Sheffield United,2,1,H,7,2
2026-03-11,E1,West Brom,Southampton,1,1,D,6,4
2026-03-11,E2,AFC Wimbledon,Blackpool,4,1,H,7,2
2026-03-11,E2,Port Vale,Bradford,0,2,A,1,13
2026-03-11,E1,Oxford,Blackburn,1,0,H,7,2
2026-03-13,E1,Wrexham,Swansea,2,0,H,2,3
2026-03-13,E3,Colchester,Crawley Town,0,0,D,3,2
2026-03-14,E0,Sunderland,Brighton,0,1,A,4,4
2026-03-14,E3,Shrewsbury,Cheltenham,0,2,A,2,3
2026-03-14,E3,Oldham,Grimsby,1,0,H,1,1
2026-03-14,E3,Fleetwood Town,Tranmere,0,0,D,2,2
2026-03-14,E3,Crewe,Walsall,0,3,A,2,8
2026-03-14,E3,Cambridge,Gillingham,5,0,H,6,0
2026-03-14,E3,Bromley,Bristol Rvs,1,0,H,3,3
2026-03-14,E3,Barrow,Accrington,0,0,D,2,1
2026-03-14,E3,Barnet,Newport County,1,2,A,4,4
2026-03-14,E3,Notts County,Chesterfield,2,3,A,3,5
2026-03-14,E3,Harrogate,Salford,0,1,A,1,6
2026-03-14,E0,Burnley,Bournemouth,0,0,D,2,3
2026-03-14,E2,Lincoln,Stockport,3,1,H,6,3
2026-03-14,E2,Rotherham,Bolton,2,2,D,5,10
2026-03-14,E2,Doncaster,Blackpool,2,1,H,5,1
2026-03-14,E2,Exeter,Cardiff,0,4,A,1,10
2026-03-14,E2,Leyton Orient,Peterboro,2,1,H,6,4
2026-03-14,E2,Mansfield,Barnsley,2,2,D,4,4
2026-03-14,E2,Northampton,Burton,0,2,A,2,4
2026-03-14,E2,Wycombe,Luton,1,2,A,5,3
2026-03-14,E2,Wigan,Bradford,2,0,H,3,2
2026-03-14,E2,Stevenage,AFC Wimbledon,1,0,H,4,1
2026-03-14,E3,Swindon,Milton Keynes Dons,1,2,A,5,3
2026-03-14,E2,Reading,Plymouth,2,2,D,8,2
2026-03-14,E2,Port Vale,Huddersfield,0,0,D,5,4
2026-03-14,E1,Sheffield Weds,Ipswich,0,2,A,2,6
2026-03-14,E1,Norwich,Preston,2,0,H,4,4
2026-03-14,E1,Birmingham,Sheffield United,1,1,D,7,3
2026-03-14,E1,Stoke,Watford,3,1,H,12,4
2026-03-14,E1,West Brom,Hull,3,0,H,8,2
2026-03-14,E1,Oxford,Charlton,1,1,D,2,1
2026-03-14,E1,Middlesbrough,Bristol City,1,1,D,7,1
2026-03-14,E1,Millwall,Blackburn,1,2,A,3,4
2026-03-14,E1,Coventry,Southampton,1,2,A,6,3
2026-03-14,E0,West Ham,Man City,1,1,D,1,6
2026-03-14,E1,Leicester,QPR,1,3,A,2,3
2026-03-14,E0,Arsenal,Everton,2,0,H,7,3
2026-03-14,E0,Chelsea,Newcastle,0,1,A,3,5
2026-03-15,E0,Nott'm Forest,Fulham,0,0,D,2,0
2026-03-15,E0,Liverpool,Tottenham,1,1,D,4,7
2026-03-15,E0,Crystal Palace,Leeds,0,0,D,0,3
2026-03-15,E0,Man United,Aston Villa,3,1,H,6,2
2026-03-16,E1,Portsmouth,Derby,0,1,A,9,4
2026-03-16,E0,Brentford,Wolves,2,2,D,3,4
2026-03-17,E2,Stockport,Northampton,2,1,H,8,1
2026-03-17,E2,Cardiff,Wycombe,0,2,A,3,4
2026-03-17,E2,Burton,Reading,1,2,A,4,3
2026-03-17,E2,Bolton,Doncaster,0,0,D,3,1
2026-03-17,E2,Plymouth,Stevenage,1,0,H,4,1
2026-03-17,E2,Peterboro,Rotherham,5,0,H,9,3
2026-03-17,E2,Barnsley,Wigan,1,1,D,6,4
2026-03-17,E2,Bradford,Mansfield,1,1,D,3,1
2026-03-17,E3,Accrington,Notts County,0,4,A,3,9
2026-03-17,E1,Watford,Wrexham,3,1,H,6,1
2026-03-17,E3,Walsall,Cambridge,0,0,D,1,0
2026-03-17,E3,Tranmere,Harrogate,0,3,A,2,6
2026-03-17,E3,Salford,Barrow,3,1,H,6,4
2026-03-17,E3,Grimsby,Fleetwood Town,1,0,H,5,1
2026-03-17,E3,Gillingham,Swindon,0,2,A,3,2
2026-03-17,E3,Crawley Town,Barnet,1,1,D,4,3
2026-03-17,E2,Luton,Exeter,3,2,H,7,3
2026-03-17,E3,Chesterfield,Oldham,0,3,A,1,6
2026-03-17,E3,Bristol Rvs,Shrewsbury,1,0,H,2,1
2026-03-17,E3,Newport County,Bromley,0,1,A,5,3
2026-03-17,E2,AFC Wimbledon,Leyton Orient,2,4,A,7,7
2026-03-17,E2,Blackpool,Port Vale,3,2,H,4,5
2026-03-17,E3,Cheltenham,Crewe,1,1,D,4,3
2026-03-17,E2,Huddersfield,Lincoln,2,2,D,2,7
2026-03-18,E1,Southampton,Norwich,1,0,H,4,7
2026-03-18,E3,Milton Keynes Dons,Colchester,1,0,H,3,0
2026-03-20,E0,Bournemouth,Man United,2,2,D,5,5
2026-03-20,E1,Preston,Stoke,3,1,H,3,2
2026-03-21,E1,Charlton,Norwich,0,1,A,2,5
2026-03-21,E1,Watford,Leicester,0,0,D,2,5
2026-03-21,E1,Southampton,Oxford,2,0,H,7,1
2026-03-21,E1,Bristol City,West Brom,0,1,A,1,6
2026-03-21,E1,Blackburn,Middlesbrough,0,0,D,1,3
2026-03-21,E1,Derby,Birmingham,1,0,H,6,0
2026-03-21,E1,Ipswich,Millwall,1,1,D,4,3
2026-03-21,E1,QPR,Portsmouth,6,1,H,8,7
2026-03-21,E1,Hull,Sheffield Weds,3,1,H,5,3
2026-03-21,E1,Swansea,Coventry,0,3,A,2,7
2026-03-21,E1,Sheffield United,Wrexham,1,2,A,7,4
2026-03-21,E2,Plymouth,Huddersfield,3,1,H,9,5
2026-03-21,E2,Luton,Stockport,1,1,D,5,2
2026-03-21,E0,Brighton,Liverpool,2,1,H,7,5
2026-03-21,E0,Fulham,Burnley,3,1,H,6,5
2026-03-21,E0,Everton,Chelsea,3,0,H,9,4
2026-03-21,E0,Leeds,Brentford,0,0,D,4,2
2026-03-21,E3,Walsall,Newport County,2,1,H,3,3
2026-03-21,E3,Tranmere,Swindon,0,1,A,7,6
2026-03-21,E3,Shrewsbury,Crewe,0,4,A,2,9
2026-03-21,E2,Cardiff,Blackpool,0,0,D,5,1
2026-03-21,E3,Notts County,Cheltenham,5,2,H,7,3
2026-03-21,E3,Grimsby,Barrow,5,0,H,7,4
2026-03-21,E3,Gillingham,Bristol Rvs,1,2,A,3,8
2026-03-21,E3,Fleetwood Town,Crawley Town,1,0,H,5,3
2026-03-21,E3,Oldham,Harrogate,1,0,H,4,4
2026-03-21,E3,Accrington,Chesterfield,0,1,A,6,3
2026-03-21,E2,AFC Wimbledon,Peterboro,1,1,D,8,6
2026-03-21,E2,Barnsley,Doncaster,0,1,A,3,2
2026-03-21,E2,Burton,Bradford,2,1,H,5,4
2026-03-21,E2,Leyton Orient,Wycombe,2,0,H,3,2
2026-03-21,E3,Bromley,Colchester,1,0,H,6,5
2026-03-21,E2,Lincoln,Rotherham,3,0,H,6,0
2026-03-21,E3,Cambridge,Salford,1,0,H,7,3
2026-03-21,E2,Port Vale,Bolton,1,0,H,2,2
2026-03-21,E2,Stevenage,Reading,1,0,H,4,1
2026-03-21,E2,Wigan,Exeter,2,0,H,4,2
2026-03-21,E3,Milton Keynes Dons,Barnet,1,3,A,5,6
2026-03-21,E2,Mansfield,Northampton,4,1,H,9,4
2026-03-22,E0,Tottenham,Nott'm Forest,0,3,A,3,7
2026-03-22,E0,Aston Villa,West Ham,2,0,H,7,1
2026-03-22,E0,Newcastle,Sunderland,1,2,A,4,7
2026-03-24,E3,Oldham,Notts County,3,0,H,7,2
2026-03-24,E2,Doncaster,Port Vale,1,0,H,2,3
2026-03-28,E3,Harrogate,Notts County,0,2,A,2,6
2026-03-28,E3,Barnet,Cambridge,1,0,H,1,1
2026-03-28,E3,Bristol Rvs,Accrington,2,0,H,3,2
2026-03-28,E3,Colchester,Walsall,1,1,D,5,7
2026-03-28,E3,Barrow,Bromley,2,1,H,4,3
2026-03-28,E3,Crewe,Oldham,2,1,H,7,4
2026-03-28,E3,Salford,Milton Keynes Dons,1,0,H,4,3
2026-03-28,E3,Crawley Town,Gillingham,2,0,H,5,2
2026-03-28,E2,Blackpool,Burton,1,0,H,4,1
2026-03-28,E2,Exeter,Leyton Orient,0,0,D,2,4
2026-03-28,E2,Reading,Wigan,3,0,H,5,1
2026-03-28,E2,Stockport,AFC Wimbledon,3,0,H,4,4
2026-03-28,E2,Wycombe,Port Vale,4,0,H,9,2
2026-03-28,E3,Newport County,Shrewsbury,1,0,H,2,1
2026-03-28,E3,Swindon,Fleetwood Town,1,1,D,3,4
2026-04-02,E3,Cambridge,Swindon,1,1,D,6,1
2026-04-02,E2,Wigan,Leyton Orient,0,0,D,0,5
2026-04-03,E3,Grimsby,Harrogate,1,3,A,6,3
2026-04-03,E1,Leicester,Preston,2,2,D,10,3
2026-04-03,E1,Oxford,Hull,1,1,D,4,2
2026-04-03,E1,QPR,Watford,2,1,H,8,3
2026-04-03,E1,Sheffield United,Swansea,3,3,D,4,6
2026-04-03,E1,Stoke,Sheffield Weds,2,0,H,6,2
2026-04-03,E1,West Brom,Wrexham,2,2,D,4,3
2026-04-03,E1,Coventry,Derby,3,2,H,7,3
2026-04-03,E2,Doncaster,Mansfield,0,2,A,0,3
2026-04-03,E2,Blackpool,Exeter,1,0,H,3,3
2026-04-03,E2,Bradford,Northampton,1,0,H,7,1
2026-04-03,E2,Burton,Barnsley,1,1,D,5,2
2026-04-03,E2,Huddersfield,Reading,1,1,D,6,2
2026-04-03,E2,Lincoln,AFC Wimbledon,1,0,H,4,1
2026-04-03,E2,Luton,Peterboro,2,1,H,6,3
2026-04-03,E2,Plymouth,Bolton,1,2,A,4,2
2026-04-03,E2,Rotherham,Stevenage,0,0,D,1,3
2026-04-03,E2,Stockport,Wycombe,3,0,H,11,3
2026-04-03,E3,Colchester,Oldham,1,3,A,3,4
2026-04-03,E1,Charlton,Bristol City,1,2,A,4,8
2026-04-03,E1,Birmingham,Blackburn,0,1,A,5,4
2026-04-03,E1,Norwich,Portsmouth,1,1,D,2,1
2026-04-03,E3,Chesterfield,Cheltenham,1,0,H,3,1
2026-04-03,E1,Middlesbrough,Millwall,1,2,A,5,5
2026-04-03,E3,Salford,Notts County,2,1,H,7,1
2026-04-03,E3,Newport County,Crawley Town,0,2,A,2,5
2026-04-03,E3,Milton Keynes Dons,Barrow,0,0,D,5,0
2026-04-03,E3,Walsall,Gillingham,2,2,D,5,4
2026-04-03,E3,Shrewsbury,Tranmere,1,0,H,5,1
2026-04-03,E3,Accrington,Crewe,2,0,H,3,1
2026-04-03,E3,Barnet,Bromley,2,2,D,6,7
2026-04-03,E3,Bristol Rvs,Fleetwood Town,1,0,H,2,2
2026-04-06,E2,Leyton Orient,Huddersfield,1,2,A,2,4
2026-04-06,E2,Northampton,Wigan,1,3,A,3,3
2026-04-06,E2,Bolton,Stockport,2,2,D,3,4
2026-04-06,E2,Barnsley,Plymouth,0,3,A,1,8
2026-04-06,E2,AFC Wimbledon,Luton,0,3,A,0,8
2026-04-06,E2,Peterboro,Cardiff,1,1,D,3,8
2026-04-06,E2,Mansfield,Burton,0,0,D,4,1
2026-04-06,E2,Exeter,Doncaster,3,0,H,6,10
2026-04-06,E3,Tranmere,Colchester,0,1,A,6,5
2026-04-06,E3,Oldham,Milton Keynes Dons,1,1,D,4,2
2026-04-06,E3,Notts County,Newport County,3,1,H,8,2
2026-04-06,E3,Harrogate,Bristol Rvs,2,3,A,2,6
2026-04-06,E3,Gillingham,Accrington,2,0,H,5,0
2026-04-06,E3,Fleetwood Town,Barnet,2,5,A,5,9
2026-04-06,E3,Crewe,Salford,1,0,H,4,2
2026-04-06,E3,Crawley Town,Grimsby,0,2,A,0,5
2026-04-06,E3,Cheltenham,Cambridge,1,1,D,0,4
2026-04-06,E3,Barrow,Chesterfield,0,1,A,1,3
2026-04-06,E2,Reading,Lincoln,1,2,A,1,2
2026-04-06,E3,Swindon,Walsall,2,1,H,2,2
2026-04-06,E2,Stevenage,Blackpool,1,0,H,4,0
2026-04-06,E1,Hull,Coventry,0,0,D,5,1
2026-04-06,E2,Wycombe,Bradford,1,2,A,3,3
2026-04-06,E1,Portsmouth,Oxford,2,2,D,3,3
2026-04-06,E1,Millwall,Norwich,1,2,A,2,5
2026-04-06,E1,Blackburn,West Brom,0,0,D,0,3
2026-04-06,E1,Bristol City,Sheffield United,1,0,H,1,7
2026-04-06,E1,Derby,Stoke,2,0,H,3,0
2026-04-06,E1,Swansea,Middlesbrough,2,2,D,3,6
2026-04-06,E1,Watford,Charlton,1,1,D,10,4
2026-04-06,E1,Sheffield Weds,Leicester,1,1,D,1,12
2026-04-06,E1,Preston,QPR,1,1,D,2,5
2026-04-06,E1,Ipswich,Birmingham,2,1,H,5,4
2026-04-07,E2,Port Vale,Rotherham,1,0,H,2,5
2026-04-07,E3,Bromley,Shrewsbury,2,1,H,4,3
2026-04-07,E1,Wrexham,Southampton,1,5,A,2,9
2026-04-10,E0,West Ham,Wolves,4,0,H,7,3
2026-04-10,E3,Colchester,Swindon,3,0,H,10,1
2026-04-10,E1,West Brom,Millwall,0,0,D,1,3
2026-04-11,E1,Oxford,Watford,2,0,H,6,3
2026-04-11,E1,Sheffield United,Hull,2,1,H,7,4
2026-04-11,E1,Middlesbrough,Portsmouth,0,1,A,8,1
2026-04-11,E0,Arsenal,Bournemouth,1,2,A,3,3
2026-04-11,E0,Brentford,Everton,2,2,D,4,7
2026-04-11,E0,Burnley,Brighton,0,2,A,5,6
2026-04-11,E0,Liverpool,Fulham,2,0,H,5,4
2026-04-11,E3,Walsall,Cheltenham,0,4,A,0,6
2026-04-11,E3,Shrewsbury,Oldham,1,0,H,2,2
2026-04-11,E3,Salford,Gillingham,0,0,D,3,0
2026-04-11,E1,Stoke,Blackburn,1,1,D,3,3
2026-04-11,E3,Newport County,Harrogate,2,1,H,3,2
2026-04-11,E3,Chesterfield,Tranmere,1,1,D,3,4
2026-04-11,E3,Cambridge,Notts County,4,0,H,6,0
2026-04-11,E3,Barnet,Barrow,3,2,H,5,2
2026-04-11,E3,Accrington,Fleetwood Town,1,2,A,2,6
2026-04-11,E3,Milton Keynes Dons,Bromley,2,1,H,4,7
2026-04-11,E3,Bristol Rvs,Crawley Town,3,1,H,3,4
2026-04-11,E1,Leicester,Swansea,0,1,A,6,1
2026-04-11,E1,Charlton,Preston,1,2,A,6,5
2026-04-11,E1,QPR,Bristol City,0,0,D,2,6
2026-04-11,E1,Coventry,Sheffield Weds,0,0,D,3,0
2026-04-11,E3,Grimsby,Crewe,3,2,H,3,2
2026-04-11,E1,Norwich,Ipswich,0,2,A,3,5
2026-04-11,E1,Southampton,Derby,2,1,H,5,4
2026-04-11,E2,Blackpool,Peterboro,3,1,H,9,4
2026-04-11,E2,Rotherham,Barnsley,1,3,A,2,9
2026-04-11,E2,Wigan,Mansfield,2,1,H,4,4
2026-04-11,E2,Burton,AFC Wimbledon,1,0,H,3,1
2026-04-11,E2,Bradford,Stevenage,0,1,A,5,1
2026-04-11,E2,Plymouth,Exeter,2,2,D,10,2
2026-04-11,E2,Huddersfield,Wycombe,3,3,D,6,4
2026-04-11,E2,Lincoln,Leyton Orient,2,1,H,6,6
2026-04-11,E2,Cardiff,Bolton,2,0,H,5,1
2026-04-11,E2,Doncaster,Reading,1,0,H,6,1
2026-04-12,E1,Birmingham,Wrexham,2,0,H,8,0
2026-04-12,E0,Chelsea,Man City,0,3,A,3,8
2026-04-12,E0,Sunderland,Tottenham,1,0,H,2,7
2026-04-12,E0,Nott'm Forest,Aston Villa,1,1,D,4,5
2026-04-12,E0,Crystal Palace,Newcastle,2,1,H,5,3
2026-04-13,E0,Man United,Leeds,1,2,A,9,6
2026-04-14,E3,Cheltenham,Gillingham,2,1,H,3,5
2026-04-14,E2,Bolton,Stevenage,5,1,H,9,3
2026-04-14,E2,Huddersfield,Cardiff,1,1,D,7,3
2026-04-14,E2,Leyton Orient,Mansfield,0,0,D,1,2
2026-04-14,E2,Port Vale,Barnsley,0,0,D,1,4
2026-04-14,E2,Wigan,Rotherham,3,0,H,6,0
2026-04-14,E3,Colchester,Accrington,2,1,H,7,3
2026-04-14,E3,Chesterfield,Grimsby,2,1,H,3,3
2026-04-14,E1,Portsmouth,Ipswich,2,0,H,4,2
2026-04-14,E1,Southampton,Blackburn,3,0,H,7,3
2026-04-14,E3,Barrow,Oldham,3,2,H,4,5
2026-04-15,E2,Luton,Northampton,2,1,H,5,3
2026-04-15,E2,AFC Wimbledon,Stockport,0,2,A,5,6
2026-04-16,E3,Bromley,Cambridge,0,0,D,1,3
2026-04-16,E2,Peterboro,Port Vale,1,3,A,3,4
2026-04-17,E1,Blackburn,Coventry,1,1,D,2,2
2026-04-18,E2,Barnsley,Bradford,2,2,D,4,5
2026-04-18,E2,Bolton,Huddersfield,3,3,D,6,3
2026-04-18,E2,AFC Wimbledon,Plymouth,1,3,A,4,10
2026-04-18,E2,Exeter,Stockport,3,3,D,8,11
2026-04-18,E2,Leyton Orient,Rotherham,0,2,A,1,5
2026-04-18,E2,Mansfield,Luton,2,2,D,5,8
2026-04-18,E2,Northampton,Doncaster,1,3,A,2,6
2026-04-18,E2,Reading,Cardiff,1,3,A,7,9
2026-04-18,E2,Stevenage,Lincoln,2,2,D,3,4
2026-04-18,E2,Wycombe,Blackpool,0,1,A,6,1
2026-04-18,E3,Notts County,Barnet,1,2,A,4,2
2026-04-18,E0,Brentford,Fulham,0,0,D,4,0
2026-04-18,E3,Gillingham,Grimsby,1,4,A,3,6
2026-04-18,E3,Fleetwood Town,Chesterfield,1,1,D,9,2
2026-04-18,E3,Crewe,Milton Keynes Dons,1,3,A,4,6
2026-04-18,E3,Crawley Town,Shrewsbury,0,0,D,5,0
2026-04-18,E3,Cheltenham,Newport County,1,0,H,4,3
2026-04-18,E3,Swindon,Accrington,2,2,D,6,7
2026-04-18,E3,Barrow,Walsall,1,3,A,2,12
2026-04-18,E0,Leeds,Wolves,3,0,H,6,2
2026-04-18,E3,Harrogate,Colchester,1,0,H,5,3
2026-04-18,E1,Millwall,QPR,2,0,H,4,1
2026-04-18,E0,Newcastle,Bournemouth,1,2,A,3,3
2026-04-18,E0,Tottenham,Brighton,2,2,D,6,3
2026-04-18,E0,Chelsea,Man United,0,1,A,3,1
2026-04-18,E1,Derby,Oxford,1,0,H,2,0
2026-04-18,E1,Bristol City,Norwich,2,4,A,6,9
2026-04-18,E1,Hull,Birmingham,1,1,D,3,5
2026-04-18,E1,Preston,West Brom,0,2,A,1,3
2026-04-18,E3,Tranmere,Bristol Rvs,1,2,A,3,4
2026-04-18,E3,Oldham,Salford,1,2,A,2,4
2026-04-18,E1,Sheffield Weds,Charlton,1,1,D,2,3
2026-04-18,E1,Swansea,Southampton,1,2,A,3,6
2026-04-18,E1,Watford,Sheffield United,0,2,A,3,5
2026-04-18,E1,Portsmouth,Leicester,1,0,H,2,3
2026-04-18,E1,Wrexham,Stoke,2,0,H,4,0
2026-04-19,E1,Ipswich,Middlesbrough,2,2,D,5,9
2026-04-19,E2,Peterboro,Burton,1,1,D,3,4
2026-04-19,E0,Man City,Arsenal,2,1,H,5,3
2026-04-19,E0,Nott'm Forest,Burnley,4,1,H,4,3
2026-04-19,E0,Everton,Liverpool,1,2,A,4,6
2026-04-19,E0,Aston Villa,Sunderland,4,3,H,7,7
2026-04-19,E2,Port Vale,Wigan,0,0,D,3,1
2026-04-20,E0,Crystal Palace,West Ham,0,0,D,1,4
2026-04-21,E3,Cheltenham,Tranmere,1,3,A,1,6
2026-04-21,E0,Brighton,Chelsea,3,0,H,9,0
2026-04-21,E3,Cambridge,Grimsby,1,2,A,2,3
2026-04-21,E2,Stockport,Mansfield,0,1,A,3,4
2026-04-21,E1,Leicester,Hull,2,2,D,4,4
2026-04-21,E2,Rotherham,Luton,0,2,A,3,4
2026-04-21,E1,Norwich,Derby,2,1,H,6,8
2026-04-21,E1,Oxford,Wrexham,0,1,A,4,4
2026-04-21,E1,QPR,Swansea,1,2,A,5,11
2026-04-21,E1,Southampton,Bristol City,2,2,D,4,5
2026-04-21,E1,Coventry,Portsmouth,5,1,H,6,2
2026-04-21,E1,Stoke,Millwall,1,3,A,4,6
2026-04-21,E2,Stevenage,Barnsley,1,0,H,5,2
2026-04-21,E2,Doncaster,Lincoln,0,2,A,0,5
2026-04-21,E2,Bradford,Plymouth,1,1,D,3,3
2026-04-21,E1,West Brom,Watford,3,0,H,6,3
2026-04-22,E0,Burnley,Man City,0,1,A,1,9
2026-04-22,E1,Charlton,Ipswich,1,2,A,3,5
2026-04-22,E1,Sheffield United,Blackburn,1,3,A,4,5
2026-04-22,E1,Middlesbrough,Sheffield Weds,1,0,H,4,1
2026-04-22,E2,Cardiff,Port Vale,1,0,H,4,2
2026-04-22,E0,Bournemouth,Leeds,2,2,D,7,3
2026-04-22,E1,Birmingham,Preston,2,1,H,5,6
2026-04-23,E3,Salford,Bromley,2,0,H,4,3
2026-04-24,E0,Sunderland,Nott'm Forest,0,5,A,4,6
2026-04-24,E1,Leicester,Millwall,1,1,D,3,4
2026-04-25,E1,Charlton,Hull,2,1,H,7,4
2026-04-25,E1,Middlesbrough,Watford,5,1,H,9,3
2026-04-25,E1,West Brom,Ipswich,0,0,D,6,3
2026-04-25,E1,Birmingham,Bristol City,2,1,H,6,2
2026-04-25,E2,Lincoln,Wycombe,4,3,H,7,8
2026-04-25,E2,Luton,Barnsley,2,1,H,4,2
2026-04-25,E2,Plymouth,Port Vale,2,1,H,4,5
2026-04-25,E2,Rotherham,Reading,1,1,D,3,3
2026-04-25,E2,Wigan,AFC Wimbledon,0,1,A,0,2
2026-04-25,E1,QPR,Derby,2,3,A,12,3
2026-04-25,E3,Walsall,Harrogate,0,2,A,3,4
2026-04-25,E2,Cardiff,Northampton,5,1,H,11,5
2026-04-25,E0,Wolves,Tottenham,0,1,A,2,2
2026-04-25,E0,Liverpool,Crystal Palace,3,1,H,3,7
2026-04-25,E2,Burton,Exeter,1,1,D,5,1
2026-04-25,E2,Bradford,Bolton,1,1,D,2,3
2026-04-25,E2,Blackpool,Leyton Orient,1,0,H,8,1
2026-04-25,E2,Stockport,Peterboro,3,1,H,11,6
2026-04-25,E2,Doncaster,Stevenage,1,1,D,3,4
2026-04-25,E1,Oxford,Sheffield Weds,4,1,H,10,3
2026-04-25,E1,Stoke,Portsmouth,1,3,A,3,4
2026-04-25,E1,Sheffield United,Preston,2,3,A,3,6
2026-04-25,E3,Grimsby,Swindon,4,0,H,6,2
2026-04-25,E3,Milton Keynes Dons,Tranmere,3,0,H,7,1
2026-04-25,E0,Fulham,Aston Villa,1,0,H,6,1
2026-04-25,E3,Accrington,Crawley Town,3,3,D,3,5
2026-04-25,E3,Bristol Rvs,Cheltenham,4,0,H,4,1
2026-04-25,E3,Cambridge,Barrow,3,0,H,5,0
2026-04-25,E3,Chesterfield,Crewe,2,0,H,6,1
2026-04-25,E3,Colchester,Notts County,0,1,A,0,11
2026-04-25,E3,Newport County,Oldham,3,2,H,14,6
2026-04-25,E3,Shrewsbury,Fleetwood Town,2,2,D,6,2
2026-04-25,E0,Arsenal,Newcastle,1,0,H,4,3
2026-04-25,E2,Huddersfield,Mansfield,1,4,A,2,3
2026-04-25,E0,West Ham,Everton,2,1,H,3,3
2026-04-25,E3,Barnet,Gillingham,6,2,H,12,2
2026-04-25,E1,Norwich,Swansea,1,1,D,8,2
2026-04-26,E1,Coventry,Wrexham,3,1,H,6,2
2026-04-27,E0,Man United,Brentford,2,1,H,6,4
2026-04-28,E1,Southampton,Ipswich,2,2,D,4,9
2026-04-28,E2,Stockport,Port Vale,1,2,A,2,5
2026-04-28,E2,Northampton,Barnsley,0,1,A,2,3
2026-04-28,E2,Peterboro,Mansfield,0,0,D,3,2
2026-05-01,E0,Leeds,Burnley,3,1,H,8,3
2026-05-02,E2,Wycombe,Rotherham,3,2,H,9,3
2026-05-02,E0,Arsenal,Fulham,3,0,H,9,1
2026-05-02,E0,Wolves,Sunderland,1,1,D,7,2
2026-05-02,E0,Newcastle,Brighton,3,1,H,6,4
2026-05-02,E0,Brentford,West Ham,3,0,H,6,4
2026-05-02,E3,Swindon,Chesterfield,1,2,A,7,3
2026-05-02,E1,Blackburn,Leicester,0,1,A,3,9
2026-05-02,E2,Stevenage,Wigan,1,0,H,5,6
2026-05-02,E3,Bromley,Walsall,3,1,H,8,5
2026-05-02,E3,Cheltenham,Colchester,1,4,A,4,7
2026-05-02,E3,Crawley Town,Salford,0,0,D,4,4
2026-05-02,E3,Crewe,Cambridge,0,0,D,2,5
2026-05-02,E3,Fleetwood Town,Milton Keynes Dons,1,1,D,3,4
2026-05-02,E3,Gillingham,Shrewsbury,1,0,H,2,5
2026-05-02,E3,Harrogate,Barnet,1,2,A,3,6
2026-05-02,E3,Notts County,Bristol Rvs,1,1,D,6,4
2026-05-02,E3,Oldham,Accrington,3,0,H,5,4
2026-05-02,E3,Barrow,Newport County,1,2,A,6,4
2026-05-02,E1,Bristol City,Stoke,2,0,H,5,2
2026-05-02,E3,Tranmere,Grimsby,1,1,D,2,3
2026-05-02,E1,Hull,Norwich,2,1,H,6,2
2026-05-02,E1,Derby,Sheffield United,1,2,A,6,8
2026-05-02,E1,Portsmouth,Birmingham,1,1,D,2,5
2026-05-02,E1,Preston,Southampton,1,3,A,5,5
2026-05-02,E1,Sheffield Weds,West Brom,2,1,H,5,5
2026-05-02,E1,Millwall,Oxford,2,0,H,8,1
2026-05-02,E1,Watford,Coventry,0,4,A,4,7
2026-05-02,E1,Wrexham,Middlesbrough,2,2,D,8,5
2026-05-02,E2,AFC Wimbledon,Huddersfield,0,4,A,1,9
2026-05-02,E2,Barnsley,Stockport,1,3,A,5,9
2026-05-02,E1,Swansea,Charlton,3,1,H,8,3
2026-05-02,E2,Exeter,Bradford,1,2,A,3,3
2026-05-02,E2,Leyton Orient,Burton,2,2,D,4,8
2026-05-02,E2,Mansfield,Cardiff,5,4,H,10,7
2026-05-02,E1,Ipswich,QPR,3,0,H,7,4
2026-05-02,E2,Northampton,Plymouth,2,3,A,4,10
2026-05-02,E2,Peterboro,Doncaster,1,3,A,6,13
2026-05-02,E2,Port Vale,Lincoln,0,2,A,1,3
2026-05-02,E2,Reading,Blackpool,0,1,A,0,5
2026-05-02,E2,Bolton,Luton,2,3,A,12,5
2026-05-03,E0,Aston Villa,Tottenham,1,2,A,1,5
2026-05-03,E0,Man United,Liverpool,3,2,H,6,5
2026-05-03,E0,Bournemouth,Crystal Palace,3,0,H,5,1
2026-05-04,E0,Chelsea,Nott'm Forest,1,3,A,5,4
2026-05-04,E0,Everton,Man City,3,3,D,6,4
2026-05-09,E0,Liverpool,Chelsea,1,1,D,3,3
2026-05-09,E0,Brighton,Wolves,3,0,H,6,1
2026-05-09,E0,Fulham,Bournemouth,0,1,A,2,5
2026-05-09,E0,Man City,Brentford,3,0,H,10,2
2026-05-09,E0,Sunderland,Man United,0,0,D,4,1
2026-05-10,E0,Burnley,Aston Villa,2,2,D,6,7
2026-05-10,E0,Nott'm Forest,Newcastle,1,1,D,6,6
2026-05-10,E0,West Ham,Arsenal,0,1,A,3,4
2026-05-10,E0,Crystal Palace,Everton,2,2,D,8,6
2026-05-11,E0,Tottenham,Leeds,1,1,D,3,4
2026-05-13,E0,Man City,Crystal Palace,3,0,H,4,2
2026-05-15,E0,Aston Villa,Liverpool,4,2,H,9,5
2026-05-17,E0,Wolves,Fulham,1,1,D,3,5
2026-05-17,E0,Leeds,Brighton,1,0,H,1,8
2026-05-17,E0,Newcastle,West Ham,3,1,H,7,8
2026-05-17,E0,Brentford,Crystal Palace,2,2,D,3,5
2026-05-17,E0,Man United,Nott'm Forest,3,2,H,8,4
2026-05-17,E0,Everton,Sunderland,1,3,A,4,3
2026-05-18,E0,Arsenal,Burnley,1,0,H,3,0
2026-05-19,E0,Bournemouth,Man City,1,1,D,2,5
2026-05-19,E0,Chelsea,Tottenham,2,1,H,4,3
2026-05-24,E0,Brighton,Man United,0,3,A,2,7
2026-05-24,E0,Burnley,Wolves,1,1,D,8,4
2026-05-24,E0,Crystal Palace,Arsenal,1,2,A,3,7
2026-05-24,E0,Fulham,Newcastle,2,0,H,6,2
2026-05-24,E0,Liverpool,Brentford,1,1,D,8,2
2026-05-24,E0,Man City,Aston Villa,1,2,A,3,5
2026-05-24,E0,Nott'm Forest,Bournemouth,1,1,D,5,4
2026-05-24,E0,Sunderland,Chelsea,2,1,H,2,1
2026-05-24,E0,Tottenham,Everton,1,0,H,6,3
2026-05-24,E0,West Ham,Leeds,3,0,H,9,3
